// Auto-generated embedded FNG binary data
#include <cstddef>
#include <cstdint>

namespace FEngRestorations
{
    extern const size_t g_HUD_CarShow_FNG_Size = 50212;
    extern const uint8_t g_HUD_CarShow_FNG[50212] = {
        0x46, 0x45, 0x6E, 0xE7, 0x1C, 0xC4, 0x00, 0x00, 0x50, 0x6B, 0x48, 0x64, 0x5C, 0x00, 0x00, 0x00,
        0x00, 0x00, 0x02, 0x00, 0x00, 0x00, 0x00, 0x00, 0x22, 0x00, 0x00, 0x00, 0x5C, 0x00, 0x00, 0x00,
        0x10, 0x00, 0x00, 0x00, 0x33, 0x00, 0x00, 0x00, 0x48, 0x55, 0x44, 0x5F, 0x43, 0x61, 0x72, 0x53,
        0x68, 0x6F, 0x77, 0x2E, 0x66, 0x6E, 0x67, 0x00, 0x46, 0x3A, 0x5C, 0x53, 0x70, 0x65, 0x65, 0x64,
        0x5C, 0x57, 0x6F, 0x72, 0x6C, 0x64, 0x5C, 0x47, 0x6C, 0x6F, 0x62, 0x61, 0x6C, 0x5C, 0x46, 0x45,
        0x6E, 0x67, 0x5F, 0x53, 0x63, 0x72, 0x65, 0x65, 0x6E, 0x73, 0x5C, 0x48, 0x55, 0x44, 0x5F, 0x43,
        0x61, 0x72, 0x53, 0x68, 0x6F, 0x77, 0x2E, 0x66, 0x6E, 0x67, 0x00, 0x00, 0x54, 0x79, 0x70, 0x53,
        0x18, 0x00, 0x00, 0x00, 0x01, 0x00, 0x00, 0x00, 0x54, 0x00, 0x00, 0x00, 0x05, 0x00, 0x00, 0x00,
        0x44, 0x00, 0x00, 0x00, 0x02, 0x00, 0x00, 0x00, 0x44, 0x00, 0x00, 0x00, 0x54, 0x4C, 0x73, 0xF4,
        0x2C, 0x03, 0x00, 0x00, 0x54, 0x79, 0x6E, 0x6F, 0x3C, 0x01, 0x00, 0x00, 0x54, 0x6E, 0x08, 0x00,
        0x49, 0x6D, 0x61, 0x67, 0x65, 0x00, 0x00, 0x00, 0x54, 0x69, 0x04, 0x00, 0x01, 0x00, 0x00, 0x00,
        0x54, 0x46, 0x00, 0x00, 0x46, 0x6E, 0x08, 0x00, 0x43, 0x6F, 0x6C, 0x6F, 0x72, 0x00, 0x00, 0x00,
        0x46, 0x73, 0x04, 0x00, 0x10, 0x00, 0x00, 0x00, 0x46, 0x64, 0x10, 0x00, 0xFF, 0x00, 0x00, 0x00,
        0xFF, 0x00, 0x00, 0x00, 0xFF, 0x00, 0x00, 0x00, 0xFF, 0x00, 0x00, 0x00, 0x54, 0x46, 0x00, 0x00,
        0x46, 0x6E, 0x08, 0x00, 0x50, 0x69, 0x76, 0x6F, 0x74, 0x00, 0x00, 0x00, 0x46, 0x73, 0x04, 0x00,
        0x0C, 0x00, 0x00, 0x00, 0x46, 0x64, 0x0C, 0x00, 0x00, 0x00, 0x00, 0x00, 0x00, 0x00, 0x00, 0x00,
        0x00, 0x00, 0x00, 0x00, 0x54, 0x46, 0x00, 0x00, 0x46, 0x6E, 0x0C, 0x00, 0x50, 0x6F, 0x73, 0x69,
        0x74, 0x69, 0x6F, 0x6E, 0x00, 0x00, 0x00, 0x00, 0x46, 0x73, 0x04, 0x00, 0x0C, 0x00, 0x00, 0x00,
        0x46, 0x64, 0x0C, 0x00, 0x00, 0x00, 0x00, 0x00, 0x00, 0x00, 0x00, 0x00, 0x00, 0x00, 0x00, 0x00,
        0x54, 0x46, 0x00, 0x00, 0x46, 0x6E, 0x0C, 0x00, 0x52, 0x6F, 0x74, 0x61, 0x74, 0x69, 0x6F, 0x6E,
        0x00, 0x00, 0x00, 0x00, 0x46, 0x73, 0x04, 0x00, 0x10, 0x00, 0x00, 0x00, 0x46, 0x64, 0x10, 0x00,
        0x00, 0x00, 0x00, 0x00, 0x00, 0x00, 0x00, 0x00, 0x00, 0x00, 0x00, 0x00, 0x00, 0x00, 0x80, 0x3F,
        0x54, 0x46, 0x00, 0x00, 0x46, 0x6E, 0x08, 0x00, 0x53, 0x69, 0x7A, 0x65, 0x00, 0x00, 0x00, 0x00,
        0x46, 0x73, 0x04, 0x00, 0x0C, 0x00, 0x00, 0x00, 0x46, 0x64, 0x0C, 0x00, 0x00, 0x00, 0x80, 0x3F,
        0x00, 0x00, 0x80, 0x3F, 0x00, 0x00, 0x80, 0x3F, 0x54, 0x46, 0x00, 0x00, 0x46, 0x6E, 0x0C, 0x00,
        0x55, 0x70, 0x70, 0x65, 0x72, 0x20, 0x4C, 0x65, 0x66, 0x74, 0x00, 0x00, 0x46, 0x73, 0x04, 0x00,
        0x08, 0x00, 0x00, 0x00, 0x46, 0x64, 0x08, 0x00, 0x00, 0x00, 0x00, 0x00, 0x00, 0x00, 0x00, 0x00,
        0x54, 0x46, 0x00, 0x00, 0x46, 0x6E, 0x0C, 0x00, 0x4C, 0x6F, 0x77, 0x65, 0x72, 0x20, 0x52, 0x69,
        0x67, 0x68, 0x74, 0x00, 0x46, 0x73, 0x04, 0x00, 0x08, 0x00, 0x00, 0x00, 0x46, 0x64, 0x08, 0x00,
        0x00, 0x00, 0x80, 0x3F, 0x00, 0x00, 0x80, 0x3F, 0x54, 0x79, 0x6E, 0x6F, 0xEC, 0x00, 0x00, 0x00,
        0x54, 0x6E, 0x08, 0x00, 0x47, 0x72, 0x6F, 0x75, 0x70, 0x00, 0x00, 0x00, 0x54, 0x69, 0x04, 0x00,
        0x05, 0x00, 0x00, 0x00, 0x54, 0x46, 0x00, 0x00, 0x46, 0x6E, 0x08, 0x00, 0x43, 0x6F, 0x6C, 0x6F,
        0x72, 0x00, 0x00, 0x00, 0x46, 0x73, 0x04, 0x00, 0x10, 0x00, 0x00, 0x00, 0x46, 0x64, 0x10, 0x00,
        0xFF, 0x00, 0x00, 0x00, 0xFF, 0x00, 0x00, 0x00, 0xFF, 0x00, 0x00, 0x00, 0xFF, 0x00, 0x00, 0x00,
        0x54, 0x46, 0x00, 0x00, 0x46, 0x6E, 0x08, 0x00, 0x50, 0x69, 0x76, 0x6F, 0x74, 0x00, 0x00, 0x00,
        0x46, 0x73, 0x04, 0x00, 0x0C, 0x00, 0x00, 0x00, 0x46, 0x64, 0x0C, 0x00, 0x00, 0x00, 0x00, 0x00,
        0x00, 0x00, 0x00, 0x00, 0x00, 0x00, 0x00, 0x00, 0x54, 0x46, 0x00, 0x00, 0x46, 0x6E, 0x0C, 0x00,
        0x50, 0x6F, 0x73, 0x69, 0x74, 0x69, 0x6F, 0x6E, 0x00, 0x00, 0x00, 0x00, 0x46, 0x73, 0x04, 0x00,
        0x0C, 0x00, 0x00, 0x00, 0x46, 0x64, 0x0C, 0x00, 0x00, 0x00, 0x00, 0x00, 0x00, 0x00, 0x00, 0x00,
        0x00, 0x00, 0x00, 0x00, 0x54, 0x46, 0x00, 0x00, 0x46, 0x6E, 0x0C, 0x00, 0x52, 0x6F, 0x74, 0x61,
        0x74, 0x69, 0x6F, 0x6E, 0x00, 0x00, 0x00, 0x00, 0x46, 0x73, 0x04, 0x00, 0x10, 0x00, 0x00, 0x00,
        0x46, 0x64, 0x10, 0x00, 0x00, 0x00, 0x00, 0x00, 0x00, 0x00, 0x00, 0x00, 0x00, 0x00, 0x00, 0x00,
        0x00, 0x00, 0x80, 0x3F, 0x54, 0x46, 0x00, 0x00, 0x46, 0x6E, 0x08, 0x00, 0x53, 0x69, 0x7A, 0x65,
        0x00, 0x00, 0x00, 0x00, 0x46, 0x73, 0x04, 0x00, 0x0C, 0x00, 0x00, 0x00, 0x46, 0x64, 0x0C, 0x00,
        0x00, 0x00, 0x80, 0x3F, 0x00, 0x00, 0x80, 0x3F, 0x00, 0x00, 0x80, 0x3F, 0x54, 0x79, 0x6E, 0x6F,
        0xEC, 0x00, 0x00, 0x00, 0x54, 0x6E, 0x08, 0x00, 0x53, 0x74, 0x72, 0x69, 0x6E, 0x67, 0x00, 0x00,
        0x54, 0x69, 0x04, 0x00, 0x02, 0x00, 0x00, 0x00, 0x54, 0x46, 0x00, 0x00, 0x46, 0x6E, 0x08, 0x00,
        0x43, 0x6F, 0x6C, 0x6F, 0x72, 0x00, 0x00, 0x00, 0x46, 0x73, 0x04, 0x00, 0x10, 0x00, 0x00, 0x00,
        0x46, 0x64, 0x10, 0x00, 0xFF, 0x00, 0x00, 0x00, 0xFF, 0x00, 0x00, 0x00, 0xFF, 0x00, 0x00, 0x00,
        0xFF, 0x00, 0x00, 0x00, 0x54, 0x46, 0x00, 0x00, 0x46, 0x6E, 0x08, 0x00, 0x50, 0x69, 0x76, 0x6F,
        0x74, 0x00, 0x00, 0x00, 0x46, 0x73, 0x04, 0x00, 0x0C, 0x00, 0x00, 0x00, 0x46, 0x64, 0x0C, 0x00,
        0x00, 0x00, 0x00, 0x00, 0x00, 0x00, 0x00, 0x00, 0x00, 0x00, 0x00, 0x00, 0x54, 0x46, 0x00, 0x00,
        0x46, 0x6E, 0x0C, 0x00, 0x50, 0x6F, 0x73, 0x69, 0x74, 0x69, 0x6F, 0x6E, 0x00, 0x00, 0x00, 0x00,
        0x46, 0x73, 0x04, 0x00, 0x0C, 0x00, 0x00, 0x00, 0x46, 0x64, 0x0C, 0x00, 0x00, 0x00, 0x00, 0x00,
        0x00, 0x00, 0x00, 0x00, 0x00, 0x00, 0x00, 0x00, 0x54, 0x46, 0x00, 0x00, 0x46, 0x6E, 0x0C, 0x00,
        0x52, 0x6F, 0x74, 0x61, 0x74, 0x69, 0x6F, 0x6E, 0x00, 0x00, 0x00, 0x00, 0x46, 0x73, 0x04, 0x00,
        0x10, 0x00, 0x00, 0x00, 0x46, 0x64, 0x10, 0x00, 0x00, 0x00, 0x00, 0x00, 0x00, 0x00, 0x00, 0x00,
        0x00, 0x00, 0x00, 0x00, 0x00, 0x00, 0x80, 0x3F, 0x54, 0x46, 0x00, 0x00, 0x46, 0x6E, 0x08, 0x00,
        0x53, 0x69, 0x7A, 0x65, 0x00, 0x00, 0x00, 0x00, 0x46, 0x73, 0x04, 0x00, 0x0C, 0x00, 0x00, 0x00,
        0x46, 0x64, 0x0C, 0x00, 0x00, 0x00, 0x80, 0x3F, 0x00, 0x00, 0x80, 0x3F, 0x00, 0x00, 0x80, 0x3F,
        0x52, 0x65, 0x73, 0xCC, 0x98, 0x0C, 0x00, 0x00, 0x52, 0x73, 0x4E, 0x6D, 0x54, 0x09, 0x00, 0x00,
        0x5C, 0x53, 0x70, 0x65, 0x65, 0x64, 0x5C, 0x57, 0x6F, 0x72, 0x6C, 0x64, 0x5C, 0x47, 0x6C, 0x6F,
        0x62, 0x61, 0x6C, 0x5C, 0x41, 0x72, 0x74, 0x5C, 0x46, 0x72, 0x6F, 0x6E, 0x74, 0x65, 0x6E, 0x64,
        0x54, 0x65, 0x78, 0x74, 0x75, 0x72, 0x65, 0x73, 0x5C, 0x57, 0x68, 0x69, 0x74, 0x65, 0x31, 0x36,
        0x78, 0x31, 0x36, 0x2E, 0x62, 0x6D, 0x70, 0x00, 0x5C, 0x53, 0x70, 0x65, 0x65, 0x64, 0x5C, 0x57,
        0x6F, 0x72, 0x6C, 0x64, 0x5C, 0x47, 0x6C, 0x6F, 0x62, 0x61, 0x6C, 0x5C, 0x41, 0x72, 0x74, 0x5C,
        0x49, 0x6E, 0x47, 0x61, 0x6D, 0x65, 0x54, 0x65, 0x78, 0x74, 0x75, 0x72, 0x65, 0x73, 0x5C, 0x4D,
        0x69, 0x6E, 0x69, 0x6D, 0x61, 0x70, 0x5F, 0x4E, 0x6F, 0x72, 0x74, 0x68, 0x5F, 0x69, 0x6E, 0x64,
        0x69, 0x63, 0x61, 0x74, 0x6F, 0x72, 0x2E, 0x74, 0x67, 0x61, 0x00, 0x5C, 0x53, 0x70, 0x65, 0x65,
        0x64, 0x5C, 0x57, 0x6F, 0x72, 0x6C, 0x64, 0x5C, 0x47, 0x6C, 0x6F, 0x62, 0x61, 0x6C, 0x5C, 0x41,
        0x72, 0x74, 0x5C, 0x49, 0x6E, 0x47, 0x61, 0x6D, 0x65, 0x54, 0x65, 0x78, 0x74, 0x75, 0x72, 0x65,
        0x73, 0x5C, 0x4D, 0x69, 0x6E, 0x69, 0x6D, 0x61, 0x70, 0x5F, 0x49, 0x63, 0x6F, 0x6E, 0x5F, 0x53,
        0x61, 0x66, 0x65, 0x5F, 0x48, 0x6F, 0x75, 0x73, 0x65, 0x2E, 0x74, 0x67, 0x61, 0x00, 0x5C, 0x53,
        0x70, 0x65, 0x65, 0x64, 0x5C, 0x57, 0x6F, 0x72, 0x6C, 0x64, 0x5C, 0x47, 0x6C, 0x6F, 0x62, 0x61,
        0x6C, 0x5C, 0x41, 0x72, 0x74, 0x5C, 0x49, 0x6E, 0x47, 0x61, 0x6D, 0x65, 0x54, 0x65, 0x78, 0x74,
        0x75, 0x72, 0x65, 0x73, 0x5C, 0x4D, 0x69, 0x6E, 0x69, 0x6D, 0x61, 0x70, 0x5F, 0x49, 0x63, 0x6F,
        0x6E, 0x5F, 0x53, 0x74, 0x61, 0x72, 0x74, 0x5F, 0x4C, 0x69, 0x6E, 0x65, 0x2E, 0x74, 0x67, 0x61,
        0x00, 0x5C, 0x53, 0x70, 0x65, 0x65, 0x64, 0x5C, 0x57, 0x6F, 0x72, 0x6C, 0x64, 0x5C, 0x47, 0x6C,
        0x6F, 0x62, 0x61, 0x6C, 0x5C, 0x41, 0x72, 0x74, 0x5C, 0x49, 0x6E, 0x47, 0x61, 0x6D, 0x65, 0x54,
        0x65, 0x78, 0x74, 0x75, 0x72, 0x65, 0x73, 0x5C, 0x4D, 0x69, 0x6E, 0x69, 0x6D, 0x61, 0x70, 0x5F,
        0x49, 0x63, 0x6F, 0x6E, 0x5F, 0x53, 0x70, 0x65, 0x65, 0x64, 0x5F, 0x54, 0x72, 0x61, 0x70, 0x2E,
        0x74, 0x67, 0x61, 0x00, 0x5C, 0x53, 0x70, 0x65, 0x65, 0x64, 0x5C, 0x57, 0x6F, 0x72, 0x6C, 0x64,
        0x5C, 0x47, 0x6C, 0x6F, 0x62, 0x61, 0x6C, 0x5C, 0x41, 0x72, 0x74, 0x5C, 0x49, 0x6E, 0x47, 0x61,
        0x6D, 0x65, 0x54, 0x65, 0x78, 0x74, 0x75, 0x72, 0x65, 0x73, 0x5C, 0x4D, 0x69, 0x6E, 0x69, 0x6D,
        0x61, 0x70, 0x5F, 0x49, 0x63, 0x6F, 0x6E, 0x5F, 0x54, 0x69, 0x6D, 0x65, 0x5F, 0x54, 0x72, 0x69,
        0x61, 0x6C, 0x2E, 0x74, 0x67, 0x61, 0x00, 0x5C, 0x53, 0x70, 0x65, 0x65, 0x64, 0x5C, 0x57, 0x6F,
        0x72, 0x6C, 0x64, 0x5C, 0x47, 0x6C, 0x6F, 0x62, 0x61, 0x6C, 0x5C, 0x41, 0x72, 0x74, 0x5C, 0x49,
        0x6E, 0x47, 0x61, 0x6D, 0x65, 0x54, 0x65, 0x78, 0x74, 0x75, 0x72, 0x65, 0x73, 0x5C, 0x4D, 0x69,
        0x6E, 0x69, 0x6D, 0x61, 0x70, 0x5F, 0x49, 0x63, 0x6F, 0x6E, 0x5F, 0x70, 0x6F, 0x69, 0x6E, 0x74,
        0x5F, 0x74, 0x6F, 0x5F, 0x70, 0x6F, 0x69, 0x6E, 0x74, 0x2E, 0x74, 0x67, 0x61, 0x00, 0x5C, 0x53,
        0x70, 0x65, 0x65, 0x64, 0x5C, 0x57, 0x6F, 0x72, 0x6C, 0x64, 0x5C, 0x47, 0x6C, 0x6F, 0x62, 0x61,
        0x6C, 0x5C, 0x41, 0x72, 0x74, 0x5C, 0x49, 0x6E, 0x47, 0x61, 0x6D, 0x65, 0x54, 0x65, 0x78, 0x74,
        0x75, 0x72, 0x65, 0x73, 0x5C, 0x4D, 0x69, 0x6E, 0x69, 0x6D, 0x61, 0x70, 0x5F, 0x49, 0x63, 0x6F,
        0x6E, 0x5F, 0x48, 0x65, 0x61, 0x64, 0x6C, 0x69, 0x6E, 0x65, 0x2E, 0x74, 0x67, 0x61, 0x00, 0x5C,
        0x53, 0x70, 0x65, 0x65, 0x64, 0x5C, 0x57, 0x6F, 0x72, 0x6C, 0x64, 0x5C, 0x47, 0x6C, 0x6F, 0x62,
        0x61, 0x6C, 0x5C, 0x41, 0x72, 0x74, 0x5C, 0x49, 0x6E, 0x47, 0x61, 0x6D, 0x65, 0x54, 0x65, 0x78,
        0x74, 0x75, 0x72, 0x65, 0x73, 0x5C, 0x4D, 0x69, 0x6E, 0x69, 0x6D, 0x61, 0x70, 0x5F, 0x49, 0x63,
        0x6F, 0x6E, 0x5F, 0x43, 0x69, 0x72, 0x63, 0x75, 0x69, 0x74, 0x2E, 0x74, 0x67, 0x61, 0x00, 0x5C,
        0x53, 0x70, 0x65, 0x65, 0x64, 0x5C, 0x57, 0x6F, 0x72, 0x6C, 0x64, 0x5C, 0x47, 0x6C, 0x6F, 0x62,
        0x61, 0x6C, 0x5C, 0x41, 0x72, 0x74, 0x5C, 0x49, 0x6E, 0x47, 0x61, 0x6D, 0x65, 0x54, 0x65, 0x78,
        0x74, 0x75, 0x72, 0x65, 0x73, 0x5C, 0x4D, 0x69, 0x6E, 0x69, 0x6D, 0x61, 0x70, 0x5F, 0x49, 0x63,
        0x6F, 0x6E, 0x5F, 0x43, 0x6F, 0x70, 0x5F, 0x73, 0x74, 0x61, 0x72, 0x2E, 0x74, 0x67, 0x61, 0x00,
        0x5C, 0x53, 0x70, 0x65, 0x65, 0x64, 0x5C, 0x57, 0x6F, 0x72, 0x6C, 0x64, 0x5C, 0x47, 0x6C, 0x6F,
        0x62, 0x61, 0x6C, 0x5C, 0x41, 0x72, 0x74, 0x5C, 0x49, 0x6E, 0x47, 0x61, 0x6D, 0x65, 0x54, 0x65,
        0x78, 0x74, 0x75, 0x72, 0x65, 0x73, 0x5C, 0x4D, 0x69, 0x6E, 0x69, 0x6D, 0x61, 0x70, 0x5F, 0x49,
        0x63, 0x6F, 0x6E, 0x5F, 0x43, 0x61, 0x72, 0x2E, 0x74, 0x67, 0x61, 0x00, 0x5C, 0x53, 0x70, 0x65,
        0x65, 0x64, 0x5C, 0x57, 0x6F, 0x72, 0x6C, 0x64, 0x5C, 0x47, 0x6C, 0x6F, 0x62, 0x61, 0x6C, 0x5C,
        0x41, 0x72, 0x74, 0x5C, 0x49, 0x6E, 0x47, 0x61, 0x6D, 0x65, 0x54, 0x65, 0x78, 0x74, 0x75, 0x72,
        0x65, 0x73, 0x5C, 0x4D, 0x69, 0x6E, 0x69, 0x6D, 0x61, 0x70, 0x5F, 0x4D, 0x61, 0x73, 0x6B, 0x2E,
        0x74, 0x67, 0x61, 0x00, 0x5C, 0x53, 0x70, 0x65, 0x65, 0x64, 0x5C, 0x57, 0x6F, 0x72, 0x6C, 0x64,
        0x5C, 0x47, 0x6C, 0x6F, 0x62, 0x61, 0x6C, 0x5C, 0x41, 0x72, 0x74, 0x5C, 0x49, 0x6E, 0x47, 0x61,
        0x6D, 0x65, 0x54, 0x65, 0x78, 0x74, 0x75, 0x72, 0x65, 0x73, 0x5C, 0x4D, 0x69, 0x6E, 0x69, 0x6D,
        0x61, 0x70, 0x5F, 0x42, 0x6F, 0x72, 0x64, 0x65, 0x72, 0x2E, 0x74, 0x67, 0x61, 0x00, 0x5C, 0x53,
        0x70, 0x65, 0x65, 0x64, 0x5C, 0x57, 0x6F, 0x72, 0x6C, 0x64, 0x5C, 0x47, 0x6C, 0x6F, 0x62, 0x61,
        0x6C, 0x5C, 0x46, 0x6F, 0x6E, 0x74, 0x73, 0x5C, 0x46, 0x6F, 0x6E, 0x74, 0x5F, 0x43, 0x6F, 0x6E,
        0x64, 0x75, 0x69, 0x74, 0x4D, 0x64, 0x49, 0x54, 0x43, 0x54, 0x54, 0x33, 0x38, 0x62, 0x69, 0x2E,
        0x66, 0x66, 0x6E, 0x00, 0x5C, 0x53, 0x70, 0x65, 0x65, 0x64, 0x5C, 0x57, 0x6F, 0x72, 0x6C, 0x64,
        0x5C, 0x47, 0x6C, 0x6F, 0x62, 0x61, 0x6C, 0x5C, 0x41, 0x72, 0x74, 0x5C, 0x49, 0x6E, 0x47, 0x61,
        0x6D, 0x65, 0x54, 0x65, 0x78, 0x74, 0x75, 0x72, 0x65, 0x73, 0x5C, 0x41, 0x72, 0x72, 0x6F, 0x77,
        0x5F, 0x48, 0x61, 0x72, 0x64, 0x5F, 0x54, 0x75, 0x72, 0x6E, 0x2E, 0x74, 0x67, 0x61, 0x00, 0x5C,
        0x53, 0x70, 0x65, 0x65, 0x64, 0x5C, 0x57, 0x6F, 0x72, 0x6C, 0x64, 0x5C, 0x47, 0x6C, 0x6F, 0x62,
        0x61, 0x6C, 0x5C, 0x41, 0x72, 0x74, 0x5C, 0x49, 0x6E, 0x47, 0x61, 0x6D, 0x65, 0x54, 0x65, 0x78,
        0x74, 0x75, 0x72, 0x65, 0x73, 0x5C, 0x48, 0x55, 0x44, 0x5F, 0x53, 0x69, 0x6E, 0x67, 0x6C, 0x65,
        0x52, 0x61, 0x63, 0x65, 0x5C, 0x33, 0x72, 0x64, 0x70, 0x65, 0x72, 0x73, 0x6F, 0x6E, 0x5F, 0x42,
        0x6F, 0x78, 0x43, 0x6F, 0x72, 0x6E, 0x65, 0x72, 0x2E, 0x74, 0x67, 0x61, 0x00, 0x5C, 0x53, 0x70,
        0x65, 0x65, 0x64, 0x5C, 0x57, 0x6F, 0x72, 0x6C, 0x64, 0x5C, 0x47, 0x6C, 0x6F, 0x62, 0x61, 0x6C,
        0x5C, 0x41, 0x72, 0x74, 0x5C, 0x49, 0x6E, 0x47, 0x61, 0x6D, 0x65, 0x54, 0x65, 0x78, 0x74, 0x75,
        0x72, 0x65, 0x73, 0x5C, 0x48, 0x55, 0x44, 0x5F, 0x53, 0x69, 0x6E, 0x67, 0x6C, 0x65, 0x52, 0x61,
        0x63, 0x65, 0x5C, 0x33, 0x72, 0x64, 0x70, 0x65, 0x72, 0x73, 0x6F, 0x6E, 0x5F, 0x42, 0x6F, 0x78,
        0x4C, 0x61, 0x70, 0x73, 0x2E, 0x74, 0x67, 0x61, 0x00, 0x5C, 0x53, 0x70, 0x65, 0x65, 0x64, 0x5C,
        0x57, 0x6F, 0x72, 0x6C, 0x64, 0x5C, 0x47, 0x6C, 0x6F, 0x62, 0x61, 0x6C, 0x5C, 0x46, 0x6F, 0x6E,
        0x74, 0x73, 0x5C, 0x43, 0x6F, 0x6E, 0x64, 0x75, 0x69, 0x74, 0x4D, 0x64, 0x49, 0x54, 0x43, 0x5F,
        0x54, 0x54, 0x31, 0x34, 0x69, 0x2E, 0x66, 0x66, 0x6E, 0x00, 0x5C, 0x53, 0x70, 0x65, 0x65, 0x64,
        0x5C, 0x57, 0x6F, 0x72, 0x6C, 0x64, 0x5C, 0x47, 0x6C, 0x6F, 0x62, 0x61, 0x6C, 0x5C, 0x41, 0x72,
        0x74, 0x5C, 0x49, 0x6E, 0x47, 0x61, 0x6D, 0x65, 0x54, 0x65, 0x78, 0x74, 0x75, 0x72, 0x65, 0x73,
        0x5C, 0x48, 0x55, 0x44, 0x5F, 0x53, 0x69, 0x6E, 0x67, 0x6C, 0x65, 0x52, 0x61, 0x63, 0x65, 0x5C,
        0x44, 0x72, 0x69, 0x66, 0x74, 0x5F, 0x53, 0x74, 0x79, 0x6C, 0x65, 0x5F, 0x50, 0x6F, 0x69, 0x6E,
        0x74, 0x73, 0x5F, 0x42, 0x61, 0x63, 0x6B, 0x69, 0x6E, 0x67, 0x2E, 0x74, 0x67, 0x61, 0x00, 0x5C,
        0x53, 0x70, 0x65, 0x65, 0x64, 0x5C, 0x57, 0x6F, 0x72, 0x6C, 0x64, 0x5C, 0x47, 0x6C, 0x6F, 0x62,
        0x61, 0x6C, 0x5C, 0x41, 0x72, 0x74, 0x5C, 0x49, 0x6E, 0x47, 0x61, 0x6D, 0x65, 0x54, 0x65, 0x78,
        0x74, 0x75, 0x72, 0x65, 0x73, 0x5C, 0x48, 0x55, 0x44, 0x5F, 0x53, 0x69, 0x6E, 0x67, 0x6C, 0x65,
        0x52, 0x61, 0x63, 0x65, 0x5C, 0x69, 0x63, 0x6F, 0x6E, 0x5F, 0x57, 0x72, 0x6F, 0x6E, 0x67, 0x77,
        0x61, 0x79, 0x2E, 0x74, 0x67, 0x61, 0x00, 0x5C, 0x53, 0x70, 0x65, 0x65, 0x64, 0x5C, 0x57, 0x6F,
        0x72, 0x6C, 0x64, 0x5C, 0x47, 0x6C, 0x6F, 0x62, 0x61, 0x6C, 0x5C, 0x41, 0x72, 0x74, 0x5C, 0x49,
        0x6E, 0x47, 0x61, 0x6D, 0x65, 0x54, 0x65, 0x78, 0x74, 0x75, 0x72, 0x65, 0x73, 0x5C, 0x48, 0x55,
        0x44, 0x5F, 0x53, 0x69, 0x6E, 0x67, 0x6C, 0x65, 0x52, 0x61, 0x63, 0x65, 0x5C, 0x33, 0x72, 0x64,
        0x70, 0x65, 0x72, 0x73, 0x6F, 0x6E, 0x5F, 0x42, 0x6F, 0x78, 0x54, 0x69, 0x6D, 0x65, 0x2E, 0x74,
        0x67, 0x61, 0x00, 0x5C, 0x53, 0x70, 0x65, 0x65, 0x64, 0x5C, 0x57, 0x6F, 0x72, 0x6C, 0x64, 0x5C,
        0x47, 0x6C, 0x6F, 0x62, 0x61, 0x6C, 0x5C, 0x41, 0x72, 0x74, 0x5C, 0x49, 0x6E, 0x47, 0x61, 0x6D,
        0x65, 0x54, 0x65, 0x78, 0x74, 0x75, 0x72, 0x65, 0x73, 0x5C, 0x48, 0x55, 0x44, 0x5F, 0x53, 0x69,
        0x6E, 0x67, 0x6C, 0x65, 0x52, 0x61, 0x63, 0x65, 0x5C, 0x33, 0x72, 0x64, 0x70, 0x65, 0x72, 0x73,
        0x6F, 0x6E, 0x5F, 0x72, 0x65, 0x64, 0x6C, 0x69, 0x6E, 0x65, 0x2E, 0x74, 0x67, 0x61, 0x00, 0x5C,
        0x53, 0x70, 0x65, 0x65, 0x64, 0x5C, 0x57, 0x6F, 0x72, 0x6C, 0x64, 0x5C, 0x47, 0x6C, 0x6F, 0x62,
        0x61, 0x6C, 0x5C, 0x41, 0x72, 0x74, 0x5C, 0x49, 0x6E, 0x47, 0x61, 0x6D, 0x65, 0x54, 0x65, 0x78,
        0x74, 0x75, 0x72, 0x65, 0x73, 0x5C, 0x48, 0x55, 0x44, 0x5F, 0x53, 0x69, 0x6E, 0x67, 0x6C, 0x65,
        0x52, 0x61, 0x63, 0x65, 0x5C, 0x33, 0x72, 0x64, 0x70, 0x65, 0x72, 0x73, 0x6F, 0x6E, 0x5F, 0x72,
        0x70, 0x6D, 0x64, 0x69, 0x61, 0x6C, 0x2E, 0x74, 0x67, 0x61, 0x00, 0x5C, 0x53, 0x70, 0x65, 0x65,
        0x64, 0x5C, 0x57, 0x6F, 0x72, 0x6C, 0x64, 0x5C, 0x47, 0x6C, 0x6F, 0x62, 0x61, 0x6C, 0x5C, 0x41,
        0x72, 0x74, 0x5C, 0x49, 0x6E, 0x47, 0x61, 0x6D, 0x65, 0x54, 0x65, 0x78, 0x74, 0x75, 0x72, 0x65,
        0x73, 0x5C, 0x48, 0x55, 0x44, 0x5F, 0x53, 0x69, 0x6E, 0x67, 0x6C, 0x65, 0x52, 0x61, 0x63, 0x65,
        0x5C, 0x33, 0x72, 0x64, 0x70, 0x65, 0x72, 0x73, 0x6F, 0x6E, 0x5F, 0x54, 0x75, 0x72, 0x62, 0x6F,
        0x66, 0x69, 0x6C, 0x6C, 0x2E, 0x74, 0x67, 0x61, 0x00, 0x5C, 0x53, 0x70, 0x65, 0x65, 0x64, 0x5C,
        0x57, 0x6F, 0x72, 0x6C, 0x64, 0x5C, 0x47, 0x6C, 0x6F, 0x62, 0x61, 0x6C, 0x5C, 0x41, 0x72, 0x74,
        0x5C, 0x49, 0x6E, 0x47, 0x61, 0x6D, 0x65, 0x54, 0x65, 0x78, 0x74, 0x75, 0x72, 0x65, 0x73, 0x5C,
        0x48, 0x55, 0x44, 0x5F, 0x53, 0x69, 0x6E, 0x67, 0x6C, 0x65, 0x52, 0x61, 0x63, 0x65, 0x5C, 0x33,
        0x72, 0x64, 0x70, 0x65, 0x72, 0x73, 0x6F, 0x6E, 0x5F, 0x54, 0x75, 0x72, 0x62, 0x6F, 0x6C, 0x69,
        0x6E, 0x65, 0x73, 0x2E, 0x74, 0x67, 0x61, 0x00, 0x5C, 0x53, 0x70, 0x65, 0x65, 0x64, 0x5C, 0x57,
        0x6F, 0x72, 0x6C, 0x64, 0x5C, 0x47, 0x6C, 0x6F, 0x62, 0x61, 0x6C, 0x5C, 0x41, 0x72, 0x74, 0x5C,
        0x49, 0x6E, 0x47, 0x61, 0x6D, 0x65, 0x54, 0x65, 0x78, 0x74, 0x75, 0x72, 0x65, 0x73, 0x5C, 0x48,
        0x55, 0x44, 0x5F, 0x53, 0x69, 0x6E, 0x67, 0x6C, 0x65, 0x52, 0x61, 0x63, 0x65, 0x5C, 0x33, 0x72,
        0x64, 0x70, 0x65, 0x72, 0x73, 0x6F, 0x6E, 0x5F, 0x54, 0x75, 0x72, 0x62, 0x6F, 0x52, 0x65, 0x64,
        0x5F, 0x31, 0x2E, 0x74, 0x67, 0x61, 0x00, 0x5C, 0x53, 0x70, 0x65, 0x65, 0x64, 0x5C, 0x57, 0x6F,
        0x72, 0x6C, 0x64, 0x5C, 0x47, 0x6C, 0x6F, 0x62, 0x61, 0x6C, 0x5C, 0x41, 0x72, 0x74, 0x5C, 0x49,
        0x6E, 0x47, 0x61, 0x6D, 0x65, 0x54, 0x65, 0x78, 0x74, 0x75, 0x72, 0x65, 0x73, 0x5C, 0x48, 0x55,
        0x44, 0x5F, 0x53, 0x69, 0x6E, 0x67, 0x6C, 0x65, 0x52, 0x61, 0x63, 0x65, 0x5C, 0x33, 0x72, 0x64,
        0x70, 0x65, 0x72, 0x73, 0x6F, 0x6E, 0x5F, 0x54, 0x75, 0x72, 0x62, 0x6F, 0x44, 0x69, 0x61, 0x6C,
        0x2E, 0x74, 0x67, 0x61, 0x00, 0x5C, 0x53, 0x70, 0x65, 0x65, 0x64, 0x5C, 0x57, 0x6F, 0x72, 0x6C,
        0x64, 0x5C, 0x47, 0x6C, 0x6F, 0x62, 0x61, 0x6C, 0x5C, 0x41, 0x72, 0x74, 0x5C, 0x49, 0x6E, 0x47,
        0x61, 0x6D, 0x65, 0x54, 0x65, 0x78, 0x74, 0x75, 0x72, 0x65, 0x73, 0x5C, 0x48, 0x55, 0x44, 0x5F,
        0x53, 0x69, 0x6E, 0x67, 0x6C, 0x65, 0x52, 0x61, 0x63, 0x65, 0x5C, 0x33, 0x72, 0x64, 0x70, 0x65,
        0x72, 0x73, 0x6F, 0x6E, 0x5F, 0x54, 0x75, 0x72, 0x62, 0x6F, 0x66, 0x69, 0x6C, 0x6C, 0x5F, 0x57,
        0x68, 0x69, 0x74, 0x65, 0x52, 0x69, 0x6E, 0x67, 0x2E, 0x74, 0x67, 0x61, 0x00, 0x5C, 0x53, 0x70,
        0x65, 0x65, 0x64, 0x5C, 0x57, 0x6F, 0x72, 0x6C, 0x64, 0x5C, 0x47, 0x6C, 0x6F, 0x62, 0x61, 0x6C,
        0x5C, 0x41, 0x72, 0x74, 0x5C, 0x49, 0x6E, 0x47, 0x61, 0x6D, 0x65, 0x54, 0x65, 0x78, 0x74, 0x75,
        0x72, 0x65, 0x73, 0x5C, 0x48, 0x55, 0x44, 0x5F, 0x53, 0x69, 0x6E, 0x67, 0x6C, 0x65, 0x52, 0x61,
        0x63, 0x65, 0x5C, 0x44, 0x72, 0x69, 0x66, 0x74, 0x5F, 0x41, 0x6E, 0x67, 0x6C, 0x65, 0x5F, 0x42,
        0x61, 0x63, 0x6B, 0x69, 0x6E, 0x67, 0x32, 0x2E, 0x74, 0x67, 0x61, 0x00, 0x5C, 0x53, 0x70, 0x65,
        0x65, 0x64, 0x5C, 0x57, 0x6F, 0x72, 0x6C, 0x64, 0x5C, 0x47, 0x6C, 0x6F, 0x62, 0x61, 0x6C, 0x5C,
        0x41, 0x72, 0x74, 0x5C, 0x49, 0x6E, 0x47, 0x61, 0x6D, 0x65, 0x54, 0x65, 0x78, 0x74, 0x75, 0x72,
        0x65, 0x73, 0x5C, 0x48, 0x55, 0x44, 0x5F, 0x53, 0x69, 0x6E, 0x67, 0x6C, 0x65, 0x52, 0x61, 0x63,
        0x65, 0x5C, 0x33, 0x72, 0x64, 0x70, 0x65, 0x72, 0x73, 0x6F, 0x6E, 0x5F, 0x54, 0x75, 0x72, 0x62,
        0x6F, 0x6C, 0x69, 0x67, 0x68, 0x74, 0x2E, 0x74, 0x67, 0x61, 0x00, 0x5C, 0x53, 0x70, 0x65, 0x65,
        0x64, 0x5C, 0x57, 0x6F, 0x72, 0x6C, 0x64, 0x5C, 0x47, 0x6C, 0x6F, 0x62, 0x61, 0x6C, 0x5C, 0x41,
        0x72, 0x74, 0x5C, 0x49, 0x6E, 0x47, 0x61, 0x6D, 0x65, 0x54, 0x65, 0x78, 0x74, 0x75, 0x72, 0x65,
        0x73, 0x5C, 0x48, 0x55, 0x44, 0x5F, 0x53, 0x69, 0x6E, 0x67, 0x6C, 0x65, 0x52, 0x61, 0x63, 0x65,
        0x5C, 0x53, 0x68, 0x69, 0x66, 0x74, 0x5F, 0x55, 0x70, 0x5F, 0x49, 0x63, 0x6F, 0x6E, 0x2E, 0x74,
        0x67, 0x61, 0x00, 0x5C, 0x53, 0x70, 0x65, 0x65, 0x64, 0x5C, 0x57, 0x6F, 0x72, 0x6C, 0x64, 0x5C,
        0x47, 0x6C, 0x6F, 0x62, 0x61, 0x6C, 0x5C, 0x41, 0x72, 0x74, 0x5C, 0x49, 0x6E, 0x47, 0x61, 0x6D,
        0x65, 0x54, 0x65, 0x78, 0x74, 0x75, 0x72, 0x65, 0x73, 0x5C, 0x48, 0x55, 0x44, 0x5F, 0x53, 0x69,
        0x6E, 0x67, 0x6C, 0x65, 0x52, 0x61, 0x63, 0x65, 0x5C, 0x33, 0x72, 0x64, 0x70, 0x65, 0x72, 0x73,
        0x6F, 0x6E, 0x5F, 0x38, 0x35, 0x30, 0x30, 0x6C, 0x69, 0x6E, 0x65, 0x73, 0x2E, 0x74, 0x67, 0x61,
        0x00, 0x5C, 0x53, 0x70, 0x65, 0x65, 0x64, 0x5C, 0x57, 0x6F, 0x72, 0x6C, 0x64, 0x5C, 0x47, 0x6C,
        0x6F, 0x62, 0x61, 0x6C, 0x5C, 0x41, 0x72, 0x74, 0x5C, 0x49, 0x6E, 0x47, 0x61, 0x6D, 0x65, 0x54,
        0x65, 0x78, 0x74, 0x75, 0x72, 0x65, 0x73, 0x5C, 0x48, 0x55, 0x44, 0x5F, 0x53, 0x69, 0x6E, 0x67,
        0x6C, 0x65, 0x52, 0x61, 0x63, 0x65, 0x5C, 0x54, 0x61, 0x63, 0x68, 0x5F, 0x46, 0x69, 0x6C, 0x6C,
        0x5F, 0x57, 0x68, 0x69, 0x74, 0x65, 0x52, 0x69, 0x6E, 0x67, 0x2E, 0x74, 0x67, 0x61, 0x00, 0x5C,
        0x53, 0x70, 0x65, 0x65, 0x64, 0x5C, 0x57, 0x6F, 0x72, 0x6C, 0x64, 0x5C, 0x47, 0x6C, 0x6F, 0x62,
        0x61, 0x6C, 0x5C, 0x41, 0x72, 0x74, 0x5C, 0x49, 0x6E, 0x47, 0x61, 0x6D, 0x65, 0x54, 0x65, 0x78,
        0x74, 0x75, 0x72, 0x65, 0x73, 0x5C, 0x48, 0x55, 0x44, 0x5F, 0x53, 0x69, 0x6E, 0x67, 0x6C, 0x65,
        0x52, 0x61, 0x63, 0x65, 0x5C, 0x54, 0x61, 0x63, 0x68, 0x5F, 0x4E, 0x4F, 0x53, 0x2E, 0x74, 0x67,
        0x61, 0x00, 0x00, 0x00, 0x52, 0x73, 0x52, 0x71, 0x34, 0x03, 0x00, 0x00, 0x22, 0x00, 0x00, 0x00,
        0xB0, 0xB4, 0x58, 0x46, 0x00, 0x00, 0x00, 0x00, 0x01, 0x00, 0x00, 0x00, 0x00, 0x00, 0x00, 0x00,
        0x00, 0x00, 0x00, 0x00, 0x00, 0x00, 0x00, 0x00, 0xE8, 0x4E, 0x94, 0x92, 0x38, 0x00, 0x00, 0x00,
        0x01, 0x00, 0x00, 0x00, 0x00, 0x00, 0x00, 0x00, 0x00, 0x00, 0x00, 0x00, 0x00, 0x00, 0x00, 0x00,
        0xAB, 0xC6, 0xFF, 0x3A, 0x7B, 0x00, 0x00, 0x00, 0x01, 0x00, 0x00, 0x00, 0x00, 0x00, 0x00, 0x00,
        0x00, 0x00, 0x00, 0x00, 0x00, 0x00, 0x00, 0x00, 0x7E, 0xA4, 0x91, 0xCE, 0xBE, 0x00, 0x00, 0x00,
        0x01, 0x00, 0x00, 0x00, 0x00, 0x00, 0x00, 0x00, 0x00, 0x00, 0x00, 0x00, 0x00, 0x00, 0x00, 0x00,
        0xD0, 0x74, 0xD3, 0x47, 0x01, 0x01, 0x00, 0x00, 0x01, 0x00, 0x00, 0x00, 0x00, 0x00, 0x00, 0x00,
        0x00, 0x00, 0x00, 0x00, 0x00, 0x00, 0x00, 0x00, 0xD3, 0x9B, 0x41, 0xBD, 0x44, 0x01, 0x00, 0x00,
        0x01, 0x00, 0x00, 0x00, 0x00, 0x00, 0x00, 0x00, 0x00, 0x00, 0x00, 0x00, 0x00, 0x00, 0x00, 0x00,
        0xBE, 0x6E, 0x09, 0xA1, 0x87, 0x01, 0x00, 0x00, 0x01, 0x00, 0x00, 0x00, 0x00, 0x00, 0x00, 0x00,
        0x00, 0x00, 0x00, 0x00, 0x00, 0x00, 0x00, 0x00, 0x03, 0xD4, 0x32, 0x71, 0xCE, 0x01, 0x00, 0x00,
        0x01, 0x00, 0x00, 0x00, 0x00, 0x00, 0x00, 0x00, 0x00, 0x00, 0x00, 0x00, 0x00, 0x00, 0x00, 0x00,
        0xFC, 0x82, 0xEF, 0xDE, 0x0F, 0x02, 0x00, 0x00, 0x01, 0x00, 0x00, 0x00, 0x00, 0x00, 0x00, 0x00,
        0x00, 0x00, 0x00, 0x00, 0x00, 0x00, 0x00, 0x00, 0x84, 0x1E, 0xF5, 0xDE, 0x4F, 0x02, 0x00, 0x00,
        0x01, 0x00, 0x00, 0x00, 0x00, 0x00, 0x00, 0x00, 0x00, 0x00, 0x00, 0x00, 0x00, 0x00, 0x00, 0x00,
        0x3F, 0x74, 0x0F, 0xE3, 0x90, 0x02, 0x00, 0x00, 0x01, 0x00, 0x00, 0x00, 0x00, 0x00, 0x00, 0x00,
        0x00, 0x00, 0x00, 0x00, 0x00, 0x00, 0x00, 0x00, 0x0D, 0xA7, 0xA6, 0x0D, 0xCC, 0x02, 0x00, 0x00,
        0x01, 0x00, 0x00, 0x00, 0x00, 0x00, 0x00, 0x00, 0x00, 0x00, 0x00, 0x00, 0x00, 0x00, 0x00, 0x00,
        0xFF, 0x2B, 0xA2, 0x72, 0x04, 0x03, 0x00, 0x00, 0x01, 0x00, 0x00, 0x00, 0x00, 0x00, 0x00, 0x00,
        0x00, 0x00, 0x00, 0x00, 0x00, 0x00, 0x00, 0x00, 0x42, 0x9D, 0xDD, 0xD9, 0x3E, 0x03, 0x00, 0x00,
        0x02, 0x00, 0x00, 0x00, 0x00, 0x00, 0x00, 0x00, 0x00, 0x00, 0x00, 0x00, 0x00, 0x00, 0x00, 0x00,
        0x28, 0xAD, 0x84, 0x34, 0x74, 0x03, 0x00, 0x00, 0x01, 0x00, 0x00, 0x00, 0x00, 0x00, 0x00, 0x00,
        0x00, 0x00, 0x00, 0x00, 0x00, 0x00, 0x00, 0x00, 0x41, 0x0D, 0xA5, 0x8F, 0xAF, 0x03, 0x00, 0x00,
        0x01, 0x00, 0x00, 0x00, 0x00, 0x00, 0x00, 0x00, 0x00, 0x00, 0x00, 0x00, 0x00, 0x00, 0x00, 0x00,
        0x28, 0xFB, 0xF4, 0x36, 0xFD, 0x03, 0x00, 0x00, 0x01, 0x00, 0x00, 0x00, 0x00, 0x00, 0x00, 0x00,
        0x00, 0x00, 0x00, 0x00, 0x00, 0x00, 0x00, 0x00, 0x83, 0x6C, 0x44, 0xFA, 0x49, 0x04, 0x00, 0x00,
        0x02, 0x00, 0x00, 0x00, 0x00, 0x00, 0x00, 0x00, 0x00, 0x00, 0x00, 0x00, 0x00, 0x00, 0x00, 0x00,
        0x63, 0xA2, 0xA4, 0x02, 0x7A, 0x04, 0x00, 0x00, 0x01, 0x00, 0x00, 0x00, 0x00, 0x00, 0x00, 0x00,
        0x00, 0x00, 0x00, 0x00, 0x00, 0x00, 0x00, 0x00, 0x56, 0xD3, 0x49, 0x12, 0xCF, 0x04, 0x00, 0x00,
        0x01, 0x00, 0x00, 0x00, 0x00, 0x00, 0x00, 0x00, 0x00, 0x00, 0x00, 0x00, 0x00, 0x00, 0x00, 0x00,
        0x47, 0xB7, 0xD8, 0xF8, 0x17, 0x05, 0x00, 0x00, 0x01, 0x00, 0x00, 0x00, 0x00, 0x00, 0x00, 0x00,
        0x00, 0x00, 0x00, 0x00, 0x00, 0x00, 0x00, 0x00, 0x92, 0x0D, 0xC8, 0xAC, 0x63, 0x05, 0x00, 0x00,
        0x01, 0x00, 0x00, 0x00, 0x00, 0x00, 0x00, 0x00, 0x00, 0x00, 0x00, 0x00, 0x00, 0x00, 0x00, 0x00,
        0x58, 0x37, 0xB9, 0x71, 0xAF, 0x05, 0x00, 0x00, 0x01, 0x00, 0x00, 0x00, 0x00, 0x00, 0x00, 0x00,
        0x00, 0x00, 0x00, 0x00, 0x00, 0x00, 0x00, 0x00, 0x02, 0x77, 0xBF, 0xA1, 0xFB, 0x05, 0x00, 0x00,
        0x01, 0x00, 0x00, 0x00, 0x00, 0x00, 0x00, 0x00, 0x00, 0x00, 0x00, 0x00, 0x00, 0x00, 0x00, 0x00,
        0xF6, 0x46, 0xC2, 0x20, 0x49, 0x06, 0x00, 0x00, 0x01, 0x00, 0x00, 0x00, 0x00, 0x00, 0x00, 0x00,
        0x00, 0x00, 0x00, 0x00, 0x00, 0x00, 0x00, 0x00, 0x26, 0x19, 0x1E, 0x63, 0x98, 0x06, 0x00, 0x00,
        0x01, 0x00, 0x00, 0x00, 0x00, 0x00, 0x00, 0x00, 0x00, 0x00, 0x00, 0x00, 0x00, 0x00, 0x00, 0x00,
        0x55, 0x0E, 0x93, 0xAF, 0xE7, 0x06, 0x00, 0x00, 0x01, 0x00, 0x00, 0x00, 0x00, 0x00, 0x00, 0x00,
        0x00, 0x00, 0x00, 0x00, 0x00, 0x00, 0x00, 0x00, 0x72, 0x39, 0x40, 0xF5, 0x35, 0x07, 0x00, 0x00,
        0x01, 0x00, 0x00, 0x00, 0x00, 0x00, 0x00, 0x00, 0x00, 0x00, 0x00, 0x00, 0x00, 0x00, 0x00, 0x00,
        0x8F, 0xA7, 0x12, 0x88, 0x8D, 0x07, 0x00, 0x00, 0x01, 0x00, 0x00, 0x00, 0x00, 0x00, 0x00, 0x00,
        0x00, 0x00, 0x00, 0x00, 0x00, 0x00, 0x00, 0x00, 0x13, 0x30, 0xFC, 0x0C, 0xDC, 0x07, 0x00, 0x00,
        0x01, 0x00, 0x00, 0x00, 0x00, 0x00, 0x00, 0x00, 0x00, 0x00, 0x00, 0x00, 0x00, 0x00, 0x00, 0x00,
        0x9A, 0xCF, 0xE9, 0xC1, 0x2B, 0x08, 0x00, 0x00, 0x01, 0x00, 0x00, 0x00, 0x00, 0x00, 0x00, 0x00,
        0x00, 0x00, 0x00, 0x00, 0x00, 0x00, 0x00, 0x00, 0x57, 0x64, 0x3E, 0xAE, 0x73, 0x08, 0x00, 0x00,
        0x01, 0x00, 0x00, 0x00, 0x00, 0x00, 0x00, 0x00, 0x00, 0x00, 0x00, 0x00, 0x00, 0x00, 0x00, 0x00,
        0x66, 0xCE, 0x2B, 0x5B, 0xC1, 0x08, 0x00, 0x00, 0x01, 0x00, 0x00, 0x00, 0x00, 0x00, 0x00, 0x00,
        0x00, 0x00, 0x00, 0x00, 0x00, 0x00, 0x00, 0x00, 0xFF, 0x39, 0x29, 0xB5, 0x0F, 0x09, 0x00, 0x00,
        0x01, 0x00, 0x00, 0x00, 0x00, 0x00, 0x00, 0x00, 0x00, 0x00, 0x00, 0x00, 0x00, 0x00, 0x00, 0x00,
        0x4F, 0x62, 0x6A, 0xCC, 0x84, 0xB3, 0x00, 0x00, 0x42, 0x75, 0x74, 0x6E, 0x04, 0x00, 0x00, 0x00,
        0x00, 0x00, 0x00, 0x00, 0x46, 0x4F, 0x62, 0xEA, 0x10, 0x04, 0x00, 0x00, 0x4F, 0x62, 0x6A, 0x44,
        0x8C, 0x00, 0x00, 0x00, 0x4F, 0x74, 0x04, 0x00, 0x01, 0x00, 0x00, 0x00, 0x4F, 0x6E, 0x0C, 0x00,
        0x45, 0x76, 0x65, 0x6E, 0x74, 0x49, 0x63, 0x6F, 0x6E, 0x5F, 0x33, 0x00, 0x4F, 0x50, 0x10, 0x00,
        0x82, 0xC5, 0x0D, 0x00, 0x3C, 0x29, 0x7D, 0x6F, 0x00, 0x00, 0x00, 0x40, 0x00, 0x00, 0x00, 0x00,
        0x49, 0x66, 0x04, 0x00, 0x00, 0x00, 0x00, 0x00, 0x53, 0x41, 0x54, 0x00, 0xFF, 0x00, 0x00, 0x00,
        0xFF, 0x00, 0x00, 0x00, 0xFF, 0x00, 0x00, 0x00, 0x00, 0x00, 0x00, 0x00, 0x00, 0x00, 0x00, 0x00,
        0x00, 0x00, 0x00, 0x00, 0x00, 0x00, 0x00, 0x00, 0x00, 0x00, 0x27, 0xC3, 0x00, 0x00, 0x2C, 0x42,
        0x00, 0x00, 0xC8, 0x42, 0x00, 0x00, 0x00, 0x00, 0x00, 0x00, 0x00, 0x00, 0x00, 0x00, 0x00, 0x00,
        0x00, 0x00, 0x80, 0x3F, 0x00, 0x00, 0x58, 0x42, 0x00, 0x00, 0x58, 0x42, 0x00, 0x00, 0x00, 0x00,
        0x00, 0x00, 0x00, 0x00, 0x00, 0x00, 0x00, 0x00, 0x00, 0x00, 0x80, 0x3F, 0x00, 0x00, 0x80, 0x3F,
        0x53, 0x63, 0x72, 0x70, 0x9C, 0x00, 0x00, 0x00, 0x53, 0x6E, 0x08, 0x00, 0x49, 0x6E, 0x69, 0x74,
        0x00, 0x00, 0x00, 0x00, 0x53, 0x68, 0x10, 0x00, 0xB3, 0x44, 0x17, 0x00, 0x00, 0x00, 0x00, 0x00,
        0x00, 0x00, 0x00, 0x00, 0x03, 0x00, 0x00, 0x00, 0x46, 0x49, 0x08, 0x00, 0x06, 0x10, 0x01, 0x00,
        0x00, 0x00, 0x00, 0x00, 0x54, 0x6F, 0x04, 0x00, 0x00, 0x00, 0x00, 0x00, 0x4B, 0x64, 0x14, 0x00,
        0xFF, 0xFF, 0xFF, 0xFF, 0xFF, 0x00, 0x00, 0x00, 0xFF, 0x00, 0x00, 0x00, 0xFF, 0x00, 0x00, 0x00,
        0x00, 0x00, 0x00, 0x00, 0x46, 0x49, 0x08, 0x00, 0x04, 0x0C, 0x01, 0x00, 0x00, 0x00, 0x00, 0x00,
        0x54, 0x6F, 0x04, 0x00, 0x07, 0x00, 0x00, 0x00, 0x4B, 0x64, 0x10, 0x00, 0xFF, 0xFF, 0xFF, 0xFF,
        0x00, 0x00, 0x27, 0xC3, 0x00, 0x00, 0x2C, 0x42, 0x00, 0x00, 0xC8, 0x42, 0x46, 0x49, 0x08, 0x00,
        0x04, 0x0C, 0x01, 0x00, 0x00, 0x00, 0x00, 0x00, 0x54, 0x6F, 0x04, 0x00, 0x0E, 0x00, 0x00, 0x00,
        0x4B, 0x64, 0x10, 0x00, 0xFF, 0xFF, 0xFF, 0xFF, 0x00, 0x00, 0x58, 0x42, 0x00, 0x00, 0x58, 0x42,
        0x00, 0x00, 0x00, 0x00, 0x53, 0x63, 0x72, 0x70, 0xFC, 0x00, 0x00, 0x00, 0x53, 0x6E, 0x08, 0x00,
        0x45, 0x6E, 0x74, 0x65, 0x72, 0x00, 0x00, 0x00, 0x53, 0x68, 0x10, 0x00, 0x3D, 0xA6, 0xB7, 0x02,
        0x2C, 0x01, 0x00, 0x00, 0x00, 0x00, 0x00, 0x00, 0x03, 0x00, 0x00, 0x00, 0x53, 0x63, 0x04, 0x00,
        0x4F, 0x16, 0x80, 0x02, 0x46, 0x49, 0x08, 0x00, 0x06, 0x10, 0x01, 0x00, 0x2C, 0x01, 0x00, 0x00,
        0x54, 0x6F, 0x04, 0x00, 0x00, 0x00, 0x00, 0x00, 0x4B, 0x64, 0x3C, 0x00, 0xFF, 0xFF, 0xFF, 0xFF,
        0xFF, 0x00, 0x00, 0x00, 0xFF, 0x00, 0x00, 0x00, 0xFF, 0x00, 0x00, 0x00, 0xFE, 0x01, 0x00, 0x00,
        0x00, 0x00, 0x00, 0x00, 0x00, 0x00, 0x00, 0x00, 0x00, 0x00, 0x00, 0x00, 0x00, 0x00, 0x00, 0x00,
        0x01, 0xFF, 0xFF, 0xFF, 0x2C, 0x01, 0x00, 0x00, 0x00, 0x00, 0x00, 0x00, 0x00, 0x00, 0x00, 0x00,
        0x00, 0x00, 0x00, 0x00, 0x00, 0x00, 0x00, 0x00, 0x46, 0x49, 0x08, 0x00, 0x04, 0x0C, 0x01, 0x00,
        0x2C, 0x01, 0x00, 0x00, 0x54, 0x6F, 0x04, 0x00, 0x07, 0x00, 0x00, 0x00, 0x4B, 0x64, 0x20, 0x00,
        0xFF, 0xFF, 0xFF, 0xFF, 0x00, 0x00, 0x27, 0xC3, 0x00, 0x00, 0x2C, 0x42, 0x00, 0x00, 0xC8, 0x42,
        0x00, 0x00, 0x00, 0x00, 0x00, 0x00, 0x00, 0x00, 0x00, 0x00, 0x00, 0x00, 0x00, 0x00, 0x00, 0x00,
        0x46, 0x49, 0x08, 0x00, 0x04, 0x0C, 0x01, 0x00, 0x2C, 0x01, 0x00, 0x00, 0x54, 0x6F, 0x04, 0x00,
        0x0E, 0x00, 0x00, 0x00, 0x4B, 0x64, 0x30, 0x00, 0xFF, 0xFF, 0xFF, 0xFF, 0x00, 0x00, 0x80, 0x42,
        0x00, 0x00, 0x80, 0x42, 0x00, 0x00, 0x00, 0x00, 0x00, 0x00, 0x00, 0x00, 0x00, 0x00, 0x40, 0xC2,
        0x00, 0x00, 0x40, 0xC2, 0x00, 0x00, 0x00, 0x00, 0x2C, 0x01, 0x00, 0x00, 0x00, 0x00, 0x20, 0xC1,
        0x00, 0x00, 0x20, 0xC1, 0x00, 0x00, 0x00, 0x00, 0x53, 0x63, 0x72, 0x70, 0xF4, 0x00, 0x00, 0x00,
        0x53, 0x6E, 0x08, 0x00, 0x45, 0x78, 0x69, 0x74, 0x00, 0x00, 0x00, 0x00, 0x53, 0x68, 0x10, 0x00,
        0xB9, 0x3D, 0x15, 0x00, 0xC8, 0x00, 0x00, 0x00, 0x00, 0x00, 0x00, 0x00, 0x03, 0x00, 0x00, 0x00,
        0x46, 0x49, 0x08, 0x00, 0x06, 0x10, 0x01, 0x00, 0xC8, 0x00, 0x00, 0x00, 0x54, 0x6F, 0x04, 0x00,
        0x00, 0x00, 0x00, 0x00, 0x4B, 0x64, 0x3C, 0x00, 0xFF, 0xFF, 0xFF, 0xFF, 0xFF, 0x00, 0x00, 0x00,
        0xFF, 0x00, 0x00, 0x00, 0xFF, 0x00, 0x00, 0x00, 0xFF, 0x00, 0x00, 0x00, 0x00, 0x00, 0x00, 0x00,
        0x00, 0x00, 0x00, 0x00, 0x00, 0x00, 0x00, 0x00, 0x00, 0x00, 0x00, 0x00, 0x00, 0x00, 0x00, 0x00,
        0xC8, 0x00, 0x00, 0x00, 0x00, 0x00, 0x00, 0x00, 0x00, 0x00, 0x00, 0x00, 0x00, 0x00, 0x00, 0x00,
        0x01, 0xFF, 0xFF, 0xFF, 0x46, 0x49, 0x08, 0x00, 0x04, 0x0C, 0x01, 0x00, 0xC8, 0x00, 0x00, 0x00,
        0x54, 0x6F, 0x04, 0x00, 0x07, 0x00, 0x00, 0x00, 0x4B, 0x64, 0x20, 0x00, 0xFF, 0xFF, 0xFF, 0xFF,
        0x00, 0x00, 0x27, 0xC3, 0x00, 0x00, 0x2C, 0x42, 0x00, 0x00, 0xC8, 0x42, 0x00, 0x00, 0x00, 0x00,
        0x00, 0x00, 0x00, 0x00, 0x00, 0x00, 0x00, 0x00, 0x00, 0x00, 0x00, 0x00, 0x46, 0x49, 0x08, 0x00,
        0x04, 0x0C, 0x01, 0x00, 0xC8, 0x00, 0x00, 0x00, 0x54, 0x6F, 0x04, 0x00, 0x0E, 0x00, 0x00, 0x00,
        0x4B, 0x64, 0x30, 0x00, 0xFF, 0xFF, 0xFF, 0xFF, 0x00, 0x00, 0x80, 0x42, 0x00, 0x00, 0x80, 0x42,
        0x00, 0x00, 0x00, 0x00, 0x00, 0x00, 0x00, 0x00, 0x00, 0x00, 0x20, 0xC1, 0x00, 0x00, 0x20, 0xC1,
        0x00, 0x00, 0x00, 0x00, 0xC8, 0x00, 0x00, 0x00, 0x00, 0x00, 0x40, 0xC2, 0x00, 0x00, 0x40, 0xC2,
        0x00, 0x00, 0x00, 0x00, 0x53, 0x63, 0x72, 0x70, 0xD0, 0x00, 0x00, 0x00, 0x53, 0x6E, 0x08, 0x00,
        0x42, 0x6C, 0x69, 0x6E, 0x6B, 0x00, 0x00, 0x00, 0x53, 0x68, 0x10, 0x00, 0x4F, 0x16, 0x80, 0x02,
        0x00, 0x00, 0x00, 0x00, 0x00, 0x00, 0x00, 0x00, 0x03, 0x00, 0x00, 0x00, 0x46, 0x49, 0x08, 0x00,
        0x06, 0x10, 0x01, 0x00, 0x00, 0x00, 0x00, 0x00, 0x54, 0x6F, 0x04, 0x00, 0x00, 0x00, 0x00, 0x00,
        0x4B, 0x64, 0x28, 0x00, 0xFF, 0xFF, 0xFF, 0xFF, 0x00, 0x00, 0x00, 0x00, 0x00, 0x00, 0x00, 0x00,
        0x00, 0x00, 0x00, 0x00, 0xFF, 0x00, 0x00, 0x00, 0x00, 0x00, 0x00, 0x00, 0xFF, 0x00, 0x00, 0x00,
        0xFF, 0x00, 0x00, 0x00, 0xFF, 0x00, 0x00, 0x00, 0x97, 0xFF, 0xFF, 0xFF, 0x46, 0x49, 0x08, 0x00,
        0x04, 0x0C, 0x01, 0x00, 0x00, 0x00, 0x00, 0x00, 0x54, 0x6F, 0x04, 0x00, 0x07, 0x00, 0x00, 0x00,
        0x4B, 0x64, 0x20, 0x00, 0xFF, 0xFF, 0xFF, 0xFF, 0x00, 0x00, 0xEE, 0xC3, 0x00, 0x00, 0x1F, 0x44,
        0x00, 0x00, 0xDC, 0x42, 0x00, 0x00, 0x00, 0x00, 0x00, 0x80, 0x9A, 0x43, 0x00, 0x40, 0x14, 0xC4,
        0x00, 0x00, 0x20, 0xC1, 0x46, 0x49, 0x08, 0x00, 0x04, 0x0C, 0x01, 0x00, 0x00, 0x00, 0x00, 0x00,
        0x54, 0x6F, 0x04, 0x00, 0x0E, 0x00, 0x00, 0x00, 0x4B, 0x64, 0x20, 0x00, 0xFF, 0xFF, 0xFF, 0xFF,
        0x00, 0x00, 0x8C, 0x42, 0x00, 0x00, 0x8C, 0x42, 0x00, 0x00, 0x00, 0x00, 0x00, 0x00, 0x00, 0x00,
        0x00, 0x00, 0x80, 0xC1, 0x00, 0x00, 0x80, 0xC1, 0x00, 0x00, 0x00, 0x00, 0x46, 0x4F, 0x62, 0xEA,
        0x10, 0x04, 0x00, 0x00, 0x4F, 0x62, 0x6A, 0x44, 0x8C, 0x00, 0x00, 0x00, 0x4F, 0x74, 0x04, 0x00,
        0x01, 0x00, 0x00, 0x00, 0x4F, 0x6E, 0x0C, 0x00, 0x45, 0x76, 0x65, 0x6E, 0x74, 0x49, 0x63, 0x6F,
        0x6E, 0x5F, 0x32, 0x00, 0x4F, 0x50, 0x10, 0x00, 0x74, 0xC5, 0x0D, 0x00, 0x3B, 0x29, 0x7D, 0x6F,
        0x00, 0x00, 0x00, 0x40, 0x00, 0x00, 0x00, 0x00, 0x49, 0x66, 0x04, 0x00, 0x00, 0x00, 0x00, 0x00,
        0x53, 0x41, 0x54, 0x00, 0xFF, 0x00, 0x00, 0x00, 0xFF, 0x00, 0x00, 0x00, 0xFF, 0x00, 0x00, 0x00,
        0x00, 0x00, 0x00, 0x00, 0x00, 0x00, 0x00, 0x00, 0x00, 0x00, 0x00, 0x00, 0x00, 0x00, 0x00, 0x00,
        0x00, 0x80, 0x89, 0xC3, 0x00, 0x00, 0x2C, 0x42, 0x00, 0x00, 0xC8, 0x42, 0x00, 0x00, 0x00, 0x00,
        0x00, 0x00, 0x00, 0x00, 0x00, 0x00, 0x00, 0x00, 0x00, 0x00, 0x80, 0x3F, 0x00, 0x00, 0x58, 0x42,
        0x00, 0x00, 0x58, 0x42, 0x00, 0x00, 0x00, 0x00, 0x00, 0x00, 0x00, 0x00, 0x00, 0x00, 0x00, 0x00,
        0x00, 0x00, 0x80, 0x3F, 0x00, 0x00, 0x80, 0x3F, 0x53, 0x63, 0x72, 0x70, 0x9C, 0x00, 0x00, 0x00,
        0x53, 0x6E, 0x08, 0x00, 0x49, 0x6E, 0x69, 0x74, 0x00, 0x00, 0x00, 0x00, 0x53, 0x68, 0x10, 0x00,
        0xB3, 0x44, 0x17, 0x00, 0x00, 0x00, 0x00, 0x00, 0x00, 0x00, 0x00, 0x00, 0x03, 0x00, 0x00, 0x00,
        0x46, 0x49, 0x08, 0x00, 0x06, 0x10, 0x01, 0x00, 0x00, 0x00, 0x00, 0x00, 0x54, 0x6F, 0x04, 0x00,
        0x00, 0x00, 0x00, 0x00, 0x4B, 0x64, 0x14, 0x00, 0xFF, 0xFF, 0xFF, 0xFF, 0xFF, 0x00, 0x00, 0x00,
        0xFF, 0x00, 0x00, 0x00, 0xFF, 0x00, 0x00, 0x00, 0x00, 0x00, 0x00, 0x00, 0x46, 0x49, 0x08, 0x00,
        0x04, 0x0C, 0x01, 0x00, 0x00, 0x00, 0x00, 0x00, 0x54, 0x6F, 0x04, 0x00, 0x07, 0x00, 0x00, 0x00,
        0x4B, 0x64, 0x10, 0x00, 0xFF, 0xFF, 0xFF, 0xFF, 0x00, 0x80, 0x89, 0xC3, 0x00, 0x00, 0x2C, 0x42,
        0x00, 0x00, 0xC8, 0x42, 0x46, 0x49, 0x08, 0x00, 0x04, 0x0C, 0x01, 0x00, 0x00, 0x00, 0x00, 0x00,
        0x54, 0x6F, 0x04, 0x00, 0x0E, 0x00, 0x00, 0x00, 0x4B, 0x64, 0x10, 0x00, 0xFF, 0xFF, 0xFF, 0xFF,
        0x00, 0x00, 0x58, 0x42, 0x00, 0x00, 0x58, 0x42, 0x00, 0x00, 0x00, 0x00, 0x53, 0x63, 0x72, 0x70,
        0xFC, 0x00, 0x00, 0x00, 0x53, 0x6E, 0x08, 0x00, 0x45, 0x6E, 0x74, 0x65, 0x72, 0x00, 0x00, 0x00,
        0x53, 0x68, 0x10, 0x00, 0x3D, 0xA6, 0xB7, 0x02, 0x2C, 0x01, 0x00, 0x00, 0x00, 0x00, 0x00, 0x00,
        0x03, 0x00, 0x00, 0x00, 0x53, 0x63, 0x04, 0x00, 0x4F, 0x16, 0x80, 0x02, 0x46, 0x49, 0x08, 0x00,
        0x06, 0x10, 0x01, 0x00, 0x2C, 0x01, 0x00, 0x00, 0x54, 0x6F, 0x04, 0x00, 0x00, 0x00, 0x00, 0x00,
        0x4B, 0x64, 0x3C, 0x00, 0xFF, 0xFF, 0xFF, 0xFF, 0xFF, 0x00, 0x00, 0x00, 0xFF, 0x00, 0x00, 0x00,
        0xFF, 0x00, 0x00, 0x00, 0xFE, 0x01, 0x00, 0x00, 0x00, 0x00, 0x00, 0x00, 0x00, 0x00, 0x00, 0x00,
        0x00, 0x00, 0x00, 0x00, 0x00, 0x00, 0x00, 0x00, 0x01, 0xFF, 0xFF, 0xFF, 0x2C, 0x01, 0x00, 0x00,
        0x00, 0x00, 0x00, 0x00, 0x00, 0x00, 0x00, 0x00, 0x00, 0x00, 0x00, 0x00, 0x00, 0x00, 0x00, 0x00,
        0x46, 0x49, 0x08, 0x00, 0x04, 0x0C, 0x01, 0x00, 0x2C, 0x01, 0x00, 0x00, 0x54, 0x6F, 0x04, 0x00,
        0x07, 0x00, 0x00, 0x00, 0x4B, 0x64, 0x20, 0x00, 0xFF, 0xFF, 0xFF, 0xFF, 0x00, 0x80, 0x89, 0xC3,
        0x00, 0x00, 0x2C, 0x42, 0x00, 0x00, 0xC8, 0x42, 0x00, 0x00, 0x00, 0x00, 0x00, 0x00, 0x00, 0x00,
        0x00, 0x00, 0x00, 0x00, 0x00, 0x00, 0x00, 0x00, 0x46, 0x49, 0x08, 0x00, 0x04, 0x0C, 0x01, 0x00,
        0x2C, 0x01, 0x00, 0x00, 0x54, 0x6F, 0x04, 0x00, 0x0E, 0x00, 0x00, 0x00, 0x4B, 0x64, 0x30, 0x00,
        0xFF, 0xFF, 0xFF, 0xFF, 0x00, 0x00, 0x80, 0x42, 0x00, 0x00, 0x80, 0x42, 0x00, 0x00, 0x00, 0x00,
        0x00, 0x00, 0x00, 0x00, 0x00, 0x00, 0x40, 0xC2, 0x00, 0x00, 0x40, 0xC2, 0x00, 0x00, 0x00, 0x00,
        0x2C, 0x01, 0x00, 0x00, 0x00, 0x00, 0x20, 0xC1, 0x00, 0x00, 0x20, 0xC1, 0x00, 0x00, 0x00, 0x00,
        0x53, 0x63, 0x72, 0x70, 0xF4, 0x00, 0x00, 0x00, 0x53, 0x6E, 0x08, 0x00, 0x45, 0x78, 0x69, 0x74,
        0x00, 0x00, 0x00, 0x00, 0x53, 0x68, 0x10, 0x00, 0xB9, 0x3D, 0x15, 0x00, 0xC8, 0x00, 0x00, 0x00,
        0x00, 0x00, 0x00, 0x00, 0x03, 0x00, 0x00, 0x00, 0x46, 0x49, 0x08, 0x00, 0x06, 0x10, 0x01, 0x00,
        0xC8, 0x00, 0x00, 0x00, 0x54, 0x6F, 0x04, 0x00, 0x00, 0x00, 0x00, 0x00, 0x4B, 0x64, 0x3C, 0x00,
        0xFF, 0xFF, 0xFF, 0xFF, 0xFF, 0x00, 0x00, 0x00, 0xFF, 0x00, 0x00, 0x00, 0xFF, 0x00, 0x00, 0x00,
        0xFF, 0x00, 0x00, 0x00, 0x00, 0x00, 0x00, 0x00, 0x00, 0x00, 0x00, 0x00, 0x00, 0x00, 0x00, 0x00,
        0x00, 0x00, 0x00, 0x00, 0x00, 0x00, 0x00, 0x00, 0xC8, 0x00, 0x00, 0x00, 0x00, 0x00, 0x00, 0x00,
        0x00, 0x00, 0x00, 0x00, 0x00, 0x00, 0x00, 0x00, 0x01, 0xFF, 0xFF, 0xFF, 0x46, 0x49, 0x08, 0x00,
        0x04, 0x0C, 0x01, 0x00, 0xC8, 0x00, 0x00, 0x00, 0x54, 0x6F, 0x04, 0x00, 0x07, 0x00, 0x00, 0x00,
        0x4B, 0x64, 0x20, 0x00, 0xFF, 0xFF, 0xFF, 0xFF, 0x00, 0x80, 0x89, 0xC3, 0x00, 0x00, 0x2C, 0x42,
        0x00, 0x00, 0xC8, 0x42, 0x00, 0x00, 0x00, 0x00, 0x00, 0x00, 0x00, 0x00, 0x00, 0x00, 0x00, 0x00,
        0x00, 0x00, 0x00, 0x00, 0x46, 0x49, 0x08, 0x00, 0x04, 0x0C, 0x01, 0x00, 0xC8, 0x00, 0x00, 0x00,
        0x54, 0x6F, 0x04, 0x00, 0x0E, 0x00, 0x00, 0x00, 0x4B, 0x64, 0x30, 0x00, 0xFF, 0xFF, 0xFF, 0xFF,
        0x00, 0x00, 0x80, 0x42, 0x00, 0x00, 0x80, 0x42, 0x00, 0x00, 0x00, 0x00, 0x00, 0x00, 0x00, 0x00,
        0x00, 0x00, 0x20, 0xC1, 0x00, 0x00, 0x20, 0xC1, 0x00, 0x00, 0x00, 0x00, 0xC8, 0x00, 0x00, 0x00,
        0x00, 0x00, 0x40, 0xC2, 0x00, 0x00, 0x40, 0xC2, 0x00, 0x00, 0x00, 0x00, 0x53, 0x63, 0x72, 0x70,
        0xD0, 0x00, 0x00, 0x00, 0x53, 0x6E, 0x08, 0x00, 0x42, 0x6C, 0x69, 0x6E, 0x6B, 0x00, 0x00, 0x00,
        0x53, 0x68, 0x10, 0x00, 0x4F, 0x16, 0x80, 0x02, 0x00, 0x00, 0x00, 0x00, 0x00, 0x00, 0x00, 0x00,
        0x03, 0x00, 0x00, 0x00, 0x46, 0x49, 0x08, 0x00, 0x06, 0x10, 0x01, 0x00, 0x00, 0x00, 0x00, 0x00,
        0x54, 0x6F, 0x04, 0x00, 0x00, 0x00, 0x00, 0x00, 0x4B, 0x64, 0x28, 0x00, 0xFF, 0xFF, 0xFF, 0xFF,
        0x00, 0x00, 0x00, 0x00, 0x00, 0x00, 0x00, 0x00, 0x00, 0x00, 0x00, 0x00, 0xFF, 0x00, 0x00, 0x00,
        0x00, 0x00, 0x00, 0x00, 0xFF, 0x00, 0x00, 0x00, 0xFF, 0x00, 0x00, 0x00, 0xFF, 0x00, 0x00, 0x00,
        0x97, 0xFF, 0xFF, 0xFF, 0x46, 0x49, 0x08, 0x00, 0x04, 0x0C, 0x01, 0x00, 0x00, 0x00, 0x00, 0x00,
        0x54, 0x6F, 0x04, 0x00, 0x07, 0x00, 0x00, 0x00, 0x4B, 0x64, 0x20, 0x00, 0xFF, 0xFF, 0xFF, 0xFF,
        0x00, 0x00, 0x12, 0xC4, 0x00, 0x00, 0x1F, 0x44, 0x00, 0x00, 0xDC, 0x42, 0x00, 0x00, 0x00, 0x00,
        0x00, 0x80, 0x9A, 0x43, 0x00, 0x40, 0x14, 0xC4, 0x00, 0x00, 0x20, 0xC1, 0x46, 0x49, 0x08, 0x00,
        0x04, 0x0C, 0x01, 0x00, 0x00, 0x00, 0x00, 0x00, 0x54, 0x6F, 0x04, 0x00, 0x0E, 0x00, 0x00, 0x00,
        0x4B, 0x64, 0x20, 0x00, 0xFF, 0xFF, 0xFF, 0xFF, 0x00, 0x00, 0x8C, 0x42, 0x00, 0x00, 0x8C, 0x42,
        0x00, 0x00, 0x00, 0x00, 0x00, 0x00, 0x00, 0x00, 0x00, 0x00, 0x80, 0xC1, 0x00, 0x00, 0x80, 0xC1,
        0x00, 0x00, 0x00, 0x00, 0x46, 0x4F, 0x62, 0xEA, 0xA4, 0x03, 0x00, 0x00, 0x4F, 0x62, 0x6A, 0x44,
        0x94, 0x00, 0x00, 0x00, 0x4F, 0x74, 0x04, 0x00, 0x01, 0x00, 0x00, 0x00, 0x4F, 0x6E, 0x14, 0x00,
        0x33, 0x72, 0x64, 0x70, 0x65, 0x72, 0x73, 0x6F, 0x6E, 0x5F, 0x44, 0x50, 0x41, 0x44, 0x5F, 0x55,
        0x50, 0x00, 0x00, 0x00, 0x4F, 0x50, 0x10, 0x00, 0x3F, 0xC5, 0x0D, 0x00, 0x1B, 0x9B, 0x72, 0x0A,
        0x00, 0x00, 0x00, 0x40, 0xFF, 0xFF, 0xFF, 0xFF, 0x49, 0x66, 0x04, 0x00, 0x00, 0x00, 0x00, 0x00,
        0x53, 0x41, 0x54, 0x00, 0xFF, 0x00, 0x00, 0x00, 0xFF, 0x00, 0x00, 0x00, 0xFF, 0x00, 0x00, 0x00,
        0x00, 0x00, 0x00, 0x00, 0x00, 0x00, 0x00, 0x00, 0x00, 0x00, 0x00, 0x00, 0x00, 0x00, 0x00, 0x00,
        0x00, 0x00, 0x5E, 0xC3, 0x00, 0x00, 0x24, 0x42, 0x00, 0x00, 0xC8, 0x42, 0x00, 0x00, 0x00, 0x00,
        0x00, 0x00, 0x00, 0x00, 0x00, 0x00, 0x00, 0x00, 0x00, 0x00, 0x80, 0x3F, 0x00, 0x00, 0x80, 0x42,
        0x00, 0x00, 0x80, 0x42, 0x00, 0x00, 0x00, 0x00, 0x00, 0x00, 0x00, 0x00, 0x00, 0x00, 0x00, 0x00,
        0x00, 0x00, 0x80, 0x3F, 0x00, 0x00, 0x80, 0x3F, 0x53, 0x63, 0x72, 0x70, 0x4C, 0x00, 0x00, 0x00,
        0x53, 0x6E, 0x08, 0x00, 0x49, 0x6E, 0x69, 0x74, 0x00, 0x00, 0x00, 0x00, 0x53, 0x68, 0x10, 0x00,
        0xB3, 0x44, 0x17, 0x00, 0x00, 0x00, 0x00, 0x00, 0x00, 0x00, 0x00, 0x00, 0x01, 0x00, 0x00, 0x00,
        0x46, 0x49, 0x08, 0x00, 0x06, 0x10, 0x01, 0x00, 0x00, 0x00, 0x00, 0x00, 0x54, 0x6F, 0x04, 0x00,
        0x00, 0x00, 0x00, 0x00, 0x4B, 0x64, 0x14, 0x00, 0xFF, 0xFF, 0xFF, 0xFF, 0xFF, 0x00, 0x00, 0x00,
        0xFF, 0x00, 0x00, 0x00, 0xFF, 0x00, 0x00, 0x00, 0x00, 0x00, 0x00, 0x00, 0x53, 0x63, 0x72, 0x70,
        0xA4, 0x00, 0x00, 0x00, 0x53, 0x6E, 0x10, 0x00, 0x70, 0x75, 0x6C, 0x73, 0x65, 0x5F, 0x63, 0x69,
        0x72, 0x63, 0x75, 0x69, 0x74, 0x00, 0x00, 0x00, 0x53, 0x68, 0x10, 0x00, 0x1A, 0x98, 0xE4, 0xA1,
        0x58, 0x02, 0x00, 0x00, 0x01, 0x00, 0x00, 0x00, 0x01, 0x00, 0x00, 0x00, 0x46, 0x49, 0x08, 0x00,
        0x06, 0x10, 0x01, 0x01, 0x58, 0x02, 0x00, 0x00, 0x54, 0x6F, 0x04, 0x00, 0x00, 0x00, 0x00, 0x00,
        0x4B, 0x64, 0x64, 0x00, 0xFF, 0xFF, 0xFF, 0xFF, 0xFF, 0x00, 0x00, 0x00, 0x7F, 0x01, 0x00, 0x00,
        0x29, 0x01, 0x00, 0x00, 0xFF, 0x00, 0x00, 0x00, 0x00, 0x00, 0x00, 0x00, 0x31, 0xFF, 0xFF, 0xFF,
        0x50, 0xFF, 0xFF, 0xFF, 0x07, 0xFF, 0xFF, 0xFF, 0x00, 0x00, 0x00, 0x00, 0x2C, 0x01, 0x00, 0x00,
        0x31, 0xFF, 0xFF, 0xFF, 0x50, 0xFF, 0xFF, 0xFF, 0x07, 0xFF, 0xFF, 0xFF, 0x00, 0x00, 0x00, 0x00,
        0x40, 0x01, 0x00, 0x00, 0x00, 0x00, 0x00, 0x00, 0x00, 0x00, 0x00, 0x00, 0x00, 0x00, 0x00, 0x00,
        0x01, 0xFF, 0xFF, 0xFF, 0x58, 0x02, 0x00, 0x00, 0x00, 0x00, 0x00, 0x00, 0x00, 0x00, 0x00, 0x00,
        0x00, 0x00, 0x00, 0x00, 0x01, 0xFF, 0xFF, 0xFF, 0x53, 0x63, 0x72, 0x70, 0xA4, 0x00, 0x00, 0x00,
        0x53, 0x6E, 0x10, 0x00, 0x70, 0x75, 0x6C, 0x73, 0x65, 0x5F, 0x73, 0x70, 0x72, 0x69, 0x6E, 0x74,
        0x00, 0x00, 0x00, 0x00, 0x53, 0x68, 0x10, 0x00, 0x47, 0x05, 0xFF, 0x41, 0x58, 0x02, 0x00, 0x00,
        0x01, 0x00, 0x00, 0x00, 0x01, 0x00, 0x00, 0x00, 0x46, 0x49, 0x08, 0x00, 0x06, 0x10, 0x01, 0x01,
        0x58, 0x02, 0x00, 0x00, 0x54, 0x6F, 0x04, 0x00, 0x00, 0x00, 0x00, 0x00, 0x4B, 0x64, 0x64, 0x00,
        0xFF, 0xFF, 0xFF, 0xFF, 0xFF, 0x00, 0x00, 0x00, 0xFF, 0x00, 0x00, 0x00, 0xA9, 0x01, 0x00, 0x00,
        0xFF, 0x00, 0x00, 0x00, 0x00, 0x00, 0x00, 0x00, 0x31, 0xFF, 0xFF, 0xFF, 0xD0, 0xFF, 0xFF, 0xFF,
        0x87, 0xFE, 0xFF, 0xFF, 0x00, 0x00, 0x00, 0x00, 0x2C, 0x01, 0x00, 0x00, 0x31, 0xFF, 0xFF, 0xFF,
        0xD0, 0xFF, 0xFF, 0xFF, 0x87, 0xFE, 0xFF, 0xFF, 0x00, 0x00, 0x00, 0x00, 0x40, 0x01, 0x00, 0x00,
        0x00, 0x00, 0x00, 0x00, 0x00, 0x00, 0x00, 0x00, 0x00, 0x00, 0x00, 0x00, 0x01, 0xFF, 0xFF, 0xFF,
        0x58, 0x02, 0x00, 0x00, 0x00, 0x00, 0x00, 0x00, 0x00, 0x00, 0x00, 0x00, 0x00, 0x00, 0x00, 0x00,
        0x01, 0xFF, 0xFF, 0xFF, 0x53, 0x63, 0x72, 0x70, 0xA8, 0x00, 0x00, 0x00, 0x53, 0x6E, 0x14, 0x00,
        0x70, 0x75, 0x6C, 0x73, 0x65, 0x5F, 0x74, 0x69, 0x6D, 0x65, 0x5F, 0x74, 0x72, 0x69, 0x61, 0x6C,
        0x00, 0x00, 0x00, 0x00, 0x53, 0x68, 0x10, 0x00, 0x71, 0x98, 0x45, 0xB4, 0x58, 0x02, 0x00, 0x00,
        0x01, 0x00, 0x00, 0x00, 0x01, 0x00, 0x00, 0x00, 0x46, 0x49, 0x08, 0x00, 0x06, 0x10, 0x01, 0x01,
        0x58, 0x02, 0x00, 0x00, 0x54, 0x6F, 0x04, 0x00, 0x00, 0x00, 0x00, 0x00, 0x4B, 0x64, 0x64, 0x00,
        0xFF, 0xFF, 0xFF, 0xFF, 0x00, 0x00, 0x00, 0x00, 0x80, 0x00, 0x00, 0x00, 0xAA, 0x00, 0x00, 0x00,
        0xFF, 0x00, 0x00, 0x00, 0x00, 0x00, 0x00, 0x00, 0x30, 0x00, 0x00, 0x00, 0x4F, 0x00, 0x00, 0x00,
        0x86, 0xFF, 0xFF, 0xFF, 0x00, 0x00, 0x00, 0x00, 0x2C, 0x01, 0x00, 0x00, 0x30, 0x00, 0x00, 0x00,
        0x4F, 0x00, 0x00, 0x00, 0x86, 0xFF, 0xFF, 0xFF, 0x00, 0x00, 0x00, 0x00, 0x40, 0x01, 0x00, 0x00,
        0x00, 0x00, 0x00, 0x00, 0x00, 0x00, 0x00, 0x00, 0x00, 0x00, 0x00, 0x00, 0x01, 0xFF, 0xFF, 0xFF,
        0x58, 0x02, 0x00, 0x00, 0x00, 0x00, 0x00, 0x00, 0x00, 0x00, 0x00, 0x00, 0x00, 0x00, 0x00, 0x00,
        0x01, 0xFF, 0xFF, 0xFF, 0x53, 0x63, 0x72, 0x70, 0xA4, 0x00, 0x00, 0x00, 0x53, 0x6E, 0x10, 0x00,
        0x70, 0x75, 0x6C, 0x73, 0x65, 0x5F, 0x68, 0x65, 0x61, 0x64, 0x6C, 0x69, 0x6E, 0x65, 0x00, 0x00,
        0x53, 0x68, 0x10, 0x00, 0xA1, 0x46, 0x3D, 0x20, 0x58, 0x02, 0x00, 0x00, 0x01, 0x00, 0x00, 0x00,
        0x01, 0x00, 0x00, 0x00, 0x46, 0x49, 0x08, 0x00, 0x06, 0x10, 0x01, 0x01, 0x58, 0x02, 0x00, 0x00,
        0x54, 0x6F, 0x04, 0x00, 0x00, 0x00, 0x00, 0x00, 0x4B, 0x64, 0x64, 0x00, 0xFF, 0xFF, 0xFF, 0xFF,
        0x01, 0xFF, 0xFF, 0xFF, 0x01, 0x00, 0x00, 0x00, 0x55, 0x00, 0x00, 0x00, 0xFF, 0x00, 0x00, 0x00,
        0x00, 0x00, 0x00, 0x00, 0x2F, 0x01, 0x00, 0x00, 0xCE, 0x00, 0x00, 0x00, 0xDB, 0xFF, 0xFF, 0xFF,
        0x00, 0x00, 0x00, 0x00, 0x2C, 0x01, 0x00, 0x00, 0x2F, 0x01, 0x00, 0x00, 0xCE, 0x00, 0x00, 0x00,
        0xDB, 0xFF, 0xFF, 0xFF, 0x00, 0x00, 0x00, 0x00, 0x40, 0x01, 0x00, 0x00, 0x00, 0x00, 0x00, 0x00,
        0x00, 0x00, 0x00, 0x00, 0x00, 0x00, 0x00, 0x00, 0x01, 0xFF, 0xFF, 0xFF, 0x58, 0x02, 0x00, 0x00,
        0x00, 0x00, 0x00, 0x00, 0x00, 0x00, 0x00, 0x00, 0x00, 0x00, 0x00, 0x00, 0x01, 0xFF, 0xFF, 0xFF,
        0x46, 0x4F, 0x62, 0xEA, 0x98, 0x01, 0x00, 0x00, 0x4F, 0x62, 0x6A, 0x44, 0x98, 0x00, 0x00, 0x00,
        0x4F, 0x74, 0x04, 0x00, 0x01, 0x00, 0x00, 0x00, 0x4F, 0x6E, 0x18, 0x00, 0x33, 0x72, 0x64, 0x70,
        0x65, 0x72, 0x73, 0x6F, 0x6E, 0x5F, 0x44, 0x50, 0x41, 0x44, 0x5F, 0x52, 0x49, 0x47, 0x48, 0x54,
        0x00, 0x00, 0x00, 0x00, 0x4F, 0x50, 0x10, 0x00, 0x3C, 0xC5, 0x0D, 0x00, 0xB4, 0xA0, 0x06, 0xA2,
        0x00, 0x00, 0x00, 0x40, 0xFF, 0xFF, 0xFF, 0xFF, 0x49, 0x66, 0x04, 0x00, 0x00, 0x00, 0x00, 0x00,
        0x53, 0x41, 0x54, 0x00, 0xFF, 0x00, 0x00, 0x00, 0xFF, 0x00, 0x00, 0x00, 0xFF, 0x00, 0x00, 0x00,
        0x00, 0x00, 0x00, 0x00, 0x00, 0x00, 0x00, 0x00, 0x00, 0x00, 0x00, 0x00, 0x00, 0x00, 0x00, 0x00,
        0x00, 0x00, 0x5D, 0xC3, 0x00, 0x00, 0x24, 0x42, 0x00, 0x00, 0xC8, 0x42, 0x00, 0x00, 0x00, 0x00,
        0x00, 0x00, 0x00, 0x00, 0x00, 0x00, 0x00, 0x00, 0x00, 0x00, 0x80, 0x3F, 0x00, 0x00, 0x80, 0x42,
        0x00, 0x00, 0x80, 0x42, 0x00, 0x00, 0x00, 0x00, 0x00, 0x00, 0x00, 0x00, 0x00, 0x00, 0x00, 0x00,
        0x00, 0x00, 0x80, 0x3F, 0x00, 0x00, 0x80, 0x3F, 0x53, 0x63, 0x72, 0x70, 0x4C, 0x00, 0x00, 0x00,
        0x53, 0x6E, 0x08, 0x00, 0x49, 0x6E, 0x69, 0x74, 0x00, 0x00, 0x00, 0x00, 0x53, 0x68, 0x10, 0x00,
        0xB3, 0x44, 0x17, 0x00, 0x00, 0x00, 0x00, 0x00, 0x00, 0x00, 0x00, 0x00, 0x01, 0x00, 0x00, 0x00,
        0x46, 0x49, 0x08, 0x00, 0x06, 0x10, 0x01, 0x00, 0x00, 0x00, 0x00, 0x00, 0x54, 0x6F, 0x04, 0x00,
        0x00, 0x00, 0x00, 0x00, 0x4B, 0x64, 0x14, 0x00, 0xFF, 0xFF, 0xFF, 0xFF, 0xFF, 0x00, 0x00, 0x00,
        0xFF, 0x00, 0x00, 0x00, 0xFF, 0x00, 0x00, 0x00, 0x00, 0x00, 0x00, 0x00, 0x53, 0x63, 0x72, 0x70,
        0x9C, 0x00, 0x00, 0x00, 0x53, 0x6E, 0x08, 0x00, 0x70, 0x75, 0x6C, 0x73, 0x65, 0x00, 0x00, 0x00,
        0x53, 0x68, 0x10, 0x00, 0x28, 0x6A, 0x82, 0x03, 0x58, 0x02, 0x00, 0x00, 0x01, 0x00, 0x00, 0x00,
        0x01, 0x00, 0x00, 0x00, 0x46, 0x49, 0x08, 0x00, 0x06, 0x10, 0x01, 0x01, 0x58, 0x02, 0x00, 0x00,
        0x54, 0x6F, 0x04, 0x00, 0x00, 0x00, 0x00, 0x00, 0x4B, 0x64, 0x64, 0x00, 0xFF, 0xFF, 0xFF, 0xFF,
        0xFF, 0x00, 0x00, 0x00, 0xFF, 0x00, 0x00, 0x00, 0xFF, 0x00, 0x00, 0x00, 0xFF, 0x00, 0x00, 0x00,
        0x00, 0x00, 0x00, 0x00, 0x31, 0xFF, 0xFF, 0xFF, 0xD0, 0xFF, 0xFF, 0xFF, 0x31, 0xFF, 0xFF, 0xFF,
        0x00, 0x00, 0x00, 0x00, 0x2C, 0x01, 0x00, 0x00, 0x31, 0xFF, 0xFF, 0xFF, 0xD0, 0xFF, 0xFF, 0xFF,
        0x31, 0xFF, 0xFF, 0xFF, 0x00, 0x00, 0x00, 0x00, 0x40, 0x01, 0x00, 0x00, 0x00, 0x00, 0x00, 0x00,
        0x00, 0x00, 0x00, 0x00, 0x00, 0x00, 0x00, 0x00, 0x01, 0xFF, 0xFF, 0xFF, 0x58, 0x02, 0x00, 0x00,
        0x00, 0x00, 0x00, 0x00, 0x00, 0x00, 0x00, 0x00, 0x00, 0x00, 0x00, 0x00, 0x01, 0xFF, 0xFF, 0xFF,
        0x46, 0x4F, 0x62, 0xEA, 0x94, 0x01, 0x00, 0x00, 0x4F, 0x62, 0x6A, 0x44, 0x94, 0x00, 0x00, 0x00,
        0x4F, 0x74, 0x04, 0x00, 0x01, 0x00, 0x00, 0x00, 0x4F, 0x6E, 0x14, 0x00, 0x33, 0x72, 0x64, 0x70,
        0x65, 0x72, 0x73, 0x6F, 0x6E, 0x5F, 0x44, 0x50, 0x41, 0x44, 0x5F, 0x4C, 0x45, 0x46, 0x54, 0x00,
        0x4F, 0x50, 0x10, 0x00, 0x39, 0xC5, 0x0D, 0x00, 0x01, 0xB9, 0x80, 0x71, 0x00, 0x00, 0x00, 0x40,
        0xFF, 0xFF, 0xFF, 0xFF, 0x49, 0x66, 0x04, 0x00, 0x00, 0x00, 0x00, 0x00, 0x53, 0x41, 0x54, 0x00,
        0xFF, 0x00, 0x00, 0x00, 0xFF, 0x00, 0x00, 0x00, 0xFF, 0x00, 0x00, 0x00, 0x00, 0x00, 0x00, 0x00,
        0x00, 0x00, 0x00, 0x00, 0x00, 0x00, 0x00, 0x00, 0x00, 0x00, 0x00, 0x00, 0x00, 0x00, 0x5E, 0xC3,
        0x00, 0x00, 0x28, 0x42, 0x00, 0x00, 0xC8, 0x42, 0x00, 0x00, 0x00, 0x00, 0x00, 0x00, 0x00, 0x00,
        0x00, 0x00, 0x00, 0x00, 0x00, 0x00, 0x80, 0x3F, 0x00, 0x00, 0x80, 0x42, 0x00, 0x00, 0x80, 0x42,
        0x00, 0x00, 0x00, 0x00, 0x00, 0x00, 0x00, 0x00, 0x00, 0x00, 0x00, 0x00, 0x00, 0x00, 0x80, 0x3F,
        0x00, 0x00, 0x80, 0x3F, 0x53, 0x63, 0x72, 0x70, 0x4C, 0x00, 0x00, 0x00, 0x53, 0x6E, 0x08, 0x00,
        0x49, 0x6E, 0x69, 0x74, 0x00, 0x00, 0x00, 0x00, 0x53, 0x68, 0x10, 0x00, 0xB3, 0x44, 0x17, 0x00,
        0x00, 0x00, 0x00, 0x00, 0x00, 0x00, 0x00, 0x00, 0x01, 0x00, 0x00, 0x00, 0x46, 0x49, 0x08, 0x00,
        0x06, 0x10, 0x01, 0x00, 0x00, 0x00, 0x00, 0x00, 0x54, 0x6F, 0x04, 0x00, 0x00, 0x00, 0x00, 0x00,
        0x4B, 0x64, 0x14, 0x00, 0xFF, 0xFF, 0xFF, 0xFF, 0xFF, 0x00, 0x00, 0x00, 0xFF, 0x00, 0x00, 0x00,
        0xFF, 0x00, 0x00, 0x00, 0x00, 0x00, 0x00, 0x00, 0x53, 0x63, 0x72, 0x70, 0x9C, 0x00, 0x00, 0x00,
        0x53, 0x6E, 0x08, 0x00, 0x70, 0x75, 0x6C, 0x73, 0x65, 0x00, 0x00, 0x00, 0x53, 0x68, 0x10, 0x00,
        0x28, 0x6A, 0x82, 0x03, 0x58, 0x02, 0x00, 0x00, 0x01, 0x00, 0x00, 0x00, 0x01, 0x00, 0x00, 0x00,
        0x46, 0x49, 0x08, 0x00, 0x06, 0x10, 0x01, 0x01, 0x58, 0x02, 0x00, 0x00, 0x54, 0x6F, 0x04, 0x00,
        0x00, 0x00, 0x00, 0x00, 0x4B, 0x64, 0x64, 0x00, 0xFF, 0xFF, 0xFF, 0xFF, 0xFF, 0x00, 0x00, 0x00,
        0xFF, 0x00, 0x00, 0x00, 0xFF, 0x00, 0x00, 0x00, 0xFF, 0x00, 0x00, 0x00, 0x00, 0x00, 0x00, 0x00,
        0x31, 0xFF, 0xFF, 0xFF, 0xD0, 0xFF, 0xFF, 0xFF, 0x31, 0xFF, 0xFF, 0xFF, 0x00, 0x00, 0x00, 0x00,
        0x2C, 0x01, 0x00, 0x00, 0x31, 0xFF, 0xFF, 0xFF, 0xD0, 0xFF, 0xFF, 0xFF, 0x31, 0xFF, 0xFF, 0xFF,
        0x00, 0x00, 0x00, 0x00, 0x40, 0x01, 0x00, 0x00, 0x00, 0x00, 0x00, 0x00, 0x00, 0x00, 0x00, 0x00,
        0x00, 0x00, 0x00, 0x00, 0x01, 0xFF, 0xFF, 0xFF, 0x58, 0x02, 0x00, 0x00, 0x00, 0x00, 0x00, 0x00,
        0x00, 0x00, 0x00, 0x00, 0x00, 0x00, 0x00, 0x00, 0x01, 0xFF, 0xFF, 0xFF, 0x46, 0x4F, 0x62, 0xEA,
        0x94, 0x01, 0x00, 0x00, 0x4F, 0x62, 0x6A, 0x44, 0x94, 0x00, 0x00, 0x00, 0x4F, 0x74, 0x04, 0x00,
        0x01, 0x00, 0x00, 0x00, 0x4F, 0x6E, 0x14, 0x00, 0x33, 0x72, 0x64, 0x70, 0x65, 0x72, 0x73, 0x6F,
        0x6E, 0x5F, 0x44, 0x50, 0x41, 0x44, 0x5F, 0x44, 0x4F, 0x57, 0x4E, 0x00, 0x4F, 0x50, 0x10, 0x00,
        0x36, 0xC5, 0x0D, 0x00, 0xAE, 0x82, 0x7C, 0x71, 0x00, 0x00, 0x00, 0x40, 0xFF, 0xFF, 0xFF, 0xFF,
        0x49, 0x66, 0x04, 0x00, 0x00, 0x00, 0x00, 0x00, 0x53, 0x41, 0x54, 0x00, 0xFF, 0x00, 0x00, 0x00,
        0xFF, 0x00, 0x00, 0x00, 0xFF, 0x00, 0x00, 0x00, 0x00, 0x00, 0x00, 0x00, 0x00, 0x00, 0x00, 0x00,
        0x00, 0x00, 0x00, 0x00, 0x00, 0x00, 0x00, 0x00, 0x00, 0x00, 0x5D, 0xC3, 0x00, 0x00, 0x28, 0x42,
        0x00, 0x00, 0xC8, 0x42, 0x00, 0x00, 0x00, 0x00, 0x00, 0x00, 0x00, 0x00, 0x00, 0x00, 0x00, 0x00,
        0x00, 0x00, 0x80, 0x3F, 0x00, 0x00, 0x80, 0x42, 0x00, 0x00, 0x80, 0x42, 0x00, 0x00, 0x00, 0x00,
        0x00, 0x00, 0x00, 0x00, 0x00, 0x00, 0x00, 0x00, 0x00, 0x00, 0x80, 0x3F, 0x00, 0x00, 0x80, 0x3F,
        0x53, 0x63, 0x72, 0x70, 0x4C, 0x00, 0x00, 0x00, 0x53, 0x6E, 0x08, 0x00, 0x49, 0x6E, 0x69, 0x74,
        0x00, 0x00, 0x00, 0x00, 0x53, 0x68, 0x10, 0x00, 0xB3, 0x44, 0x17, 0x00, 0x00, 0x00, 0x00, 0x00,
        0x00, 0x00, 0x00, 0x00, 0x01, 0x00, 0x00, 0x00, 0x46, 0x49, 0x08, 0x00, 0x06, 0x10, 0x01, 0x00,
        0x00, 0x00, 0x00, 0x00, 0x54, 0x6F, 0x04, 0x00, 0x00, 0x00, 0x00, 0x00, 0x4B, 0x64, 0x14, 0x00,
        0xFF, 0xFF, 0xFF, 0xFF, 0xFF, 0x00, 0x00, 0x00, 0xFF, 0x00, 0x00, 0x00, 0xFF, 0x00, 0x00, 0x00,
        0x00, 0x00, 0x00, 0x00, 0x53, 0x63, 0x72, 0x70, 0x9C, 0x00, 0x00, 0x00, 0x53, 0x6E, 0x08, 0x00,
        0x70, 0x75, 0x6C, 0x73, 0x65, 0x00, 0x00, 0x00, 0x53, 0x68, 0x10, 0x00, 0x28, 0x6A, 0x82, 0x03,
        0x58, 0x02, 0x00, 0x00, 0x01, 0x00, 0x00, 0x00, 0x01, 0x00, 0x00, 0x00, 0x46, 0x49, 0x08, 0x00,
        0x06, 0x10, 0x01, 0x01, 0x58, 0x02, 0x00, 0x00, 0x54, 0x6F, 0x04, 0x00, 0x00, 0x00, 0x00, 0x00,
        0x4B, 0x64, 0x64, 0x00, 0xFF, 0xFF, 0xFF, 0xFF, 0xFF, 0x00, 0x00, 0x00, 0xFF, 0x00, 0x00, 0x00,
        0xFF, 0x00, 0x00, 0x00, 0xFF, 0x00, 0x00, 0x00, 0x00, 0x00, 0x00, 0x00, 0x31, 0xFF, 0xFF, 0xFF,
        0xD0, 0xFF, 0xFF, 0xFF, 0x31, 0xFF, 0xFF, 0xFF, 0x00, 0x00, 0x00, 0x00, 0x2C, 0x01, 0x00, 0x00,
        0x31, 0xFF, 0xFF, 0xFF, 0xD0, 0xFF, 0xFF, 0xFF, 0x31, 0xFF, 0xFF, 0xFF, 0x00, 0x00, 0x00, 0x00,
        0x40, 0x01, 0x00, 0x00, 0x00, 0x00, 0x00, 0x00, 0x00, 0x00, 0x00, 0x00, 0x00, 0x00, 0x00, 0x00,
        0x01, 0xFF, 0xFF, 0xFF, 0x58, 0x02, 0x00, 0x00, 0x00, 0x00, 0x00, 0x00, 0x00, 0x00, 0x00, 0x00,
        0x00, 0x00, 0x00, 0x00, 0x01, 0xFF, 0xFF, 0xFF, 0x46, 0x4F, 0x62, 0xEA, 0xC8, 0x00, 0x00, 0x00,
        0x4F, 0x62, 0x6A, 0x44, 0x98, 0x00, 0x00, 0x00, 0x4F, 0x74, 0x04, 0x00, 0x01, 0x00, 0x00, 0x00,
        0x4F, 0x6E, 0x18, 0x00, 0x4D, 0x69, 0x6E, 0x69, 0x6D, 0x61, 0x70, 0x5F, 0x4E, 0x6F, 0x72, 0x74,
        0x68, 0x5F, 0x69, 0x6E, 0x64, 0x69, 0x63, 0x61, 0x74, 0x6F, 0x72, 0x00, 0x4F, 0x50, 0x10, 0x00,
        0x96, 0xC3, 0x0D, 0x00, 0x30, 0x44, 0xA5, 0xF2, 0x00, 0x00, 0x00, 0x40, 0x01, 0x00, 0x00, 0x00,
        0x49, 0x66, 0x04, 0x00, 0x00, 0x00, 0x00, 0x00, 0x53, 0x41, 0x54, 0x00, 0xFF, 0x00, 0x00, 0x00,
        0xFF, 0x00, 0x00, 0x00, 0xFF, 0x00, 0x00, 0x00, 0xFF, 0x00, 0x00, 0x00, 0x00, 0x00, 0x00, 0x00,
        0x00, 0x00, 0x90, 0x42, 0x00, 0x00, 0x00, 0x00, 0x00, 0x00, 0x5F, 0xC3, 0x00, 0x00, 0x9C, 0x42,
        0x00, 0x00, 0x20, 0x41, 0x00, 0x00, 0x00, 0x00, 0x00, 0x00, 0x00, 0x00, 0x00, 0x00, 0x00, 0x00,
        0x00, 0x00, 0x80, 0x3F, 0x00, 0x00, 0x00, 0x42, 0x00, 0x00, 0x80, 0x41, 0x00, 0x00, 0x00, 0x00,
        0x00, 0x00, 0x00, 0x00, 0x00, 0x00, 0x00, 0x00, 0x00, 0x00, 0x80, 0x3F, 0x00, 0x00, 0x80, 0x3F,
        0x53, 0x63, 0x72, 0x70, 0x20, 0x00, 0x00, 0x00, 0x53, 0x6E, 0x08, 0x00, 0x49, 0x6E, 0x69, 0x74,
        0x00, 0x00, 0x00, 0x00, 0x53, 0x68, 0x10, 0x00, 0xB3, 0x44, 0x17, 0x00, 0x00, 0x00, 0x00, 0x00,
        0x00, 0x00, 0x00, 0x00, 0x00, 0x00, 0x00, 0x00, 0x46, 0x4F, 0x62, 0xEA, 0xC8, 0x00, 0x00, 0x00,
        0x4F, 0x62, 0x6A, 0x44, 0x98, 0x00, 0x00, 0x00, 0x4F, 0x74, 0x04, 0x00, 0x01, 0x00, 0x00, 0x00,
        0x4F, 0x6E, 0x18, 0x00, 0x53, 0x61, 0x66, 0x65, 0x48, 0x6F, 0x75, 0x73, 0x65, 0x49, 0x6E, 0x64,
        0x69, 0x63, 0x61, 0x74, 0x6F, 0x72, 0x5F, 0x32, 0x00, 0x00, 0x00, 0x00, 0x4F, 0x50, 0x10, 0x00,
        0xF0, 0xC2, 0x0D, 0x00, 0xF0, 0xC9, 0x50, 0x37, 0x00, 0x00, 0x00, 0x40, 0x02, 0x00, 0x00, 0x00,
        0x49, 0x66, 0x04, 0x00, 0x00, 0x00, 0x00, 0x00, 0x53, 0x41, 0x54, 0x00, 0x00, 0x00, 0x00, 0x00,
        0x80, 0x00, 0x00, 0x00, 0xAA, 0x00, 0x00, 0x00, 0xFF, 0x00, 0x00, 0x00, 0x00, 0x00, 0x00, 0x00,
        0x00, 0x00, 0x00, 0x00, 0x00, 0x00, 0x00, 0x00, 0x00, 0x00, 0xA8, 0xC2, 0x00, 0x00, 0xB3, 0x43,
        0x00, 0x00, 0x00, 0x41, 0x00, 0x00, 0x00, 0x00, 0x00, 0x00, 0x00, 0x00, 0x00, 0x00, 0x00, 0x00,
        0x00, 0x00, 0x80, 0x3F, 0x00, 0x00, 0x80, 0x41, 0x00, 0x00, 0x80, 0x41, 0x00, 0x00, 0x00, 0x00,
        0x00, 0x00, 0x00, 0x00, 0x00, 0x00, 0x00, 0x00, 0x00, 0x00, 0x80, 0x3F, 0x00, 0x00, 0x80, 0x3F,
        0x53, 0x63, 0x72, 0x70, 0x20, 0x00, 0x00, 0x00, 0x53, 0x6E, 0x08, 0x00, 0x49, 0x6E, 0x69, 0x74,
        0x00, 0x00, 0x00, 0x00, 0x53, 0x68, 0x10, 0x00, 0xB3, 0x44, 0x17, 0x00, 0x00, 0x00, 0x00, 0x00,
        0x00, 0x00, 0x00, 0x00, 0x00, 0x00, 0x00, 0x00, 0x46, 0x4F, 0x62, 0xEA, 0xC8, 0x00, 0x00, 0x00,
        0x4F, 0x62, 0x6A, 0x44, 0x98, 0x00, 0x00, 0x00, 0x4F, 0x74, 0x04, 0x00, 0x01, 0x00, 0x00, 0x00,
        0x4F, 0x6E, 0x18, 0x00, 0x53, 0x74, 0x61, 0x72, 0x74, 0x4C, 0x69, 0x6E, 0x65, 0x49, 0x6E, 0x64,
        0x69, 0x63, 0x61, 0x74, 0x6F, 0x72, 0x5F, 0x32, 0x00, 0x00, 0x00, 0x00, 0x4F, 0x50, 0x10, 0x00,
        0xEF, 0xC2, 0x0D, 0x00, 0x63, 0xCA, 0xF1, 0x7A, 0x00, 0x00, 0x00, 0x40, 0x03, 0x00, 0x00, 0x00,
        0x49, 0x66, 0x04, 0x00, 0x00, 0x00, 0x00, 0x00, 0x53, 0x41, 0x54, 0x00, 0xC0, 0x00, 0x00, 0x00,
        0xC0, 0x00, 0x00, 0x00, 0xC0, 0x00, 0x00, 0x00, 0xFF, 0x00, 0x00, 0x00, 0x00, 0x00, 0x00, 0x00,
        0x00, 0x00, 0x00, 0x00, 0x00, 0x00, 0x00, 0x00, 0x00, 0x00, 0xCC, 0xC2, 0x00, 0x00, 0xB3, 0x43,
        0x00, 0x00, 0x00, 0x41, 0x00, 0x00, 0x00, 0x00, 0x00, 0x00, 0x00, 0x00, 0x00, 0x00, 0x00, 0x00,
        0x00, 0x00, 0x80, 0x3F, 0x00, 0x00, 0xA0, 0x41, 0x00, 0x00, 0xA0, 0x41, 0x00, 0x00, 0x00, 0x00,
        0x00, 0x00, 0x00, 0x00, 0x00, 0x00, 0x00, 0x00, 0x00, 0x00, 0x80, 0x3F, 0x00, 0x00, 0x80, 0x3F,
        0x53, 0x63, 0x72, 0x70, 0x20, 0x00, 0x00, 0x00, 0x53, 0x6E, 0x08, 0x00, 0x49, 0x6E, 0x69, 0x74,
        0x00, 0x00, 0x00, 0x00, 0x53, 0x68, 0x10, 0x00, 0xB3, 0x44, 0x17, 0x00, 0x00, 0x00, 0x00, 0x00,
        0x00, 0x00, 0x00, 0x00, 0x00, 0x00, 0x00, 0x00, 0x46, 0x4F, 0x62, 0xEA, 0xC8, 0x00, 0x00, 0x00,
        0x4F, 0x62, 0x6A, 0x44, 0x98, 0x00, 0x00, 0x00, 0x4F, 0x74, 0x04, 0x00, 0x01, 0x00, 0x00, 0x00,
        0x4F, 0x6E, 0x18, 0x00, 0x53, 0x70, 0x65, 0x65, 0x64, 0x54, 0x72, 0x61, 0x70, 0x49, 0x6E, 0x64,
        0x69, 0x63, 0x61, 0x74, 0x6F, 0x72, 0x5F, 0x32, 0x00, 0x00, 0x00, 0x00, 0x4F, 0x50, 0x10, 0x00,
        0xEE, 0xC2, 0x0D, 0x00, 0x15, 0xDE, 0x9C, 0x79, 0x00, 0x00, 0x00, 0x40, 0x04, 0x00, 0x00, 0x00,
        0x49, 0x66, 0x04, 0x00, 0x00, 0x00, 0x00, 0x00, 0x53, 0x41, 0x54, 0x00, 0x95, 0x00, 0x00, 0x00,
        0x65, 0x00, 0x00, 0x00, 0x00, 0x00, 0x00, 0x00, 0xFF, 0x00, 0x00, 0x00, 0x00, 0x00, 0x00, 0x00,
        0x00, 0x00, 0x00, 0x00, 0x00, 0x00, 0x00, 0x00, 0x00, 0x00, 0xF4, 0xC2, 0x00, 0x00, 0xB3, 0x43,
        0x00, 0x00, 0x00, 0x41, 0x00, 0x00, 0x00, 0x00, 0x00, 0x00, 0x00, 0x00, 0x00, 0x00, 0x00, 0x00,
        0x00, 0x00, 0x80, 0x3F, 0x00, 0x00, 0x80, 0x41, 0x00, 0x00, 0x80, 0x41, 0x00, 0x00, 0x00, 0x00,
        0x00, 0x00, 0x00, 0x00, 0x00, 0x00, 0x00, 0x00, 0x00, 0x00, 0x80, 0x3F, 0x00, 0x00, 0x80, 0x3F,
        0x53, 0x63, 0x72, 0x70, 0x20, 0x00, 0x00, 0x00, 0x53, 0x6E, 0x08, 0x00, 0x49, 0x6E, 0x69, 0x74,
        0x00, 0x00, 0x00, 0x00, 0x53, 0x68, 0x10, 0x00, 0xB3, 0x44, 0x17, 0x00, 0x00, 0x00, 0x00, 0x00,
        0x00, 0x00, 0x00, 0x00, 0x00, 0x00, 0x00, 0x00, 0x46, 0x4F, 0x62, 0xEA, 0xCC, 0x00, 0x00, 0x00,
        0x4F, 0x62, 0x6A, 0x44, 0x9C, 0x00, 0x00, 0x00, 0x4F, 0x74, 0x04, 0x00, 0x01, 0x00, 0x00, 0x00,
        0x4F, 0x6E, 0x1C, 0x00, 0x54, 0x69, 0x6D, 0x65, 0x54, 0x72, 0x69, 0x61, 0x6C, 0x45, 0x76, 0x65,
        0x6E, 0x74, 0x49, 0x6E, 0x64, 0x69, 0x63, 0x61, 0x74, 0x6F, 0x72, 0x5F, 0x32, 0x00, 0x00, 0x00,
        0x4F, 0x50, 0x10, 0x00, 0xED, 0xC2, 0x0D, 0x00, 0x5A, 0x08, 0x87, 0x92, 0x00, 0x00, 0x00, 0x40,
        0x05, 0x00, 0x00, 0x00, 0x49, 0x66, 0x04, 0x00, 0x00, 0x00, 0x00, 0x00, 0x53, 0x41, 0x54, 0x00,
        0xC0, 0x00, 0x00, 0x00, 0xC0, 0x00, 0x00, 0x00, 0xC0, 0x00, 0x00, 0x00, 0xFF, 0x00, 0x00, 0x00,
        0x00, 0x00, 0x00, 0x00, 0x00, 0x00, 0x00, 0x00, 0x00, 0x00, 0x00, 0x00, 0x00, 0x00, 0x0C, 0xC3,
        0x00, 0x00, 0xB3, 0x43, 0x00, 0x00, 0x00, 0x41, 0x00, 0x00, 0x00, 0x00, 0x00, 0x00, 0x00, 0x00,
        0x00, 0x00, 0x00, 0x00, 0x00, 0x00, 0x80, 0x3F, 0x00, 0x00, 0x80, 0x41, 0x00, 0x00, 0x80, 0x41,
        0x00, 0x00, 0x00, 0x00, 0x00, 0x00, 0x00, 0x00, 0x00, 0x00, 0x00, 0x00, 0x00, 0x00, 0x80, 0x3F,
        0x00, 0x00, 0x80, 0x3F, 0x53, 0x63, 0x72, 0x70, 0x20, 0x00, 0x00, 0x00, 0x53, 0x6E, 0x08, 0x00,
        0x49, 0x6E, 0x69, 0x74, 0x00, 0x00, 0x00, 0x00, 0x53, 0x68, 0x10, 0x00, 0xB3, 0x44, 0x17, 0x00,
        0x00, 0x00, 0x00, 0x00, 0x00, 0x00, 0x00, 0x00, 0x00, 0x00, 0x00, 0x00, 0x46, 0x4F, 0x62, 0xEA,
        0xC8, 0x00, 0x00, 0x00, 0x4F, 0x62, 0x6A, 0x44, 0x98, 0x00, 0x00, 0x00, 0x4F, 0x74, 0x04, 0x00,
        0x01, 0x00, 0x00, 0x00, 0x4F, 0x6E, 0x18, 0x00, 0x53, 0x61, 0x66, 0x65, 0x48, 0x6F, 0x75, 0x73,
        0x65, 0x49, 0x6E, 0x64, 0x69, 0x63, 0x61, 0x74, 0x6F, 0x72, 0x5F, 0x31, 0x00, 0x00, 0x00, 0x00,
        0x4F, 0x50, 0x10, 0x00, 0xE8, 0xC2, 0x0D, 0x00, 0xEF, 0xC9, 0x50, 0x37, 0x00, 0x00, 0x00, 0x40,
        0x02, 0x00, 0x00, 0x00, 0x49, 0x66, 0x04, 0x00, 0x00, 0x00, 0x00, 0x00, 0x53, 0x41, 0x54, 0x00,
        0x00, 0x00, 0x00, 0x00, 0x80, 0x00, 0x00, 0x00, 0xAA, 0x00, 0x00, 0x00, 0xFF, 0x00, 0x00, 0x00,
        0x00, 0x00, 0x00, 0x00, 0x00, 0x00, 0x00, 0x00, 0x00, 0x00, 0x00, 0x00, 0x00, 0x00, 0xA8, 0xC2,
        0x00, 0x80, 0xA9, 0x43, 0x00, 0x00, 0x00, 0x41, 0x00, 0x00, 0x00, 0x00, 0x00, 0x00, 0x00, 0x00,
        0x00, 0x00, 0x00, 0x00, 0x00, 0x00, 0x80, 0x3F, 0x00, 0x00, 0x80, 0x41, 0x00, 0x00, 0x80, 0x41,
        0x00, 0x00, 0x00, 0x00, 0x00, 0x00, 0x00, 0x00, 0x00, 0x00, 0x00, 0x00, 0x00, 0x00, 0x80, 0x3F,
        0x00, 0x00, 0x80, 0x3F, 0x53, 0x63, 0x72, 0x70, 0x20, 0x00, 0x00, 0x00, 0x53, 0x6E, 0x08, 0x00,
        0x49, 0x6E, 0x69, 0x74, 0x00, 0x00, 0x00, 0x00, 0x53, 0x68, 0x10, 0x00, 0xB3, 0x44, 0x17, 0x00,
        0x00, 0x00, 0x00, 0x00, 0x00, 0x00, 0x00, 0x00, 0x00, 0x00, 0x00, 0x00, 0x46, 0x4F, 0x62, 0xEA,
        0xC8, 0x00, 0x00, 0x00, 0x4F, 0x62, 0x6A, 0x44, 0x98, 0x00, 0x00, 0x00, 0x4F, 0x74, 0x04, 0x00,
        0x01, 0x00, 0x00, 0x00, 0x4F, 0x6E, 0x18, 0x00, 0x53, 0x74, 0x61, 0x72, 0x74, 0x4C, 0x69, 0x6E,
        0x65, 0x49, 0x6E, 0x64, 0x69, 0x63, 0x61, 0x74, 0x6F, 0x72, 0x5F, 0x31, 0x00, 0x00, 0x00, 0x00,
        0x4F, 0x50, 0x10, 0x00, 0xE7, 0xC2, 0x0D, 0x00, 0x62, 0xCA, 0xF1, 0x7A, 0x00, 0x00, 0x00, 0x40,
        0x03, 0x00, 0x00, 0x00, 0x49, 0x66, 0x04, 0x00, 0x00, 0x00, 0x00, 0x00, 0x53, 0x41, 0x54, 0x00,
        0xC0, 0x00, 0x00, 0x00, 0xC0, 0x00, 0x00, 0x00, 0xC0, 0x00, 0x00, 0x00, 0xFF, 0x00, 0x00, 0x00,
        0x00, 0x00, 0x00, 0x00, 0x00, 0x00, 0x00, 0x00, 0x00, 0x00, 0x00, 0x00, 0x00, 0x00, 0xCC, 0xC2,
        0x00, 0x80, 0xA9, 0x43, 0x00, 0x00, 0x00, 0x41, 0x00, 0x00, 0x00, 0x00, 0x00, 0x00, 0x00, 0x00,
        0x00, 0x00, 0x00, 0x00, 0x00, 0x00, 0x80, 0x3F, 0x00, 0x00, 0xA0, 0x41, 0x00, 0x00, 0xA0, 0x41,
        0x00, 0x00, 0x00, 0x00, 0x00, 0x00, 0x00, 0x00, 0x00, 0x00, 0x00, 0x00, 0x00, 0x00, 0x80, 0x3F,
        0x00, 0x00, 0x80, 0x3F, 0x53, 0x63, 0x72, 0x70, 0x20, 0x00, 0x00, 0x00, 0x53, 0x6E, 0x08, 0x00,
        0x49, 0x6E, 0x69, 0x74, 0x00, 0x00, 0x00, 0x00, 0x53, 0x68, 0x10, 0x00, 0xB3, 0x44, 0x17, 0x00,
        0x00, 0x00, 0x00, 0x00, 0x00, 0x00, 0x00, 0x00, 0x00, 0x00, 0x00, 0x00, 0x46, 0x4F, 0x62, 0xEA,
        0xC8, 0x00, 0x00, 0x00, 0x4F, 0x62, 0x6A, 0x44, 0x98, 0x00, 0x00, 0x00, 0x4F, 0x74, 0x04, 0x00,
        0x01, 0x00, 0x00, 0x00, 0x4F, 0x6E, 0x18, 0x00, 0x53, 0x70, 0x65, 0x65, 0x64, 0x54, 0x72, 0x61,
        0x70, 0x49, 0x6E, 0x64, 0x69, 0x63, 0x61, 0x74, 0x6F, 0x72, 0x5F, 0x31, 0x00, 0x00, 0x00, 0x00,
        0x4F, 0x50, 0x10, 0x00, 0xE6, 0xC2, 0x0D, 0x00, 0x14, 0xDE, 0x9C, 0x79, 0x00, 0x00, 0x00, 0x40,
        0x04, 0x00, 0x00, 0x00, 0x49, 0x66, 0x04, 0x00, 0x00, 0x00, 0x00, 0x00, 0x53, 0x41, 0x54, 0x00,
        0x95, 0x00, 0x00, 0x00, 0x65, 0x00, 0x00, 0x00, 0x00, 0x00, 0x00, 0x00, 0xFF, 0x00, 0x00, 0x00,
        0x00, 0x00, 0x00, 0x00, 0x00, 0x00, 0x00, 0x00, 0x00, 0x00, 0x00, 0x00, 0x00, 0x00, 0xF4, 0xC2,
        0x00, 0x80, 0xA9, 0x43, 0x00, 0x00, 0x00, 0x41, 0x00, 0x00, 0x00, 0x00, 0x00, 0x00, 0x00, 0x00,
        0x00, 0x00, 0x00, 0x00, 0x00, 0x00, 0x80, 0x3F, 0x00, 0x00, 0x80, 0x41, 0x00, 0x00, 0x80, 0x41,
        0x00, 0x00, 0x00, 0x00, 0x00, 0x00, 0x00, 0x00, 0x00, 0x00, 0x00, 0x00, 0x00, 0x00, 0x80, 0x3F,
        0x00, 0x00, 0x80, 0x3F, 0x53, 0x63, 0x72, 0x70, 0x20, 0x00, 0x00, 0x00, 0x53, 0x6E, 0x08, 0x00,
        0x49, 0x6E, 0x69, 0x74, 0x00, 0x00, 0x00, 0x00, 0x53, 0x68, 0x10, 0x00, 0xB3, 0x44, 0x17, 0x00,
        0x00, 0x00, 0x00, 0x00, 0x00, 0x00, 0x00, 0x00, 0x00, 0x00, 0x00, 0x00, 0x46, 0x4F, 0x62, 0xEA,
        0xCC, 0x00, 0x00, 0x00, 0x4F, 0x62, 0x6A, 0x44, 0x9C, 0x00, 0x00, 0x00, 0x4F, 0x74, 0x04, 0x00,
        0x01, 0x00, 0x00, 0x00, 0x4F, 0x6E, 0x1C, 0x00, 0x54, 0x69, 0x6D, 0x65, 0x54, 0x72, 0x69, 0x61,
        0x6C, 0x45, 0x76, 0x65, 0x6E, 0x74, 0x49, 0x6E, 0x64, 0x69, 0x63, 0x61, 0x74, 0x6F, 0x72, 0x5F,
        0x31, 0x00, 0x00, 0x00, 0x4F, 0x50, 0x10, 0x00, 0xE5, 0xC2, 0x0D, 0x00, 0x59, 0x08, 0x87, 0x92,
        0x00, 0x00, 0x00, 0x40, 0x05, 0x00, 0x00, 0x00, 0x49, 0x66, 0x04, 0x00, 0x00, 0x00, 0x00, 0x00,
        0x53, 0x41, 0x54, 0x00, 0xC0, 0x00, 0x00, 0x00, 0xC0, 0x00, 0x00, 0x00, 0xC0, 0x00, 0x00, 0x00,
        0xFF, 0x00, 0x00, 0x00, 0x00, 0x00, 0x00, 0x00, 0x00, 0x00, 0x00, 0x00, 0x00, 0x00, 0x00, 0x00,
        0x00, 0x00, 0x0C, 0xC3, 0x00, 0x80, 0xA9, 0x43, 0x00, 0x00, 0x00, 0x41, 0x00, 0x00, 0x00, 0x00,
        0x00, 0x00, 0x00, 0x00, 0x00, 0x00, 0x00, 0x00, 0x00, 0x00, 0x80, 0x3F, 0x00, 0x00, 0x80, 0x41,
        0x00, 0x00, 0x80, 0x41, 0x00, 0x00, 0x00, 0x00, 0x00, 0x00, 0x00, 0x00, 0x00, 0x00, 0x00, 0x00,
        0x00, 0x00, 0x80, 0x3F, 0x00, 0x00, 0x80, 0x3F, 0x53, 0x63, 0x72, 0x70, 0x20, 0x00, 0x00, 0x00,
        0x53, 0x6E, 0x08, 0x00, 0x49, 0x6E, 0x69, 0x74, 0x00, 0x00, 0x00, 0x00, 0x53, 0x68, 0x10, 0x00,
        0xB3, 0x44, 0x17, 0x00, 0x00, 0x00, 0x00, 0x00, 0x00, 0x00, 0x00, 0x00, 0x00, 0x00, 0x00, 0x00,
        0x46, 0x4F, 0x62, 0xEA, 0xCC, 0x00, 0x00, 0x00, 0x4F, 0x62, 0x6A, 0x44, 0x9C, 0x00, 0x00, 0x00,
        0x4F, 0x74, 0x04, 0x00, 0x01, 0x00, 0x00, 0x00, 0x4F, 0x6E, 0x1C, 0x00, 0x50, 0x6F, 0x69, 0x6E,
        0x74, 0x32, 0x50, 0x6F, 0x69, 0x6E, 0x74, 0x45, 0x76, 0x65, 0x6E, 0x74, 0x49, 0x6E, 0x64, 0x69,
        0x63, 0x61, 0x74, 0x6F, 0x72, 0x5F, 0x32, 0x00, 0x4F, 0x50, 0x10, 0x00, 0xC8, 0xC2, 0x0D, 0x00,
        0xD5, 0x2C, 0x11, 0x82, 0x00, 0x00, 0x00, 0x40, 0x06, 0x00, 0x00, 0x00, 0x49, 0x66, 0x04, 0x00,
        0x00, 0x00, 0x00, 0x00, 0x53, 0x41, 0x54, 0x00, 0xC0, 0x00, 0x00, 0x00, 0xC0, 0x00, 0x00, 0x00,
        0xC0, 0x00, 0x00, 0x00, 0xFF, 0x00, 0x00, 0x00, 0x00, 0x00, 0x00, 0x00, 0x00, 0x00, 0x00, 0x00,
        0x00, 0x00, 0x00, 0x00, 0x00, 0x00, 0x1E, 0xC3, 0x00, 0x00, 0xB3, 0x43, 0x00, 0x00, 0x00, 0x41,
        0x00, 0x00, 0x00, 0x00, 0x00, 0x00, 0x00, 0x00, 0x00, 0x00, 0x00, 0x00, 0x00, 0x00, 0x80, 0x3F,
        0x00, 0x00, 0x80, 0x41, 0x00, 0x00, 0x80, 0x41, 0x00, 0x00, 0x00, 0x00, 0x00, 0x00, 0x00, 0x00,
        0x00, 0x00, 0x00, 0x00, 0x00, 0x00, 0x80, 0x3F, 0x00, 0x00, 0x80, 0x3F, 0x53, 0x63, 0x72, 0x70,
        0x20, 0x00, 0x00, 0x00, 0x53, 0x6E, 0x08, 0x00, 0x49, 0x6E, 0x69, 0x74, 0x00, 0x00, 0x00, 0x00,
        0x53, 0x68, 0x10, 0x00, 0xB3, 0x44, 0x17, 0x00, 0x00, 0x00, 0x00, 0x00, 0x00, 0x00, 0x00, 0x00,
        0x00, 0x00, 0x00, 0x00, 0x46, 0x4F, 0x62, 0xEA, 0xCC, 0x00, 0x00, 0x00, 0x4F, 0x62, 0x6A, 0x44,
        0x9C, 0x00, 0x00, 0x00, 0x4F, 0x74, 0x04, 0x00, 0x01, 0x00, 0x00, 0x00, 0x4F, 0x6E, 0x1C, 0x00,
        0x50, 0x6F, 0x69, 0x6E, 0x74, 0x32, 0x50, 0x6F, 0x69, 0x6E, 0x74, 0x45, 0x76, 0x65, 0x6E, 0x74,
        0x49, 0x6E, 0x64, 0x69, 0x63, 0x61, 0x74, 0x6F, 0x72, 0x5F, 0x31, 0x00, 0x4F, 0x50, 0x10, 0x00,
        0xC3, 0xC2, 0x0D, 0x00, 0xD4, 0x2C, 0x11, 0x82, 0x00, 0x00, 0x00, 0x40, 0x06, 0x00, 0x00, 0x00,
        0x49, 0x66, 0x04, 0x00, 0x00, 0x00, 0x00, 0x00, 0x53, 0x41, 0x54, 0x00, 0xC0, 0x00, 0x00, 0x00,
        0xC0, 0x00, 0x00, 0x00, 0xC0, 0x00, 0x00, 0x00, 0xFF, 0x00, 0x00, 0x00, 0x00, 0x00, 0x00, 0x00,
        0x00, 0x00, 0x00, 0x00, 0x00, 0x00, 0x00, 0x00, 0x00, 0x00, 0x1F, 0xC3, 0x00, 0x80, 0xA9, 0x43,
        0x00, 0x00, 0x00, 0x41, 0x00, 0x00, 0x00, 0x00, 0x00, 0x00, 0x00, 0x00, 0x00, 0x00, 0x00, 0x00,
        0x00, 0x00, 0x80, 0x3F, 0x00, 0x00, 0x80, 0x41, 0x00, 0x00, 0x80, 0x41, 0x00, 0x00, 0x00, 0x00,
        0x00, 0x00, 0x00, 0x00, 0x00, 0x00, 0x00, 0x00, 0x00, 0x00, 0x80, 0x3F, 0x00, 0x00, 0x80, 0x3F,
        0x53, 0x63, 0x72, 0x70, 0x20, 0x00, 0x00, 0x00, 0x53, 0x6E, 0x08, 0x00, 0x49, 0x6E, 0x69, 0x74,
        0x00, 0x00, 0x00, 0x00, 0x53, 0x68, 0x10, 0x00, 0xB3, 0x44, 0x17, 0x00, 0x00, 0x00, 0x00, 0x00,
        0x00, 0x00, 0x00, 0x00, 0x00, 0x00, 0x00, 0x00, 0x46, 0x4F, 0x62, 0xEA, 0xCC, 0x00, 0x00, 0x00,
        0x4F, 0x62, 0x6A, 0x44, 0x9C, 0x00, 0x00, 0x00, 0x4F, 0x74, 0x04, 0x00, 0x01, 0x00, 0x00, 0x00,
        0x4F, 0x6E, 0x1C, 0x00, 0x48, 0x65, 0x61, 0x64, 0x6C, 0x69, 0x6E, 0x65, 0x45, 0x76, 0x65, 0x6E,
        0x74, 0x49, 0x6E, 0x64, 0x69, 0x63, 0x61, 0x74, 0x6F, 0x72, 0x5F, 0x32, 0x00, 0x00, 0x00, 0x00,
        0x4F, 0x50, 0x10, 0x00, 0xB8, 0xC2, 0x0D, 0x00, 0x09, 0x64, 0xBE, 0xFB, 0x00, 0x00, 0x00, 0x40,
        0x07, 0x00, 0x00, 0x00, 0x49, 0x66, 0x04, 0x00, 0x00, 0x00, 0x00, 0x00, 0x53, 0x41, 0x54, 0x00,
        0xC0, 0x00, 0x00, 0x00, 0xC0, 0x00, 0x00, 0x00, 0xC0, 0x00, 0x00, 0x00, 0xFF, 0x00, 0x00, 0x00,
        0x00, 0x00, 0x00, 0x00, 0x00, 0x00, 0x00, 0x00, 0x00, 0x00, 0x00, 0x00, 0x00, 0x00, 0x32, 0xC3,
        0x00, 0x00, 0xB3, 0x43, 0x00, 0x00, 0x00, 0x41, 0x00, 0x00, 0x00, 0x00, 0x00, 0x00, 0x00, 0x00,
        0x00, 0x00, 0x00, 0x00, 0x00, 0x00, 0x80, 0x3F, 0x00, 0x00, 0x80, 0x41, 0x00, 0x00, 0x80, 0x41,
        0x00, 0x00, 0x00, 0x00, 0x00, 0x00, 0x00, 0x00, 0x00, 0x00, 0x00, 0x00, 0x00, 0x00, 0x80, 0x3F,
        0x00, 0x00, 0x80, 0x3F, 0x53, 0x63, 0x72, 0x70, 0x20, 0x00, 0x00, 0x00, 0x53, 0x6E, 0x08, 0x00,
        0x49, 0x6E, 0x69, 0x74, 0x00, 0x00, 0x00, 0x00, 0x53, 0x68, 0x10, 0x00, 0xB3, 0x44, 0x17, 0x00,
        0x00, 0x00, 0x00, 0x00, 0x00, 0x00, 0x00, 0x00, 0x00, 0x00, 0x00, 0x00, 0x46, 0x4F, 0x62, 0xEA,
        0xCC, 0x00, 0x00, 0x00, 0x4F, 0x62, 0x6A, 0x44, 0x9C, 0x00, 0x00, 0x00, 0x4F, 0x74, 0x04, 0x00,
        0x01, 0x00, 0x00, 0x00, 0x4F, 0x6E, 0x1C, 0x00, 0x48, 0x65, 0x61, 0x64, 0x6C, 0x69, 0x6E, 0x65,
        0x45, 0x76, 0x65, 0x6E, 0x74, 0x49, 0x6E, 0x64, 0x69, 0x63, 0x61, 0x74, 0x6F, 0x72, 0x5F, 0x31,
        0x00, 0x00, 0x00, 0x00, 0x4F, 0x50, 0x10, 0x00, 0xB0, 0xC2, 0x0D, 0x00, 0x08, 0x64, 0xBE, 0xFB,
        0x00, 0x00, 0x00, 0x40, 0x07, 0x00, 0x00, 0x00, 0x49, 0x66, 0x04, 0x00, 0x00, 0x00, 0x00, 0x00,
        0x53, 0x41, 0x54, 0x00, 0xC0, 0x00, 0x00, 0x00, 0xC0, 0x00, 0x00, 0x00, 0xC0, 0x00, 0x00, 0x00,
        0xFF, 0x00, 0x00, 0x00, 0x00, 0x00, 0x00, 0x00, 0x00, 0x00, 0x00, 0x00, 0x00, 0x00, 0x00, 0x00,
        0x00, 0x00, 0x32, 0xC3, 0x00, 0x80, 0xA9, 0x43, 0x00, 0x00, 0x00, 0x41, 0x00, 0x00, 0x00, 0x00,
        0x00, 0x00, 0x00, 0x00, 0x00, 0x00, 0x00, 0x00, 0x00, 0x00, 0x80, 0x3F, 0x00, 0x00, 0x80, 0x41,
        0x00, 0x00, 0x80, 0x41, 0x00, 0x00, 0x00, 0x00, 0x00, 0x00, 0x00, 0x00, 0x00, 0x00, 0x00, 0x00,
        0x00, 0x00, 0x80, 0x3F, 0x00, 0x00, 0x80, 0x3F, 0x53, 0x63, 0x72, 0x70, 0x20, 0x00, 0x00, 0x00,
        0x53, 0x6E, 0x08, 0x00, 0x49, 0x6E, 0x69, 0x74, 0x00, 0x00, 0x00, 0x00, 0x53, 0x68, 0x10, 0x00,
        0xB3, 0x44, 0x17, 0x00, 0x00, 0x00, 0x00, 0x00, 0x00, 0x00, 0x00, 0x00, 0x00, 0x00, 0x00, 0x00,
        0x46, 0x4F, 0x62, 0xEA, 0xC8, 0x00, 0x00, 0x00, 0x4F, 0x62, 0x6A, 0x44, 0x98, 0x00, 0x00, 0x00,
        0x4F, 0x74, 0x04, 0x00, 0x01, 0x00, 0x00, 0x00, 0x4F, 0x6E, 0x18, 0x00, 0x43, 0x69, 0x72, 0x63,
        0x75, 0x69, 0x74, 0x45, 0x76, 0x65, 0x6E, 0x74, 0x49, 0x6E, 0x64, 0x69, 0x63, 0x61, 0x74, 0x6F,
        0x72, 0x5F, 0x32, 0x00, 0x4F, 0x50, 0x10, 0x00, 0x95, 0xC2, 0x0D, 0x00, 0x82, 0x58, 0x22, 0x2C,
        0x00, 0x00, 0x00, 0x40, 0x08, 0x00, 0x00, 0x00, 0x49, 0x66, 0x04, 0x00, 0x00, 0x00, 0x00, 0x00,
        0x53, 0x41, 0x54, 0x00, 0xC0, 0x00, 0x00, 0x00, 0xC0, 0x00, 0x00, 0x00, 0xC0, 0x00, 0x00, 0x00,
        0xFF, 0x00, 0x00, 0x00, 0x00, 0x00, 0x00, 0x00, 0x00, 0x00, 0x00, 0x00, 0x00, 0x00, 0x00, 0x00,
        0x00, 0x00, 0x45, 0xC3, 0x00, 0x00, 0xB3, 0x43, 0x00, 0x00, 0x00, 0x41, 0x00, 0x00, 0x00, 0x00,
        0x00, 0x00, 0x00, 0x00, 0x00, 0x00, 0x00, 0x00, 0x00, 0x00, 0x80, 0x3F, 0x00, 0x00, 0x80, 0x41,
        0x00, 0x00, 0x80, 0x41, 0x00, 0x00, 0x00, 0x00, 0x00, 0x00, 0x00, 0x00, 0x00, 0x00, 0x00, 0x00,
        0x00, 0x00, 0x80, 0x3F, 0x00, 0x00, 0x80, 0x3F, 0x53, 0x63, 0x72, 0x70, 0x20, 0x00, 0x00, 0x00,
        0x53, 0x6E, 0x08, 0x00, 0x49, 0x6E, 0x69, 0x74, 0x00, 0x00, 0x00, 0x00, 0x53, 0x68, 0x10, 0x00,
        0xB3, 0x44, 0x17, 0x00, 0x00, 0x00, 0x00, 0x00, 0x00, 0x00, 0x00, 0x00, 0x00, 0x00, 0x00, 0x00,
        0x46, 0x4F, 0x62, 0xEA, 0xC8, 0x00, 0x00, 0x00, 0x4F, 0x62, 0x6A, 0x44, 0x98, 0x00, 0x00, 0x00,
        0x4F, 0x74, 0x04, 0x00, 0x01, 0x00, 0x00, 0x00, 0x4F, 0x6E, 0x18, 0x00, 0x43, 0x69, 0x72, 0x63,
        0x75, 0x69, 0x74, 0x45, 0x76, 0x65, 0x6E, 0x74, 0x49, 0x6E, 0x64, 0x69, 0x63, 0x61, 0x74, 0x6F,
        0x72, 0x5F, 0x31, 0x00, 0x4F, 0x50, 0x10, 0x00, 0x90, 0xC2, 0x0D, 0x00, 0x81, 0x58, 0x22, 0x2C,
        0x00, 0x00, 0x00, 0x40, 0x08, 0x00, 0x00, 0x00, 0x49, 0x66, 0x04, 0x00, 0x00, 0x00, 0x00, 0x00,
        0x53, 0x41, 0x54, 0x00, 0xC0, 0x00, 0x00, 0x00, 0xC0, 0x00, 0x00, 0x00, 0xC0, 0x00, 0x00, 0x00,
        0xFF, 0x00, 0x00, 0x00, 0x00, 0x00, 0x00, 0x00, 0x00, 0x00, 0x00, 0x00, 0x00, 0x00, 0x00, 0x00,
        0x00, 0x00, 0x45, 0xC3, 0x00, 0x80, 0xA9, 0x43, 0x00, 0x00, 0x00, 0x41, 0x00, 0x00, 0x00, 0x00,
        0x00, 0x00, 0x00, 0x00, 0x00, 0x00, 0x00, 0x00, 0x00, 0x00, 0x80, 0x3F, 0x00, 0x00, 0x80, 0x41,
        0x00, 0x00, 0x80, 0x41, 0x00, 0x00, 0x00, 0x00, 0x00, 0x00, 0x00, 0x00, 0x00, 0x00, 0x00, 0x00,
        0x00, 0x00, 0x80, 0x3F, 0x00, 0x00, 0x80, 0x3F, 0x53, 0x63, 0x72, 0x70, 0x20, 0x00, 0x00, 0x00,
        0x53, 0x6E, 0x08, 0x00, 0x49, 0x6E, 0x69, 0x74, 0x00, 0x00, 0x00, 0x00, 0x53, 0x68, 0x10, 0x00,
        0xB3, 0x44, 0x17, 0x00, 0x00, 0x00, 0x00, 0x00, 0x00, 0x00, 0x00, 0x00, 0x00, 0x00, 0x00, 0x00,
        0x46, 0x4F, 0x62, 0xEA, 0xCC, 0x00, 0x00, 0x00, 0x4F, 0x62, 0x6A, 0x44, 0x9C, 0x00, 0x00, 0x00,
        0x4F, 0x74, 0x04, 0x00, 0x01, 0x00, 0x00, 0x00, 0x4F, 0x6E, 0x1C, 0x00, 0x54, 0x69, 0x6D, 0x65,
        0x54, 0x72, 0x69, 0x61, 0x6C, 0x45, 0x76, 0x65, 0x6E, 0x74, 0x49, 0x6E, 0x64, 0x69, 0x63, 0x61,
        0x74, 0x6F, 0x72, 0x5F, 0x30, 0x00, 0x00, 0x00, 0x4F, 0x50, 0x10, 0x00, 0xF5, 0xC1, 0x0D, 0x00,
        0x58, 0x08, 0x87, 0x92, 0x00, 0x00, 0x00, 0x40, 0x05, 0x00, 0x00, 0x00, 0x49, 0x66, 0x04, 0x00,
        0x00, 0x00, 0x00, 0x00, 0x53, 0x41, 0x54, 0x00, 0xC0, 0x00, 0x00, 0x00, 0xC0, 0x00, 0x00, 0x00,
        0xC0, 0x00, 0x00, 0x00, 0xFF, 0x00, 0x00, 0x00, 0x00, 0x00, 0x00, 0x00, 0x00, 0x00, 0x00, 0x00,
        0x00, 0x00, 0x00, 0x00, 0x00, 0x00, 0x0C, 0xC3, 0x00, 0x00, 0xA0, 0x43, 0x00, 0x00, 0x00, 0x41,
        0x00, 0x00, 0x00, 0x00, 0x00, 0x00, 0x00, 0x00, 0x00, 0x00, 0x00, 0x00, 0x00, 0x00, 0x80, 0x3F,
        0x00, 0x00, 0x80, 0x41, 0x00, 0x00, 0x80, 0x41, 0x00, 0x00, 0x00, 0x00, 0x00, 0x00, 0x00, 0x00,
        0x00, 0x00, 0x00, 0x00, 0x00, 0x00, 0x80, 0x3F, 0x00, 0x00, 0x80, 0x3F, 0x53, 0x63, 0x72, 0x70,
        0x20, 0x00, 0x00, 0x00, 0x53, 0x6E, 0x08, 0x00, 0x49, 0x6E, 0x69, 0x74, 0x00, 0x00, 0x00, 0x00,
        0x53, 0x68, 0x10, 0x00, 0xB3, 0x44, 0x17, 0x00, 0x00, 0x00, 0x00, 0x00, 0x00, 0x00, 0x00, 0x00,
        0x00, 0x00, 0x00, 0x00, 0x46, 0x4F, 0x62, 0xEA, 0xC8, 0x00, 0x00, 0x00, 0x4F, 0x62, 0x6A, 0x44,
        0x98, 0x00, 0x00, 0x00, 0x4F, 0x74, 0x04, 0x00, 0x01, 0x00, 0x00, 0x00, 0x4F, 0x6E, 0x18, 0x00,
        0x53, 0x74, 0x61, 0x72, 0x74, 0x4C, 0x69, 0x6E, 0x65, 0x49, 0x6E, 0x64, 0x69, 0x63, 0x61, 0x74,
        0x6F, 0x72, 0x5F, 0x30, 0x00, 0x00, 0x00, 0x00, 0x4F, 0x50, 0x10, 0x00, 0xF2, 0xC1, 0x0D, 0x00,
        0x61, 0xCA, 0xF1, 0x7A, 0x00, 0x00, 0x00, 0x40, 0x03, 0x00, 0x00, 0x00, 0x49, 0x66, 0x04, 0x00,
        0x00, 0x00, 0x00, 0x00, 0x53, 0x41, 0x54, 0x00, 0xC0, 0x00, 0x00, 0x00, 0xC0, 0x00, 0x00, 0x00,
        0xC0, 0x00, 0x00, 0x00, 0xFF, 0x00, 0x00, 0x00, 0x00, 0x00, 0x00, 0x00, 0x00, 0x00, 0x00, 0x00,
        0x00, 0x00, 0x00, 0x00, 0x00, 0x00, 0xCC, 0xC2, 0x00, 0x00, 0xA0, 0x43, 0x00, 0x00, 0x00, 0x41,
        0x00, 0x00, 0x00, 0x00, 0x00, 0x00, 0x00, 0x00, 0x00, 0x00, 0x00, 0x00, 0x00, 0x00, 0x80, 0x3F,
        0x00, 0x00, 0xA0, 0x41, 0x00, 0x00, 0xA0, 0x41, 0x00, 0x00, 0x00, 0x00, 0x00, 0x00, 0x00, 0x00,
        0x00, 0x00, 0x00, 0x00, 0x00, 0x00, 0x80, 0x3F, 0x00, 0x00, 0x80, 0x3F, 0x53, 0x63, 0x72, 0x70,
        0x20, 0x00, 0x00, 0x00, 0x53, 0x6E, 0x08, 0x00, 0x49, 0x6E, 0x69, 0x74, 0x00, 0x00, 0x00, 0x00,
        0x53, 0x68, 0x10, 0x00, 0xB3, 0x44, 0x17, 0x00, 0x00, 0x00, 0x00, 0x00, 0x00, 0x00, 0x00, 0x00,
        0x00, 0x00, 0x00, 0x00, 0x46, 0x4F, 0x62, 0xEA, 0xC8, 0x00, 0x00, 0x00, 0x4F, 0x62, 0x6A, 0x44,
        0x98, 0x00, 0x00, 0x00, 0x4F, 0x74, 0x04, 0x00, 0x01, 0x00, 0x00, 0x00, 0x4F, 0x6E, 0x18, 0x00,
        0x53, 0x70, 0x65, 0x65, 0x64, 0x54, 0x72, 0x61, 0x70, 0x49, 0x6E, 0x64, 0x69, 0x63, 0x61, 0x74,
        0x6F, 0x72, 0x5F, 0x30, 0x00, 0x00, 0x00, 0x00, 0x4F, 0x50, 0x10, 0x00, 0xEF, 0xC1, 0x0D, 0x00,
        0x13, 0xDE, 0x9C, 0x79, 0x00, 0x00, 0x00, 0x40, 0x04, 0x00, 0x00, 0x00, 0x49, 0x66, 0x04, 0x00,
        0x00, 0x00, 0x00, 0x00, 0x53, 0x41, 0x54, 0x00, 0x95, 0x00, 0x00, 0x00, 0x65, 0x00, 0x00, 0x00,
        0x00, 0x00, 0x00, 0x00, 0xFF, 0x00, 0x00, 0x00, 0x00, 0x00, 0x00, 0x00, 0x00, 0x00, 0x00, 0x00,
        0x00, 0x00, 0x00, 0x00, 0x00, 0x00, 0xF4, 0xC2, 0x00, 0x00, 0xA0, 0x43, 0x00, 0x00, 0x00, 0x41,
        0x00, 0x00, 0x00, 0x00, 0x00, 0x00, 0x00, 0x00, 0x00, 0x00, 0x00, 0x00, 0x00, 0x00, 0x80, 0x3F,
        0x00, 0x00, 0x80, 0x41, 0x00, 0x00, 0x80, 0x41, 0x00, 0x00, 0x00, 0x00, 0x00, 0x00, 0x00, 0x00,
        0x00, 0x00, 0x00, 0x00, 0x00, 0x00, 0x80, 0x3F, 0x00, 0x00, 0x80, 0x3F, 0x53, 0x63, 0x72, 0x70,
        0x20, 0x00, 0x00, 0x00, 0x53, 0x6E, 0x08, 0x00, 0x49, 0x6E, 0x69, 0x74, 0x00, 0x00, 0x00, 0x00,
        0x53, 0x68, 0x10, 0x00, 0xB3, 0x44, 0x17, 0x00, 0x00, 0x00, 0x00, 0x00, 0x00, 0x00, 0x00, 0x00,
        0x00, 0x00, 0x00, 0x00, 0x46, 0x4F, 0x62, 0xEA, 0xC8, 0x00, 0x00, 0x00, 0x4F, 0x62, 0x6A, 0x44,
        0x98, 0x00, 0x00, 0x00, 0x4F, 0x74, 0x04, 0x00, 0x01, 0x00, 0x00, 0x00, 0x4F, 0x6E, 0x18, 0x00,
        0x53, 0x61, 0x66, 0x65, 0x48, 0x6F, 0x75, 0x73, 0x65, 0x49, 0x6E, 0x64, 0x69, 0x63, 0x61, 0x74,
        0x6F, 0x72, 0x5F, 0x30, 0x00, 0x00, 0x00, 0x00, 0x4F, 0x50, 0x10, 0x00, 0xEC, 0xC1, 0x0D, 0x00,
        0xEE, 0xC9, 0x50, 0x37, 0x00, 0x00, 0x00, 0x40, 0x02, 0x00, 0x00, 0x00, 0x49, 0x66, 0x04, 0x00,
        0x00, 0x00, 0x00, 0x00, 0x53, 0x41, 0x54, 0x00, 0x00, 0x00, 0x00, 0x00, 0x80, 0x00, 0x00, 0x00,
        0xAA, 0x00, 0x00, 0x00, 0xFF, 0x00, 0x00, 0x00, 0x00, 0x00, 0x00, 0x00, 0x00, 0x00, 0x00, 0x00,
        0x00, 0x00, 0x00, 0x00, 0x00, 0x00, 0xA8, 0xC2, 0x00, 0x00, 0xA0, 0x43, 0x00, 0x00, 0x00, 0x41,
        0x00, 0x00, 0x00, 0x00, 0x00, 0x00, 0x00, 0x00, 0x00, 0x00, 0x00, 0x00, 0x00, 0x00, 0x80, 0x3F,
        0x00, 0x00, 0x80, 0x41, 0x00, 0x00, 0x80, 0x41, 0x00, 0x00, 0x00, 0x00, 0x00, 0x00, 0x00, 0x00,
        0x00, 0x00, 0x00, 0x00, 0x00, 0x00, 0x80, 0x3F, 0x00, 0x00, 0x80, 0x3F, 0x53, 0x63, 0x72, 0x70,
        0x20, 0x00, 0x00, 0x00, 0x53, 0x6E, 0x08, 0x00, 0x49, 0x6E, 0x69, 0x74, 0x00, 0x00, 0x00, 0x00,
        0x53, 0x68, 0x10, 0x00, 0xB3, 0x44, 0x17, 0x00, 0x00, 0x00, 0x00, 0x00, 0x00, 0x00, 0x00, 0x00,
        0x00, 0x00, 0x00, 0x00, 0x46, 0x4F, 0x62, 0xEA, 0xCC, 0x00, 0x00, 0x00, 0x4F, 0x62, 0x6A, 0x44,
        0x9C, 0x00, 0x00, 0x00, 0x4F, 0x74, 0x04, 0x00, 0x01, 0x00, 0x00, 0x00, 0x4F, 0x6E, 0x1C, 0x00,
        0x50, 0x6F, 0x69, 0x6E, 0x74, 0x32, 0x50, 0x6F, 0x69, 0x6E, 0x74, 0x45, 0x76, 0x65, 0x6E, 0x74,
        0x49, 0x6E, 0x64, 0x69, 0x63, 0x61, 0x74, 0x6F, 0x72, 0x5F, 0x30, 0x00, 0x4F, 0x50, 0x10, 0x00,
        0xE3, 0xC1, 0x0D, 0x00, 0xD3, 0x2C, 0x11, 0x82, 0x00, 0x00, 0x00, 0x40, 0x06, 0x00, 0x00, 0x00,
        0x49, 0x66, 0x04, 0x00, 0x00, 0x00, 0x00, 0x00, 0x53, 0x41, 0x54, 0x00, 0xC0, 0x00, 0x00, 0x00,
        0xC0, 0x00, 0x00, 0x00, 0xC0, 0x00, 0x00, 0x00, 0xFF, 0x00, 0x00, 0x00, 0x00, 0x00, 0x00, 0x00,
        0x00, 0x00, 0x00, 0x00, 0x00, 0x00, 0x00, 0x00, 0x00, 0x00, 0x1F, 0xC3, 0x00, 0x00, 0xA0, 0x43,
        0x00, 0x00, 0x00, 0x41, 0x00, 0x00, 0x00, 0x00, 0x00, 0x00, 0x00, 0x00, 0x00, 0x00, 0x00, 0x00,
        0x00, 0x00, 0x80, 0x3F, 0x00, 0x00, 0x80, 0x41, 0x00, 0x00, 0x80, 0x41, 0x00, 0x00, 0x00, 0x00,
        0x00, 0x00, 0x00, 0x00, 0x00, 0x00, 0x00, 0x00, 0x00, 0x00, 0x80, 0x3F, 0x00, 0x00, 0x80, 0x3F,
        0x53, 0x63, 0x72, 0x70, 0x20, 0x00, 0x00, 0x00, 0x53, 0x6E, 0x08, 0x00, 0x49, 0x6E, 0x69, 0x74,
        0x00, 0x00, 0x00, 0x00, 0x53, 0x68, 0x10, 0x00, 0xB3, 0x44, 0x17, 0x00, 0x00, 0x00, 0x00, 0x00,
        0x00, 0x00, 0x00, 0x00, 0x00, 0x00, 0x00, 0x00, 0x46, 0x4F, 0x62, 0xEA, 0xCC, 0x00, 0x00, 0x00,
        0x4F, 0x62, 0x6A, 0x44, 0x9C, 0x00, 0x00, 0x00, 0x4F, 0x74, 0x04, 0x00, 0x01, 0x00, 0x00, 0x00,
        0x4F, 0x6E, 0x1C, 0x00, 0x48, 0x65, 0x61, 0x64, 0x6C, 0x69, 0x6E, 0x65, 0x45, 0x76, 0x65, 0x6E,
        0x74, 0x49, 0x6E, 0x64, 0x69, 0x63, 0x61, 0x74, 0x6F, 0x72, 0x5F, 0x30, 0x00, 0x00, 0x00, 0x00,
        0x4F, 0x50, 0x10, 0x00, 0xE0, 0xC1, 0x0D, 0x00, 0x07, 0x64, 0xBE, 0xFB, 0x00, 0x00, 0x00, 0x40,
        0x07, 0x00, 0x00, 0x00, 0x49, 0x66, 0x04, 0x00, 0x00, 0x00, 0x00, 0x00, 0x53, 0x41, 0x54, 0x00,
        0xC0, 0x00, 0x00, 0x00, 0xC0, 0x00, 0x00, 0x00, 0xC0, 0x00, 0x00, 0x00, 0xFF, 0x00, 0x00, 0x00,
        0x00, 0x00, 0x00, 0x00, 0x00, 0x00, 0x00, 0x00, 0x00, 0x00, 0x00, 0x00, 0x00, 0x00, 0x32, 0xC3,
        0x00, 0x00, 0xA0, 0x43, 0x00, 0x00, 0x00, 0x41, 0x00, 0x00, 0x00, 0x00, 0x00, 0x00, 0x00, 0x00,
        0x00, 0x00, 0x00, 0x00, 0x00, 0x00, 0x80, 0x3F, 0x00, 0x00, 0x80, 0x41, 0x00, 0x00, 0x80, 0x41,
        0x00, 0x00, 0x00, 0x00, 0x00, 0x00, 0x00, 0x00, 0x00, 0x00, 0x00, 0x00, 0x00, 0x00, 0x80, 0x3F,
        0x00, 0x00, 0x80, 0x3F, 0x53, 0x63, 0x72, 0x70, 0x20, 0x00, 0x00, 0x00, 0x53, 0x6E, 0x08, 0x00,
        0x49, 0x6E, 0x69, 0x74, 0x00, 0x00, 0x00, 0x00, 0x53, 0x68, 0x10, 0x00, 0xB3, 0x44, 0x17, 0x00,
        0x00, 0x00, 0x00, 0x00, 0x00, 0x00, 0x00, 0x00, 0x00, 0x00, 0x00, 0x00, 0x46, 0x4F, 0x62, 0xEA,
        0xC8, 0x00, 0x00, 0x00, 0x4F, 0x62, 0x6A, 0x44, 0x98, 0x00, 0x00, 0x00, 0x4F, 0x74, 0x04, 0x00,
        0x01, 0x00, 0x00, 0x00, 0x4F, 0x6E, 0x18, 0x00, 0x43, 0x69, 0x72, 0x63, 0x75, 0x69, 0x74, 0x45,
        0x76, 0x65, 0x6E, 0x74, 0x49, 0x6E, 0x64, 0x69, 0x63, 0x61, 0x74, 0x6F, 0x72, 0x5F, 0x30, 0x00,
        0x4F, 0x50, 0x10, 0x00, 0xDA, 0xC1, 0x0D, 0x00, 0x80, 0x58, 0x22, 0x2C, 0x00, 0x00, 0x00, 0x40,
        0x08, 0x00, 0x00, 0x00, 0x49, 0x66, 0x04, 0x00, 0x00, 0x00, 0x00, 0x00, 0x53, 0x41, 0x54, 0x00,
        0xC0, 0x00, 0x00, 0x00, 0xC0, 0x00, 0x00, 0x00, 0xC0, 0x00, 0x00, 0x00, 0xFF, 0x00, 0x00, 0x00,
        0x00, 0x00, 0x00, 0x00, 0x00, 0x00, 0x00, 0x00, 0x00, 0x00, 0x00, 0x00, 0x00, 0x00, 0x46, 0xC3,
        0x00, 0x00, 0xA0, 0x43, 0x00, 0x00, 0x00, 0x41, 0x00, 0x00, 0x00, 0x00, 0x00, 0x00, 0x00, 0x00,
        0x00, 0x00, 0x00, 0x00, 0x00, 0x00, 0x80, 0x3F, 0x00, 0x00, 0x80, 0x41, 0x00, 0x00, 0x80, 0x41,
        0x00, 0x00, 0x00, 0x00, 0x00, 0x00, 0x00, 0x00, 0x00, 0x00, 0x00, 0x00, 0x00, 0x00, 0x80, 0x3F,
        0x00, 0x00, 0x80, 0x3F, 0x53, 0x63, 0x72, 0x70, 0x20, 0x00, 0x00, 0x00, 0x53, 0x6E, 0x08, 0x00,
        0x49, 0x6E, 0x69, 0x74, 0x00, 0x00, 0x00, 0x00, 0x53, 0x68, 0x10, 0x00, 0xB3, 0x44, 0x17, 0x00,
        0x00, 0x00, 0x00, 0x00, 0x00, 0x00, 0x00, 0x00, 0x00, 0x00, 0x00, 0x00, 0x46, 0x4F, 0x62, 0xEA,
        0xC4, 0x00, 0x00, 0x00, 0x4F, 0x62, 0x6A, 0x44, 0x94, 0x00, 0x00, 0x00, 0x4F, 0x74, 0x04, 0x00,
        0x01, 0x00, 0x00, 0x00, 0x4F, 0x6E, 0x14, 0x00, 0x43, 0x6F, 0x70, 0x43, 0x61, 0x72, 0x49, 0x6E,
        0x64, 0x69, 0x63, 0x61, 0x74, 0x6F, 0x72, 0x5F, 0x36, 0x00, 0x00, 0x00, 0x4F, 0x50, 0x10, 0x00,
        0x50, 0xC1, 0x0D, 0x00, 0xC9, 0x05, 0x43, 0xF8, 0x00, 0x00, 0x00, 0x40, 0x09, 0x00, 0x00, 0x00,
        0x49, 0x66, 0x04, 0x00, 0x00, 0x00, 0x00, 0x00, 0x53, 0x41, 0x54, 0x00, 0x95, 0x00, 0x00, 0x00,
        0x65, 0x00, 0x00, 0x00, 0x00, 0x00, 0x00, 0x00, 0xFF, 0x00, 0x00, 0x00, 0x00, 0x00, 0x00, 0x00,
        0x00, 0x00, 0x00, 0x00, 0x00, 0x00, 0x00, 0x00, 0x00, 0x00, 0x5C, 0xC3, 0x00, 0x80, 0xC4, 0x43,
        0x00, 0x00, 0x00, 0x41, 0x00, 0x00, 0x00, 0x00, 0x00, 0x00, 0x00, 0x00, 0x00, 0x00, 0x00, 0x00,
        0x00, 0x00, 0x80, 0x3F, 0x00, 0x00, 0x80, 0x41, 0x00, 0x00, 0x80, 0x41, 0x00, 0x00, 0x00, 0x00,
        0x00, 0x00, 0x00, 0x00, 0x00, 0x00, 0x00, 0x00, 0x00, 0x00, 0x80, 0x3F, 0x00, 0x00, 0x80, 0x3F,
        0x53, 0x63, 0x72, 0x70, 0x20, 0x00, 0x00, 0x00, 0x53, 0x6E, 0x08, 0x00, 0x49, 0x6E, 0x69, 0x74,
        0x00, 0x00, 0x00, 0x00, 0x53, 0x68, 0x10, 0x00, 0xB3, 0x44, 0x17, 0x00, 0x00, 0x00, 0x00, 0x00,
        0x00, 0x00, 0x00, 0x00, 0x00, 0x00, 0x00, 0x00, 0x46, 0x4F, 0x62, 0xEA, 0xC4, 0x00, 0x00, 0x00,
        0x4F, 0x62, 0x6A, 0x44, 0x94, 0x00, 0x00, 0x00, 0x4F, 0x74, 0x04, 0x00, 0x01, 0x00, 0x00, 0x00,
        0x4F, 0x6E, 0x14, 0x00, 0x43, 0x6F, 0x70, 0x43, 0x61, 0x72, 0x49, 0x6E, 0x64, 0x69, 0x63, 0x61,
        0x74, 0x6F, 0x72, 0x5F, 0x33, 0x00, 0x00, 0x00, 0x4F, 0x50, 0x10, 0x00, 0x4F, 0xC1, 0x0D, 0x00,
        0xC6, 0x05, 0x43, 0xF8, 0x00, 0x00, 0x00, 0x40, 0x09, 0x00, 0x00, 0x00, 0x49, 0x66, 0x04, 0x00,
        0x00, 0x00, 0x00, 0x00, 0x53, 0x41, 0x54, 0x00, 0x95, 0x00, 0x00, 0x00, 0x65, 0x00, 0x00, 0x00,
        0x00, 0x00, 0x00, 0x00, 0xFF, 0x00, 0x00, 0x00, 0x00, 0x00, 0x00, 0x00, 0x00, 0x00, 0x00, 0x00,
        0x00, 0x00, 0x00, 0x00, 0x00, 0x00, 0x5D, 0xC3, 0x00, 0x80, 0xB1, 0x43, 0x00, 0x00, 0x00, 0x41,
        0x00, 0x00, 0x00, 0x00, 0x00, 0x00, 0x00, 0x00, 0x00, 0x00, 0x00, 0x00, 0x00, 0x00, 0x80, 0x3F,
        0x00, 0x00, 0x80, 0x41, 0x00, 0x00, 0x80, 0x41, 0x00, 0x00, 0x00, 0x00, 0x00, 0x00, 0x00, 0x00,
        0x00, 0x00, 0x00, 0x00, 0x00, 0x00, 0x80, 0x3F, 0x00, 0x00, 0x80, 0x3F, 0x53, 0x63, 0x72, 0x70,
        0x20, 0x00, 0x00, 0x00, 0x53, 0x6E, 0x08, 0x00, 0x49, 0x6E, 0x69, 0x74, 0x00, 0x00, 0x00, 0x00,
        0x53, 0x68, 0x10, 0x00, 0xB3, 0x44, 0x17, 0x00, 0x00, 0x00, 0x00, 0x00, 0x00, 0x00, 0x00, 0x00,
        0x00, 0x00, 0x00, 0x00, 0x46, 0x4F, 0x62, 0xEA, 0xC4, 0x00, 0x00, 0x00, 0x4F, 0x62, 0x6A, 0x44,
        0x94, 0x00, 0x00, 0x00, 0x4F, 0x74, 0x04, 0x00, 0x01, 0x00, 0x00, 0x00, 0x4F, 0x6E, 0x14, 0x00,
        0x43, 0x6F, 0x70, 0x43, 0x61, 0x72, 0x49, 0x6E, 0x64, 0x69, 0x63, 0x61, 0x74, 0x6F, 0x72, 0x5F,
        0x34, 0x00, 0x00, 0x00, 0x4F, 0x50, 0x10, 0x00, 0x4E, 0xC1, 0x0D, 0x00, 0xC7, 0x05, 0x43, 0xF8,
        0x00, 0x00, 0x00, 0x40, 0x09, 0x00, 0x00, 0x00, 0x49, 0x66, 0x04, 0x00, 0x00, 0x00, 0x00, 0x00,
        0x53, 0x41, 0x54, 0x00, 0x95, 0x00, 0x00, 0x00, 0x65, 0x00, 0x00, 0x00, 0x00, 0x00, 0x00, 0x00,
        0xFF, 0x00, 0x00, 0x00, 0x00, 0x00, 0x00, 0x00, 0x00, 0x00, 0x00, 0x00, 0x00, 0x00, 0x00, 0x00,
        0x00, 0x00, 0x5D, 0xC3, 0x00, 0x00, 0xB8, 0x43, 0x00, 0x00, 0x00, 0x41, 0x00, 0x00, 0x00, 0x00,
        0x00, 0x00, 0x00, 0x00, 0x00, 0x00, 0x00, 0x00, 0x00, 0x00, 0x80, 0x3F, 0x00, 0x00, 0x80, 0x41,
        0x00, 0x00, 0x80, 0x41, 0x00, 0x00, 0x00, 0x00, 0x00, 0x00, 0x00, 0x00, 0x00, 0x00, 0x00, 0x00,
        0x00, 0x00, 0x80, 0x3F, 0x00, 0x00, 0x80, 0x3F, 0x53, 0x63, 0x72, 0x70, 0x20, 0x00, 0x00, 0x00,
        0x53, 0x6E, 0x08, 0x00, 0x49, 0x6E, 0x69, 0x74, 0x00, 0x00, 0x00, 0x00, 0x53, 0x68, 0x10, 0x00,
        0xB3, 0x44, 0x17, 0x00, 0x00, 0x00, 0x00, 0x00, 0x00, 0x00, 0x00, 0x00, 0x00, 0x00, 0x00, 0x00,
        0x46, 0x4F, 0x62, 0xEA, 0xC4, 0x00, 0x00, 0x00, 0x4F, 0x62, 0x6A, 0x44, 0x94, 0x00, 0x00, 0x00,
        0x4F, 0x74, 0x04, 0x00, 0x01, 0x00, 0x00, 0x00, 0x4F, 0x6E, 0x14, 0x00, 0x43, 0x6F, 0x70, 0x43,
        0x61, 0x72, 0x49, 0x6E, 0x64, 0x69, 0x63, 0x61, 0x74, 0x6F, 0x72, 0x5F, 0x35, 0x00, 0x00, 0x00,
        0x4F, 0x50, 0x10, 0x00, 0x4D, 0xC1, 0x0D, 0x00, 0xC8, 0x05, 0x43, 0xF8, 0x00, 0x00, 0x00, 0x40,
        0x09, 0x00, 0x00, 0x00, 0x49, 0x66, 0x04, 0x00, 0x00, 0x00, 0x00, 0x00, 0x53, 0x41, 0x54, 0x00,
        0x95, 0x00, 0x00, 0x00, 0x65, 0x00, 0x00, 0x00, 0x00, 0x00, 0x00, 0x00, 0xFF, 0x00, 0x00, 0x00,
        0x00, 0x00, 0x00, 0x00, 0x00, 0x00, 0x00, 0x00, 0x00, 0x00, 0x00, 0x00, 0x00, 0x00, 0x5D, 0xC3,
        0x00, 0x00, 0xBE, 0x43, 0x00, 0x00, 0x00, 0x41, 0x00, 0x00, 0x00, 0x00, 0x00, 0x00, 0x00, 0x00,
        0x00, 0x00, 0x00, 0x00, 0x00, 0x00, 0x80, 0x3F, 0x00, 0x00, 0x80, 0x41, 0x00, 0x00, 0x80, 0x41,
        0x00, 0x00, 0x00, 0x00, 0x00, 0x00, 0x00, 0x00, 0x00, 0x00, 0x00, 0x00, 0x00, 0x00, 0x80, 0x3F,
        0x00, 0x00, 0x80, 0x3F, 0x53, 0x63, 0x72, 0x70, 0x20, 0x00, 0x00, 0x00, 0x53, 0x6E, 0x08, 0x00,
        0x49, 0x6E, 0x69, 0x74, 0x00, 0x00, 0x00, 0x00, 0x53, 0x68, 0x10, 0x00, 0xB3, 0x44, 0x17, 0x00,
        0x00, 0x00, 0x00, 0x00, 0x00, 0x00, 0x00, 0x00, 0x00, 0x00, 0x00, 0x00, 0x46, 0x4F, 0x62, 0xEA,
        0xC4, 0x00, 0x00, 0x00, 0x4F, 0x62, 0x6A, 0x44, 0x94, 0x00, 0x00, 0x00, 0x4F, 0x74, 0x04, 0x00,
        0x01, 0x00, 0x00, 0x00, 0x4F, 0x6E, 0x14, 0x00, 0x43, 0x6F, 0x70, 0x43, 0x61, 0x72, 0x49, 0x6E,
        0x64, 0x69, 0x63, 0x61, 0x74, 0x6F, 0x72, 0x5F, 0x32, 0x00, 0x00, 0x00, 0x4F, 0x50, 0x10, 0x00,
        0x4C, 0xC1, 0x0D, 0x00, 0xC5, 0x05, 0x43, 0xF8, 0x00, 0x00, 0x00, 0x40, 0x09, 0x00, 0x00, 0x00,
        0x49, 0x66, 0x04, 0x00, 0x00, 0x00, 0x00, 0x00, 0x53, 0x41, 0x54, 0x00, 0x95, 0x00, 0x00, 0x00,
        0x65, 0x00, 0x00, 0x00, 0x00, 0x00, 0x00, 0x00, 0xFF, 0x00, 0x00, 0x00, 0x00, 0x00, 0x00, 0x00,
        0x00, 0x00, 0x00, 0x00, 0x00, 0x00, 0x00, 0x00, 0x00, 0x00, 0x5D, 0xC3, 0x00, 0x80, 0xAB, 0x43,
        0x00, 0x00, 0x00, 0x41, 0x00, 0x00, 0x00, 0x00, 0x00, 0x00, 0x00, 0x00, 0x00, 0x00, 0x00, 0x00,
        0x00, 0x00, 0x80, 0x3F, 0x00, 0x00, 0x80, 0x41, 0x00, 0x00, 0x80, 0x41, 0x00, 0x00, 0x00, 0x00,
        0x00, 0x00, 0x00, 0x00, 0x00, 0x00, 0x00, 0x00, 0x00, 0x00, 0x80, 0x3F, 0x00, 0x00, 0x80, 0x3F,
        0x53, 0x63, 0x72, 0x70, 0x20, 0x00, 0x00, 0x00, 0x53, 0x6E, 0x08, 0x00, 0x49, 0x6E, 0x69, 0x74,
        0x00, 0x00, 0x00, 0x00, 0x53, 0x68, 0x10, 0x00, 0xB3, 0x44, 0x17, 0x00, 0x00, 0x00, 0x00, 0x00,
        0x00, 0x00, 0x00, 0x00, 0x00, 0x00, 0x00, 0x00, 0x46, 0x4F, 0x62, 0xEA, 0xC4, 0x00, 0x00, 0x00,
        0x4F, 0x62, 0x6A, 0x44, 0x94, 0x00, 0x00, 0x00, 0x4F, 0x74, 0x04, 0x00, 0x01, 0x00, 0x00, 0x00,
        0x4F, 0x6E, 0x14, 0x00, 0x43, 0x6F, 0x70, 0x43, 0x61, 0x72, 0x49, 0x6E, 0x64, 0x69, 0x63, 0x61,
        0x74, 0x6F, 0x72, 0x5F, 0x31, 0x00, 0x00, 0x00, 0x4F, 0x50, 0x10, 0x00, 0x4B, 0xC1, 0x0D, 0x00,
        0xC4, 0x05, 0x43, 0xF8, 0x00, 0x00, 0x00, 0x40, 0x09, 0x00, 0x00, 0x00, 0x49, 0x66, 0x04, 0x00,
        0x00, 0x00, 0x00, 0x00, 0x53, 0x41, 0x54, 0x00, 0x95, 0x00, 0x00, 0x00, 0x65, 0x00, 0x00, 0x00,
        0x00, 0x00, 0x00, 0x00, 0xFF, 0x00, 0x00, 0x00, 0x00, 0x00, 0x00, 0x00, 0x00, 0x00, 0x00, 0x00,
        0x00, 0x00, 0x00, 0x00, 0x00, 0x00, 0x5D, 0xC3, 0x00, 0x00, 0xA5, 0x43, 0x00, 0x00, 0x00, 0x41,
        0x00, 0x00, 0x00, 0x00, 0x00, 0x00, 0x00, 0x00, 0x00, 0x00, 0x00, 0x00, 0x00, 0x00, 0x80, 0x3F,
        0x00, 0x00, 0x80, 0x41, 0x00, 0x00, 0x80, 0x41, 0x00, 0x00, 0x00, 0x00, 0x00, 0x00, 0x00, 0x00,
        0x00, 0x00, 0x00, 0x00, 0x00, 0x00, 0x80, 0x3F, 0x00, 0x00, 0x80, 0x3F, 0x53, 0x63, 0x72, 0x70,
        0x20, 0x00, 0x00, 0x00, 0x53, 0x6E, 0x08, 0x00, 0x49, 0x6E, 0x69, 0x74, 0x00, 0x00, 0x00, 0x00,
        0x53, 0x68, 0x10, 0x00, 0xB3, 0x44, 0x17, 0x00, 0x00, 0x00, 0x00, 0x00, 0x00, 0x00, 0x00, 0x00,
        0x00, 0x00, 0x00, 0x00, 0x46, 0x4F, 0x62, 0xEA, 0xC4, 0x00, 0x00, 0x00, 0x4F, 0x62, 0x6A, 0x44,
        0x94, 0x00, 0x00, 0x00, 0x4F, 0x74, 0x04, 0x00, 0x01, 0x00, 0x00, 0x00, 0x4F, 0x6E, 0x14, 0x00,
        0x43, 0x6F, 0x70, 0x43, 0x61, 0x72, 0x49, 0x6E, 0x64, 0x69, 0x63, 0x61, 0x74, 0x6F, 0x72, 0x5F,
        0x30, 0x00, 0x00, 0x00, 0x4F, 0x50, 0x10, 0x00, 0x4A, 0xC1, 0x0D, 0x00, 0xC3, 0x05, 0x43, 0xF8,
        0x00, 0x00, 0x00, 0x40, 0x09, 0x00, 0x00, 0x00, 0x49, 0x66, 0x04, 0x00, 0x00, 0x00, 0x00, 0x00,
        0x53, 0x41, 0x54, 0x00, 0x95, 0x00, 0x00, 0x00, 0x65, 0x00, 0x00, 0x00, 0x00, 0x00, 0x00, 0x00,
        0xFF, 0x00, 0x00, 0x00, 0x00, 0x00, 0x00, 0x00, 0x00, 0x00, 0x00, 0x00, 0x00, 0x00, 0x00, 0x00,
        0x00, 0x00, 0x5D, 0xC3, 0x00, 0x00, 0x9F, 0x43, 0x00, 0x00, 0x00, 0x41, 0x00, 0x00, 0x00, 0x00,
        0x00, 0x00, 0x00, 0x00, 0x00, 0x00, 0x00, 0x00, 0x00, 0x00, 0x80, 0x3F, 0x00, 0x00, 0x80, 0x41,
        0x00, 0x00, 0x80, 0x41, 0x00, 0x00, 0x00, 0x00, 0x00, 0x00, 0x00, 0x00, 0x00, 0x00, 0x00, 0x00,
        0x00, 0x00, 0x80, 0x3F, 0x00, 0x00, 0x80, 0x3F, 0x53, 0x63, 0x72, 0x70, 0x20, 0x00, 0x00, 0x00,
        0x53, 0x6E, 0x08, 0x00, 0x49, 0x6E, 0x69, 0x74, 0x00, 0x00, 0x00, 0x00, 0x53, 0x68, 0x10, 0x00,
        0xB3, 0x44, 0x17, 0x00, 0x00, 0x00, 0x00, 0x00, 0x00, 0x00, 0x00, 0x00, 0x00, 0x00, 0x00, 0x00,
        0x46, 0x4F, 0x62, 0xEA, 0xC4, 0x00, 0x00, 0x00, 0x4F, 0x62, 0x6A, 0x44, 0x94, 0x00, 0x00, 0x00,
        0x4F, 0x74, 0x04, 0x00, 0x01, 0x00, 0x00, 0x00, 0x4F, 0x6E, 0x14, 0x00, 0x41, 0x49, 0x52, 0x61,
        0x63, 0x65, 0x72, 0x49, 0x6E, 0x64, 0x69, 0x63, 0x61, 0x74, 0x6F, 0x72, 0x5F, 0x36, 0x00, 0x00,
        0x4F, 0x50, 0x10, 0x00, 0x1C, 0xC1, 0x0D, 0x00, 0x68, 0xE1, 0x24, 0xEB, 0x00, 0x00, 0x00, 0x40,
        0x0A, 0x00, 0x00, 0x00, 0x49, 0x66, 0x04, 0x00, 0x00, 0x00, 0x00, 0x00, 0x53, 0x41, 0x54, 0x00,
        0x00, 0x00, 0x00, 0x00, 0xAA, 0x00, 0x00, 0x00, 0x55, 0x00, 0x00, 0x00, 0xFF, 0x00, 0x00, 0x00,
        0x00, 0x00, 0x00, 0x00, 0x00, 0x00, 0x00, 0x00, 0x00, 0x00, 0x00, 0x00, 0x00, 0x00, 0x71, 0xC3,
        0x00, 0x80, 0xC4, 0x43, 0x00, 0x00, 0x00, 0x41, 0x00, 0x00, 0x00, 0x00, 0x00, 0x00, 0x00, 0x00,
        0x00, 0x00, 0x00, 0x00, 0x00, 0x00, 0x80, 0x3F, 0x00, 0x00, 0xA0, 0x41, 0x00, 0x00, 0xA0, 0x41,
        0x00, 0x00, 0x00, 0x00, 0x00, 0x00, 0x00, 0x00, 0x00, 0x00, 0x00, 0x00, 0x00, 0x00, 0x80, 0x3F,
        0x00, 0x00, 0x80, 0x3F, 0x53, 0x63, 0x72, 0x70, 0x20, 0x00, 0x00, 0x00, 0x53, 0x6E, 0x08, 0x00,
        0x49, 0x6E, 0x69, 0x74, 0x00, 0x00, 0x00, 0x00, 0x53, 0x68, 0x10, 0x00, 0xB3, 0x44, 0x17, 0x00,
        0x00, 0x00, 0x00, 0x00, 0x00, 0x00, 0x00, 0x00, 0x00, 0x00, 0x00, 0x00, 0x46, 0x4F, 0x62, 0xEA,
        0xC4, 0x00, 0x00, 0x00, 0x4F, 0x62, 0x6A, 0x44, 0x94, 0x00, 0x00, 0x00, 0x4F, 0x74, 0x04, 0x00,
        0x01, 0x00, 0x00, 0x00, 0x4F, 0x6E, 0x14, 0x00, 0x41, 0x49, 0x52, 0x61, 0x63, 0x65, 0x72, 0x49,
        0x6E, 0x64, 0x69, 0x63, 0x61, 0x74, 0x6F, 0x72, 0x5F, 0x33, 0x00, 0x00, 0x4F, 0x50, 0x10, 0x00,
        0x14, 0xC1, 0x0D, 0x00, 0x65, 0xE1, 0x24, 0xEB, 0x00, 0x00, 0x00, 0x40, 0x0A, 0x00, 0x00, 0x00,
        0x49, 0x66, 0x04, 0x00, 0x00, 0x00, 0x00, 0x00, 0x53, 0x41, 0x54, 0x00, 0x00, 0x00, 0x00, 0x00,
        0xAA, 0x00, 0x00, 0x00, 0x55, 0x00, 0x00, 0x00, 0xFF, 0x00, 0x00, 0x00, 0x00, 0x00, 0x00, 0x00,
        0x00, 0x00, 0x00, 0x00, 0x00, 0x00, 0x00, 0x00, 0x00, 0x00, 0x71, 0xC3, 0x00, 0x80, 0xB1, 0x43,
        0x00, 0x00, 0x00, 0x41, 0x00, 0x00, 0x00, 0x00, 0x00, 0x00, 0x00, 0x00, 0x00, 0x00, 0x00, 0x00,
        0x00, 0x00, 0x80, 0x3F, 0x00, 0x00, 0xA0, 0x41, 0x00, 0x00, 0xA0, 0x41, 0x00, 0x00, 0x00, 0x00,
        0x00, 0x00, 0x00, 0x00, 0x00, 0x00, 0x00, 0x00, 0x00, 0x00, 0x80, 0x3F, 0x00, 0x00, 0x80, 0x3F,
        0x53, 0x63, 0x72, 0x70, 0x20, 0x00, 0x00, 0x00, 0x53, 0x6E, 0x08, 0x00, 0x49, 0x6E, 0x69, 0x74,
        0x00, 0x00, 0x00, 0x00, 0x53, 0x68, 0x10, 0x00, 0xB3, 0x44, 0x17, 0x00, 0x00, 0x00, 0x00, 0x00,
        0x00, 0x00, 0x00, 0x00, 0x00, 0x00, 0x00, 0x00, 0x46, 0x4F, 0x62, 0xEA, 0xC4, 0x00, 0x00, 0x00,
        0x4F, 0x62, 0x6A, 0x44, 0x94, 0x00, 0x00, 0x00, 0x4F, 0x74, 0x04, 0x00, 0x01, 0x00, 0x00, 0x00,
        0x4F, 0x6E, 0x14, 0x00, 0x41, 0x49, 0x52, 0x61, 0x63, 0x65, 0x72, 0x49, 0x6E, 0x64, 0x69, 0x63,
        0x61, 0x74, 0x6F, 0x72, 0x5F, 0x34, 0x00, 0x00, 0x4F, 0x50, 0x10, 0x00, 0x13, 0xC1, 0x0D, 0x00,
        0x66, 0xE1, 0x24, 0xEB, 0x00, 0x00, 0x00, 0x40, 0x0A, 0x00, 0x00, 0x00, 0x49, 0x66, 0x04, 0x00,
        0x00, 0x00, 0x00, 0x00, 0x53, 0x41, 0x54, 0x00, 0x00, 0x00, 0x00, 0x00, 0xAA, 0x00, 0x00, 0x00,
        0x55, 0x00, 0x00, 0x00, 0xFF, 0x00, 0x00, 0x00, 0x00, 0x00, 0x00, 0x00, 0x00, 0x00, 0x00, 0x00,
        0x00, 0x00, 0x00, 0x00, 0x00, 0x00, 0x71, 0xC3, 0x00, 0x00, 0xB8, 0x43, 0x00, 0x00, 0x00, 0x41,
        0x00, 0x00, 0x00, 0x00, 0x00, 0x00, 0x00, 0x00, 0x00, 0x00, 0x00, 0x00, 0x00, 0x00, 0x80, 0x3F,
        0x00, 0x00, 0xA0, 0x41, 0x00, 0x00, 0xA0, 0x41, 0x00, 0x00, 0x00, 0x00, 0x00, 0x00, 0x00, 0x00,
        0x00, 0x00, 0x00, 0x00, 0x00, 0x00, 0x80, 0x3F, 0x00, 0x00, 0x80, 0x3F, 0x53, 0x63, 0x72, 0x70,
        0x20, 0x00, 0x00, 0x00, 0x53, 0x6E, 0x08, 0x00, 0x49, 0x6E, 0x69, 0x74, 0x00, 0x00, 0x00, 0x00,
        0x53, 0x68, 0x10, 0x00, 0xB3, 0x44, 0x17, 0x00, 0x00, 0x00, 0x00, 0x00, 0x00, 0x00, 0x00, 0x00,
        0x00, 0x00, 0x00, 0x00, 0x46, 0x4F, 0x62, 0xEA, 0xC4, 0x00, 0x00, 0x00, 0x4F, 0x62, 0x6A, 0x44,
        0x94, 0x00, 0x00, 0x00, 0x4F, 0x74, 0x04, 0x00, 0x01, 0x00, 0x00, 0x00, 0x4F, 0x6E, 0x14, 0x00,
        0x41, 0x49, 0x52, 0x61, 0x63, 0x65, 0x72, 0x49, 0x6E, 0x64, 0x69, 0x63, 0x61, 0x74, 0x6F, 0x72,
        0x5F, 0x35, 0x00, 0x00, 0x4F, 0x50, 0x10, 0x00, 0x12, 0xC1, 0x0D, 0x00, 0x67, 0xE1, 0x24, 0xEB,
        0x00, 0x00, 0x00, 0x40, 0x0A, 0x00, 0x00, 0x00, 0x49, 0x66, 0x04, 0x00, 0x00, 0x00, 0x00, 0x00,
        0x53, 0x41, 0x54, 0x00, 0x00, 0x00, 0x00, 0x00, 0xAA, 0x00, 0x00, 0x00, 0x55, 0x00, 0x00, 0x00,
        0xFF, 0x00, 0x00, 0x00, 0x00, 0x00, 0x00, 0x00, 0x00, 0x00, 0x00, 0x00, 0x00, 0x00, 0x00, 0x00,
        0x00, 0x00, 0x71, 0xC3, 0x00, 0x00, 0xBE, 0x43, 0x00, 0x00, 0x00, 0x41, 0x00, 0x00, 0x00, 0x00,
        0x00, 0x00, 0x00, 0x00, 0x00, 0x00, 0x00, 0x00, 0x00, 0x00, 0x80, 0x3F, 0x00, 0x00, 0xA0, 0x41,
        0x00, 0x00, 0xA0, 0x41, 0x00, 0x00, 0x00, 0x00, 0x00, 0x00, 0x00, 0x00, 0x00, 0x00, 0x00, 0x00,
        0x00, 0x00, 0x80, 0x3F, 0x00, 0x00, 0x80, 0x3F, 0x53, 0x63, 0x72, 0x70, 0x20, 0x00, 0x00, 0x00,
        0x53, 0x6E, 0x08, 0x00, 0x49, 0x6E, 0x69, 0x74, 0x00, 0x00, 0x00, 0x00, 0x53, 0x68, 0x10, 0x00,
        0xB3, 0x44, 0x17, 0x00, 0x00, 0x00, 0x00, 0x00, 0x00, 0x00, 0x00, 0x00, 0x00, 0x00, 0x00, 0x00,
        0x46, 0x4F, 0x62, 0xEA, 0xC4, 0x00, 0x00, 0x00, 0x4F, 0x62, 0x6A, 0x44, 0x94, 0x00, 0x00, 0x00,
        0x4F, 0x74, 0x04, 0x00, 0x01, 0x00, 0x00, 0x00, 0x4F, 0x6E, 0x14, 0x00, 0x41, 0x49, 0x52, 0x61,
        0x63, 0x65, 0x72, 0x49, 0x6E, 0x64, 0x69, 0x63, 0x61, 0x74, 0x6F, 0x72, 0x5F, 0x32, 0x00, 0x00,
        0x4F, 0x50, 0x10, 0x00, 0xFB, 0xC0, 0x0D, 0x00, 0x64, 0xE1, 0x24, 0xEB, 0x00, 0x00, 0x00, 0x40,
        0x0A, 0x00, 0x00, 0x00, 0x49, 0x66, 0x04, 0x00, 0x00, 0x00, 0x00, 0x00, 0x53, 0x41, 0x54, 0x00,
        0x00, 0x00, 0x00, 0x00, 0xAA, 0x00, 0x00, 0x00, 0x55, 0x00, 0x00, 0x00, 0xFF, 0x00, 0x00, 0x00,
        0x00, 0x00, 0x00, 0x00, 0x00, 0x00, 0x00, 0x00, 0x00, 0x00, 0x00, 0x00, 0x00, 0x00, 0x71, 0xC3,
        0x00, 0x80, 0xAB, 0x43, 0x00, 0x00, 0x00, 0x41, 0x00, 0x00, 0x00, 0x00, 0x00, 0x00, 0x00, 0x00,
        0x00, 0x00, 0x00, 0x00, 0x00, 0x00, 0x80, 0x3F, 0x00, 0x00, 0xA0, 0x41, 0x00, 0x00, 0xA0, 0x41,
        0x00, 0x00, 0x00, 0x00, 0x00, 0x00, 0x00, 0x00, 0x00, 0x00, 0x00, 0x00, 0x00, 0x00, 0x80, 0x3F,
        0x00, 0x00, 0x80, 0x3F, 0x53, 0x63, 0x72, 0x70, 0x20, 0x00, 0x00, 0x00, 0x53, 0x6E, 0x08, 0x00,
        0x49, 0x6E, 0x69, 0x74, 0x00, 0x00, 0x00, 0x00, 0x53, 0x68, 0x10, 0x00, 0xB3, 0x44, 0x17, 0x00,
        0x00, 0x00, 0x00, 0x00, 0x00, 0x00, 0x00, 0x00, 0x00, 0x00, 0x00, 0x00, 0x46, 0x4F, 0x62, 0xEA,
        0xC4, 0x00, 0x00, 0x00, 0x4F, 0x62, 0x6A, 0x44, 0x94, 0x00, 0x00, 0x00, 0x4F, 0x74, 0x04, 0x00,
        0x01, 0x00, 0x00, 0x00, 0x4F, 0x6E, 0x14, 0x00, 0x41, 0x49, 0x52, 0x61, 0x63, 0x65, 0x72, 0x49,
        0x6E, 0x64, 0x69, 0x63, 0x61, 0x74, 0x6F, 0x72, 0x5F, 0x31, 0x00, 0x00, 0x4F, 0x50, 0x10, 0x00,
        0xF6, 0xC0, 0x0D, 0x00, 0x63, 0xE1, 0x24, 0xEB, 0x00, 0x00, 0x00, 0x40, 0x0A, 0x00, 0x00, 0x00,
        0x49, 0x66, 0x04, 0x00, 0x00, 0x00, 0x00, 0x00, 0x53, 0x41, 0x54, 0x00, 0x00, 0x00, 0x00, 0x00,
        0xAA, 0x00, 0x00, 0x00, 0x55, 0x00, 0x00, 0x00, 0xFF, 0x00, 0x00, 0x00, 0x00, 0x00, 0x00, 0x00,
        0x00, 0x00, 0x00, 0x00, 0x00, 0x00, 0x00, 0x00, 0x00, 0x00, 0x71, 0xC3, 0x00, 0x00, 0xA5, 0x43,
        0x00, 0x00, 0x00, 0x41, 0x00, 0x00, 0x00, 0x00, 0x00, 0x00, 0x00, 0x00, 0x00, 0x00, 0x00, 0x00,
        0x00, 0x00, 0x80, 0x3F, 0x00, 0x00, 0xA0, 0x41, 0x00, 0x00, 0xA0, 0x41, 0x00, 0x00, 0x00, 0x00,
        0x00, 0x00, 0x00, 0x00, 0x00, 0x00, 0x00, 0x00, 0x00, 0x00, 0x80, 0x3F, 0x00, 0x00, 0x80, 0x3F,
        0x53, 0x63, 0x72, 0x70, 0x20, 0x00, 0x00, 0x00, 0x53, 0x6E, 0x08, 0x00, 0x49, 0x6E, 0x69, 0x74,
        0x00, 0x00, 0x00, 0x00, 0x53, 0x68, 0x10, 0x00, 0xB3, 0x44, 0x17, 0x00, 0x00, 0x00, 0x00, 0x00,
        0x00, 0x00, 0x00, 0x00, 0x00, 0x00, 0x00, 0x00, 0x46, 0x4F, 0x62, 0xEA, 0xC4, 0x00, 0x00, 0x00,
        0x4F, 0x62, 0x6A, 0x44, 0x94, 0x00, 0x00, 0x00, 0x4F, 0x74, 0x04, 0x00, 0x01, 0x00, 0x00, 0x00,
        0x4F, 0x6E, 0x14, 0x00, 0x41, 0x49, 0x52, 0x61, 0x63, 0x65, 0x72, 0x49, 0x6E, 0x64, 0x69, 0x63,
        0x61, 0x74, 0x6F, 0x72, 0x5F, 0x30, 0x00, 0x00, 0x4F, 0x50, 0x10, 0x00, 0xF0, 0xC0, 0x0D, 0x00,
        0x62, 0xE1, 0x24, 0xEB, 0x00, 0x00, 0x00, 0x40, 0x0A, 0x00, 0x00, 0x00, 0x49, 0x66, 0x04, 0x00,
        0x00, 0x00, 0x00, 0x00, 0x53, 0x41, 0x54, 0x00, 0x00, 0x00, 0x00, 0x00, 0xAA, 0x00, 0x00, 0x00,
        0x55, 0x00, 0x00, 0x00, 0xFF, 0x00, 0x00, 0x00, 0x00, 0x00, 0x00, 0x00, 0x00, 0x00, 0x00, 0x00,
        0x00, 0x00, 0x00, 0x00, 0x00, 0x00, 0x71, 0xC3, 0x00, 0x00, 0x9F, 0x43, 0x00, 0x00, 0x00, 0x41,
        0x00, 0x00, 0x00, 0x00, 0x00, 0x00, 0x00, 0x00, 0x00, 0x00, 0x00, 0x00, 0x00, 0x00, 0x80, 0x3F,
        0x00, 0x00, 0xA0, 0x41, 0x00, 0x00, 0xA0, 0x41, 0x00, 0x00, 0x00, 0x00, 0x00, 0x00, 0x00, 0x00,
        0x00, 0x00, 0x00, 0x00, 0x00, 0x00, 0x80, 0x3F, 0x00, 0x00, 0x80, 0x3F, 0x53, 0x63, 0x72, 0x70,
        0x20, 0x00, 0x00, 0x00, 0x53, 0x6E, 0x08, 0x00, 0x49, 0x6E, 0x69, 0x74, 0x00, 0x00, 0x00, 0x00,
        0x53, 0x68, 0x10, 0x00, 0xB3, 0x44, 0x17, 0x00, 0x00, 0x00, 0x00, 0x00, 0x00, 0x00, 0x00, 0x00,
        0x00, 0x00, 0x00, 0x00, 0x46, 0x4F, 0x62, 0xEA, 0xC4, 0x00, 0x00, 0x00, 0x4F, 0x62, 0x6A, 0x44,
        0x94, 0x00, 0x00, 0x00, 0x4F, 0x74, 0x04, 0x00, 0x01, 0x00, 0x00, 0x00, 0x4F, 0x6E, 0x14, 0x00,
        0x53, 0x74, 0x61, 0x72, 0x74, 0x4C, 0x69, 0x6E, 0x65, 0x49, 0x6E, 0x64, 0x69, 0x63, 0x61, 0x74,
        0x6F, 0x72, 0x00, 0x00, 0x4F, 0x50, 0x10, 0x00, 0x3C, 0xC0, 0x0D, 0x00, 0x72, 0x99, 0x25, 0x1B,
        0x00, 0x00, 0x00, 0x40, 0x00, 0x00, 0x00, 0x00, 0x49, 0x66, 0x04, 0x00, 0x00, 0x00, 0x00, 0x00,
        0x53, 0x41, 0x54, 0x00, 0x00, 0x00, 0x00, 0x00, 0xFF, 0x00, 0x00, 0x00, 0x00, 0x00, 0x00, 0x00,
        0xFF, 0x00, 0x00, 0x00, 0x00, 0x00, 0x00, 0x00, 0x00, 0x00, 0x00, 0x00, 0x00, 0x00, 0x00, 0x00,
        0x00, 0x00, 0x91, 0xC3, 0x00, 0x00, 0xA3, 0x43, 0x00, 0x00, 0x00, 0x41, 0x00, 0x00, 0x00, 0x00,
        0x00, 0x00, 0x00, 0x00, 0x00, 0x00, 0x00, 0x00, 0x00, 0x00, 0x80, 0x3F, 0x00, 0x00, 0x80, 0x41,
        0x00, 0x00, 0x00, 0x40, 0x00, 0x00, 0x00, 0x00, 0x00, 0x00, 0x00, 0x00, 0x00, 0x00, 0x00, 0x00,
        0x00, 0x00, 0x80, 0x3F, 0x00, 0x00, 0x80, 0x3F, 0x53, 0x63, 0x72, 0x70, 0x20, 0x00, 0x00, 0x00,
        0x53, 0x6E, 0x08, 0x00, 0x49, 0x6E, 0x69, 0x74, 0x00, 0x00, 0x00, 0x00, 0x53, 0x68, 0x10, 0x00,
        0xB3, 0x44, 0x17, 0x00, 0x00, 0x00, 0x00, 0x00, 0x00, 0x00, 0x00, 0x00, 0x00, 0x00, 0x00, 0x00,
        0x46, 0x4F, 0x62, 0xEA, 0xC4, 0x00, 0x00, 0x00, 0x4F, 0x62, 0x6A, 0x44, 0x94, 0x00, 0x00, 0x00,
        0x4F, 0x74, 0x04, 0x00, 0x01, 0x00, 0x00, 0x00, 0x4F, 0x6E, 0x14, 0x00, 0x50, 0x6C, 0x61, 0x79,
        0x65, 0x72, 0x43, 0x61, 0x72, 0x49, 0x6E, 0x64, 0x69, 0x63, 0x61, 0x74, 0x6F, 0x72, 0x00, 0x00,
        0x4F, 0x50, 0x10, 0x00, 0x3B, 0xC0, 0x0D, 0x00, 0xFF, 0xF5, 0x9E, 0xDD, 0x00, 0x00, 0x00, 0x40,
        0x0A, 0x00, 0x00, 0x00, 0x49, 0x66, 0x04, 0x00, 0x00, 0x00, 0x00, 0x00, 0x53, 0x41, 0x54, 0x00,
        0x00, 0x00, 0x00, 0x00, 0x80, 0x00, 0x00, 0x00, 0xAA, 0x00, 0x00, 0x00, 0xFF, 0x00, 0x00, 0x00,
        0x00, 0x00, 0x00, 0x00, 0x00, 0x00, 0x00, 0x00, 0x00, 0x00, 0x00, 0x00, 0x00, 0x80, 0x82, 0xC3,
        0x00, 0x00, 0xA3, 0x43, 0x00, 0x00, 0x00, 0x40, 0x00, 0x00, 0x00, 0x00, 0x00, 0x00, 0x00, 0x00,
        0x00, 0x00, 0x00, 0x00, 0x00, 0x00, 0x80, 0x3F, 0x00, 0x00, 0xA0, 0x41, 0x00, 0x00, 0xA0, 0x41,
        0x00, 0x00, 0x00, 0x00, 0x00, 0x00, 0x00, 0x00, 0x00, 0x00, 0x00, 0x00, 0x00, 0x00, 0x80, 0x3F,
        0x00, 0x00, 0x80, 0x3F, 0x53, 0x63, 0x72, 0x70, 0x20, 0x00, 0x00, 0x00, 0x53, 0x6E, 0x08, 0x00,
        0x49, 0x6E, 0x69, 0x74, 0x00, 0x00, 0x00, 0x00, 0x53, 0x68, 0x10, 0x00, 0xB3, 0x44, 0x17, 0x00,
        0x00, 0x00, 0x00, 0x00, 0x00, 0x00, 0x00, 0x00, 0x00, 0x00, 0x00, 0x00, 0x46, 0x4F, 0x62, 0xEA,
        0xC0, 0x00, 0x00, 0x00, 0x4F, 0x62, 0x6A, 0x44, 0x90, 0x00, 0x00, 0x00, 0x4F, 0x74, 0x04, 0x00,
        0x01, 0x00, 0x00, 0x00, 0x4F, 0x6E, 0x10, 0x00, 0x4D, 0x69, 0x6E, 0x69, 0x6D, 0x61, 0x70, 0x5F,
        0x4D, 0x61, 0x73, 0x6B, 0x00, 0x00, 0x00, 0x00, 0x4F, 0x50, 0x10, 0x00, 0xD4, 0xBF, 0x0D, 0x00,
        0x15, 0xC5, 0xCD, 0x40, 0x00, 0x00, 0x00, 0x40, 0x0B, 0x00, 0x00, 0x00, 0x49, 0x66, 0x04, 0x00,
        0x00, 0x00, 0x00, 0x00, 0x53, 0x41, 0x54, 0x00, 0xFF, 0x00, 0x00, 0x00, 0xFF, 0x00, 0x00, 0x00,
        0xFF, 0x00, 0x00, 0x00, 0xFF, 0x00, 0x00, 0x00, 0x00, 0x00, 0x00, 0x00, 0x00, 0x00, 0x00, 0x00,
        0x00, 0x00, 0x00, 0x00, 0x00, 0x00, 0x5F, 0xC3, 0x00, 0x00, 0x16, 0x43, 0x00, 0x00, 0x20, 0x41,
        0x00, 0x00, 0x00, 0x00, 0x00, 0x00, 0x00, 0x00, 0x00, 0x00, 0x00, 0x00, 0x00, 0x00, 0x80, 0x3F,
        0x00, 0x00, 0x00, 0x43, 0x00, 0x00, 0x00, 0x43, 0x00, 0x00, 0x00, 0x00, 0x00, 0x00, 0x00, 0x00,
        0x00, 0x00, 0x00, 0x00, 0x00, 0x00, 0x80, 0x3F, 0x00, 0x00, 0x80, 0x3F, 0x53, 0x63, 0x72, 0x70,
        0x20, 0x00, 0x00, 0x00, 0x53, 0x6E, 0x08, 0x00, 0x49, 0x6E, 0x69, 0x74, 0x00, 0x00, 0x00, 0x00,
        0x53, 0x68, 0x10, 0x00, 0xB3, 0x44, 0x17, 0x00, 0x00, 0x00, 0x00, 0x00, 0x00, 0x00, 0x00, 0x00,
        0x00, 0x00, 0x00, 0x00, 0x46, 0x4F, 0x62, 0xEA, 0xAC, 0x00, 0x00, 0x00, 0x4F, 0x62, 0x6A, 0x44,
        0x7C, 0x00, 0x00, 0x00, 0x4F, 0x74, 0x04, 0x00, 0x05, 0x00, 0x00, 0x00, 0x4F, 0x6E, 0x14, 0x00,
        0x54, 0x72, 0x61, 0x63, 0x6B, 0x4D, 0x61, 0x70, 0x54, 0x61, 0x72, 0x67, 0x65, 0x74, 0x52, 0x69,
        0x6E, 0x67, 0x00, 0x00, 0x4F, 0x50, 0x10, 0x00, 0x6F, 0xBF, 0x0D, 0x00, 0xC9, 0x2F, 0x2D, 0x38,
        0x00, 0x00, 0x00, 0x40, 0xFF, 0xFF, 0xFF, 0xFF, 0x53, 0x41, 0x44, 0x00, 0xFF, 0x00, 0x00, 0x00,
        0xFF, 0x00, 0x00, 0x00, 0xFF, 0x00, 0x00, 0x00, 0xFF, 0x00, 0x00, 0x00, 0x00, 0x00, 0x00, 0x00,
        0x00, 0x00, 0x00, 0x00, 0x00, 0x00, 0x00, 0x00, 0x00, 0x00, 0x5F, 0xC3, 0x00, 0x00, 0x16, 0x43,
        0x00, 0x00, 0xC8, 0x42, 0x00, 0x00, 0x00, 0x00, 0x00, 0x00, 0x00, 0x00, 0x00, 0x00, 0x00, 0x00,
        0x00, 0x00, 0x80, 0x3F, 0x00, 0x00, 0x80, 0x3F, 0x00, 0x00, 0x80, 0x3F, 0x00, 0x00, 0x80, 0x3F,
        0x53, 0x63, 0x72, 0x70, 0x20, 0x00, 0x00, 0x00, 0x53, 0x6E, 0x08, 0x00, 0x49, 0x6E, 0x69, 0x74,
        0x00, 0x00, 0x00, 0x00, 0x53, 0x68, 0x10, 0x00, 0xB3, 0x44, 0x17, 0x00, 0x00, 0x00, 0x00, 0x00,
        0x00, 0x00, 0x00, 0x00, 0x00, 0x00, 0x00, 0x00, 0x46, 0x4F, 0x62, 0xEA, 0xCC, 0x00, 0x00, 0x00,
        0x4F, 0x62, 0x6A, 0x44, 0x9C, 0x00, 0x00, 0x00, 0x4F, 0x74, 0x04, 0x00, 0x01, 0x00, 0x00, 0x00,
        0x4F, 0x6E, 0x14, 0x00, 0x4D, 0x69, 0x6E, 0x69, 0x6D, 0x61, 0x70, 0x5F, 0x42, 0x6F, 0x72, 0x64,
        0x65, 0x72, 0x5F, 0x74, 0x72, 0x00, 0x00, 0x00, 0x4F, 0x50, 0x10, 0x00, 0x70, 0xBF, 0x0D, 0x00,
        0x6C, 0xDB, 0x2E, 0x14, 0x00, 0x00, 0x00, 0x40, 0x0C, 0x00, 0x00, 0x00, 0x50, 0x41, 0x04, 0x00,
        0x6F, 0xBF, 0x0D, 0x00, 0x49, 0x66, 0x04, 0x00, 0x00, 0x00, 0x00, 0x00, 0x53, 0x41, 0x54, 0x00,
        0xFF, 0x00, 0x00, 0x00, 0xFF, 0x00, 0x00, 0x00, 0xFF, 0x00, 0x00, 0x00, 0xFF, 0x00, 0x00, 0x00,
        0x00, 0x00, 0x00, 0x00, 0x00, 0x00, 0x00, 0x00, 0x00, 0x00, 0x00, 0x00, 0x00, 0x00, 0x88, 0x41,
        0x00, 0x00, 0x80, 0xC1, 0x00, 0x00, 0x00, 0x00, 0x00, 0x00, 0x00, 0x00, 0x00, 0x00, 0x00, 0x00,
        0xF4, 0x04, 0x35, 0x3F, 0xF2, 0x04, 0x35, 0x3F, 0x00, 0x00, 0x00, 0x43, 0x00, 0x00, 0x00, 0x43,
        0x00, 0x00, 0x00, 0x00, 0x00, 0x00, 0x00, 0x00, 0x00, 0x00, 0x00, 0x00, 0x00, 0x00, 0x80, 0x3F,
        0x00, 0x00, 0x80, 0x3F, 0x53, 0x63, 0x72, 0x70, 0x20, 0x00, 0x00, 0x00, 0x53, 0x6E, 0x08, 0x00,
        0x49, 0x6E, 0x69, 0x74, 0x00, 0x00, 0x00, 0x00, 0x53, 0x68, 0x10, 0x00, 0xB3, 0x44, 0x17, 0x00,
        0x00, 0x00, 0x00, 0x00, 0x00, 0x00, 0x00, 0x00, 0x00, 0x00, 0x00, 0x00, 0x46, 0x4F, 0x62, 0xEA,
        0xCC, 0x00, 0x00, 0x00, 0x4F, 0x62, 0x6A, 0x44, 0x9C, 0x00, 0x00, 0x00, 0x4F, 0x74, 0x04, 0x00,
        0x01, 0x00, 0x00, 0x00, 0x4F, 0x6E, 0x14, 0x00, 0x4D, 0x69, 0x6E, 0x69, 0x6D, 0x61, 0x70, 0x5F,
        0x42, 0x6F, 0x72, 0x64, 0x65, 0x72, 0x28, 0x39, 0x36, 0x29, 0x00, 0x00, 0x4F, 0x50, 0x10, 0x00,
        0x71, 0xBF, 0x0D, 0x00, 0xC7, 0xA9, 0xEB, 0x99, 0x00, 0x00, 0x00, 0x40, 0x0C, 0x00, 0x00, 0x00,
        0x50, 0x41, 0x04, 0x00, 0x6F, 0xBF, 0x0D, 0x00, 0x49, 0x66, 0x04, 0x00, 0x00, 0x00, 0x00, 0x00,
        0x53, 0x41, 0x54, 0x00, 0xFF, 0x00, 0x00, 0x00, 0xFF, 0x00, 0x00, 0x00, 0xFF, 0x00, 0x00, 0x00,
        0xFF, 0x00, 0x00, 0x00, 0x00, 0x00, 0x00, 0x00, 0x00, 0x00, 0x00, 0x00, 0x00, 0x00, 0x00, 0x00,
        0x00, 0x00, 0x74, 0xC1, 0x00, 0x00, 0x7C, 0xC1, 0x00, 0x00, 0x00, 0x00, 0x00, 0x00, 0x00, 0x00,
        0x00, 0x00, 0x00, 0x00, 0x00, 0x00, 0x00, 0x00, 0x00, 0x00, 0x80, 0x3F, 0x00, 0x00, 0x00, 0x43,
        0x00, 0x00, 0x00, 0x43, 0x00, 0x00, 0x00, 0x00, 0x00, 0x00, 0x00, 0x00, 0x00, 0x00, 0x00, 0x00,
        0x00, 0x00, 0x80, 0x3F, 0x00, 0x00, 0x80, 0x3F, 0x53, 0x63, 0x72, 0x70, 0x20, 0x00, 0x00, 0x00,
        0x53, 0x6E, 0x08, 0x00, 0x49, 0x6E, 0x69, 0x74, 0x00, 0x00, 0x00, 0x00, 0x53, 0x68, 0x10, 0x00,
        0xB3, 0x44, 0x17, 0x00, 0x00, 0x00, 0x00, 0x00, 0x00, 0x00, 0x00, 0x00, 0x00, 0x00, 0x00, 0x00,
        0x46, 0x4F, 0x62, 0xEA, 0xCC, 0x00, 0x00, 0x00, 0x4F, 0x62, 0x6A, 0x44, 0x9C, 0x00, 0x00, 0x00,
        0x4F, 0x74, 0x04, 0x00, 0x01, 0x00, 0x00, 0x00, 0x4F, 0x6E, 0x14, 0x00, 0x4D, 0x69, 0x6E, 0x69,
        0x6D, 0x61, 0x70, 0x5F, 0x42, 0x6F, 0x72, 0x64, 0x65, 0x72, 0x5F, 0x6C, 0x72, 0x00, 0x00, 0x00,
        0x4F, 0x50, 0x10, 0x00, 0x72, 0xBF, 0x0D, 0x00, 0x64, 0xDA, 0x2E, 0x14, 0x00, 0x00, 0x00, 0x40,
        0x0C, 0x00, 0x00, 0x00, 0x50, 0x41, 0x04, 0x00, 0x6F, 0xBF, 0x0D, 0x00, 0x49, 0x66, 0x04, 0x00,
        0x00, 0x00, 0x00, 0x00, 0x53, 0x41, 0x54, 0x00, 0xFF, 0x00, 0x00, 0x00, 0xFF, 0x00, 0x00, 0x00,
        0xFF, 0x00, 0x00, 0x00, 0xFF, 0x00, 0x00, 0x00, 0x00, 0x00, 0x00, 0x00, 0x00, 0x00, 0x00, 0x00,
        0x00, 0x00, 0x00, 0x00, 0x00, 0x00, 0x88, 0x41, 0x00, 0x00, 0x80, 0x41, 0x00, 0x00, 0x00, 0x00,
        0x00, 0x00, 0x00, 0x00, 0x00, 0x00, 0x00, 0x00, 0x00, 0x00, 0x80, 0x3F, 0x4C, 0xEF, 0x2E, 0xB4,
        0x00, 0x00, 0x00, 0x43, 0x00, 0x00, 0x00, 0x43, 0x00, 0x00, 0x00, 0x00, 0x00, 0x00, 0x00, 0x00,
        0x00, 0x00, 0x00, 0x00, 0x00, 0x00, 0x80, 0x3F, 0x00, 0x00, 0x80, 0x3F, 0x53, 0x63, 0x72, 0x70,
        0x20, 0x00, 0x00, 0x00, 0x53, 0x6E, 0x08, 0x00, 0x49, 0x6E, 0x69, 0x74, 0x00, 0x00, 0x00, 0x00,
        0x53, 0x68, 0x10, 0x00, 0xB3, 0x44, 0x17, 0x00, 0x00, 0x00, 0x00, 0x00, 0x00, 0x00, 0x00, 0x00,
        0x00, 0x00, 0x00, 0x00, 0x46, 0x4F, 0x62, 0xEA, 0xC8, 0x00, 0x00, 0x00, 0x4F, 0x62, 0x6A, 0x44,
        0x98, 0x00, 0x00, 0x00, 0x4F, 0x74, 0x04, 0x00, 0x01, 0x00, 0x00, 0x00, 0x4F, 0x6E, 0x10, 0x00,
        0x4D, 0x69, 0x6E, 0x69, 0x6D, 0x61, 0x70, 0x5F, 0x42, 0x6F, 0x72, 0x64, 0x65, 0x72, 0x00, 0x00,
        0x4F, 0x50, 0x10, 0x00, 0x73, 0xBF, 0x0D, 0x00, 0x87, 0x55, 0xA7, 0x92, 0x00, 0x00, 0x00, 0x40,
        0x0C, 0x00, 0x00, 0x00, 0x50, 0x41, 0x04, 0x00, 0x6F, 0xBF, 0x0D, 0x00, 0x49, 0x66, 0x04, 0x00,
        0x00, 0x00, 0x00, 0x00, 0x53, 0x41, 0x54, 0x00, 0xFF, 0x00, 0x00, 0x00, 0xFF, 0x00, 0x00, 0x00,
        0xFF, 0x00, 0x00, 0x00, 0xFF, 0x00, 0x00, 0x00, 0x00, 0x00, 0x00, 0x00, 0x00, 0x00, 0x00, 0x00,
        0x00, 0x00, 0x00, 0x00, 0x00, 0x00, 0x70, 0xC1, 0x00, 0x00, 0x80, 0x41, 0x00, 0x00, 0x00, 0x00,
        0x00, 0x00, 0x00, 0x00, 0x00, 0x00, 0x00, 0x00, 0xF4, 0x04, 0x35, 0xBF, 0xF2, 0x04, 0x35, 0x3F,
        0x00, 0x00, 0x00, 0x43, 0x00, 0x00, 0x00, 0x43, 0x00, 0x00, 0x00, 0x00, 0x00, 0x00, 0x00, 0x00,
        0x00, 0x00, 0x00, 0x00, 0x00, 0x00, 0x80, 0x3F, 0x00, 0x00, 0x80, 0x3F, 0x53, 0x63, 0x72, 0x70,
        0x20, 0x00, 0x00, 0x00, 0x53, 0x6E, 0x08, 0x00, 0x49, 0x6E, 0x69, 0x74, 0x00, 0x00, 0x00, 0x00,
        0x53, 0x68, 0x10, 0x00, 0xB3, 0x44, 0x17, 0x00, 0x00, 0x00, 0x00, 0x00, 0x00, 0x00, 0x00, 0x00,
        0x00, 0x00, 0x00, 0x00, 0x46, 0x4F, 0x62, 0xEA, 0xC0, 0x00, 0x00, 0x00, 0x4F, 0x62, 0x6A, 0x44,
        0x90, 0x00, 0x00, 0x00, 0x4F, 0x74, 0x04, 0x00, 0x01, 0x00, 0x00, 0x00, 0x4F, 0x6E, 0x10, 0x00,
        0x54, 0x72, 0x61, 0x63, 0x6B, 0x32, 0x30, 0x30, 0x30, 0x5F, 0x6D, 0x61, 0x70, 0x00, 0x00, 0x00,
        0x4F, 0x50, 0x10, 0x00, 0x6E, 0xBF, 0x0D, 0x00, 0xF3, 0x80, 0xFE, 0x90, 0x00, 0x00, 0x00, 0x40,
        0xFF, 0xFF, 0xFF, 0xFF, 0x49, 0x66, 0x04, 0x00, 0x00, 0x00, 0x00, 0x00, 0x53, 0x41, 0x54, 0x00,
        0xFF, 0x00, 0x00, 0x00, 0xFF, 0x00, 0x00, 0x00, 0xFF, 0x00, 0x00, 0x00, 0xFF, 0x00, 0x00, 0x00,
        0x00, 0x00, 0x00, 0x00, 0x00, 0x00, 0x00, 0x00, 0x00, 0x00, 0x00, 0x00, 0x00, 0x00, 0x5F, 0xC3,
        0x00, 0x00, 0x16, 0x43, 0x00, 0x00, 0x10, 0x41, 0x00, 0x00, 0x00, 0x00, 0x00, 0x00, 0x00, 0x00,
        0x00, 0x00, 0x00, 0x00, 0x00, 0x00, 0x80, 0x3F, 0x00, 0x00, 0x00, 0x43, 0x00, 0x00, 0x00, 0x43,
        0x00, 0x00, 0x00, 0x00, 0x00, 0x00, 0x00, 0x00, 0x00, 0x00, 0x00, 0x00, 0x00, 0x00, 0x80, 0x3F,
        0x00, 0x00, 0x80, 0x3F, 0x53, 0x63, 0x72, 0x70, 0x20, 0x00, 0x00, 0x00, 0x53, 0x6E, 0x08, 0x00,
        0x49, 0x6E, 0x69, 0x74, 0x00, 0x00, 0x00, 0x00, 0x53, 0x68, 0x10, 0x00, 0xB3, 0x44, 0x17, 0x00,
        0x00, 0x00, 0x00, 0x00, 0x00, 0x00, 0x00, 0x00, 0x00, 0x00, 0x00, 0x00, 0x46, 0x4F, 0x62, 0xEA,
        0x38, 0x03, 0x00, 0x00, 0x4F, 0x62, 0x6A, 0x44, 0x94, 0x00, 0x00, 0x00, 0x4F, 0x74, 0x04, 0x00,
        0x01, 0x00, 0x00, 0x00, 0x4F, 0x6E, 0x14, 0x00, 0x41, 0x63, 0x74, 0x69, 0x6F, 0x6E, 0x42, 0x75,
        0x74, 0x74, 0x6F, 0x6E, 0x49, 0x63, 0x6F, 0x6E, 0x00, 0x00, 0x00, 0x00, 0x4F, 0x50, 0x10, 0x00,
        0x86, 0xBD, 0x0D, 0x00, 0x22, 0x08, 0x91, 0x50, 0x00, 0x00, 0x00, 0x40, 0xFF, 0xFF, 0xFF, 0xFF,
        0x49, 0x66, 0x04, 0x00, 0x00, 0x00, 0x00, 0x00, 0x53, 0x41, 0x54, 0x00, 0xFF, 0x00, 0x00, 0x00,
        0xFF, 0x00, 0x00, 0x00, 0xFF, 0x00, 0x00, 0x00, 0xFF, 0x00, 0x00, 0x00, 0x00, 0x00, 0x00, 0x00,
        0x00, 0x00, 0x00, 0x00, 0x00, 0x00, 0x00, 0x00, 0x00, 0x00, 0x5E, 0xC3, 0x00, 0x00, 0x24, 0x42,
        0x00, 0x00, 0xC8, 0x42, 0x00, 0x00, 0x00, 0x00, 0x00, 0x00, 0x00, 0x00, 0x00, 0x00, 0x00, 0x00,
        0x00, 0x00, 0x80, 0x3F, 0x00, 0x00, 0x80, 0x42, 0x00, 0x00, 0x80, 0x42, 0x00, 0x00, 0x00, 0x00,
        0x00, 0x00, 0x00, 0x00, 0x00, 0x00, 0x00, 0x00, 0x00, 0x00, 0x80, 0x3F, 0x00, 0x00, 0x80, 0x3F,
        0x53, 0x63, 0x72, 0x70, 0x9C, 0x00, 0x00, 0x00, 0x53, 0x6E, 0x08, 0x00, 0x49, 0x6E, 0x69, 0x74,
        0x00, 0x00, 0x00, 0x00, 0x53, 0x68, 0x10, 0x00, 0xB3, 0x44, 0x17, 0x00, 0x00, 0x00, 0x00, 0x00,
        0x00, 0x00, 0x00, 0x00, 0x03, 0x00, 0x00, 0x00, 0x46, 0x49, 0x08, 0x00, 0x06, 0x10, 0x01, 0x00,
        0x00, 0x00, 0x00, 0x00, 0x54, 0x6F, 0x04, 0x00, 0x00, 0x00, 0x00, 0x00, 0x4B, 0x64, 0x14, 0x00,
        0xFF, 0xFF, 0xFF, 0xFF, 0xFF, 0x00, 0x00, 0x00, 0xFF, 0x00, 0x00, 0x00, 0xFF, 0x00, 0x00, 0x00,
        0xFF, 0x00, 0x00, 0x00, 0x46, 0x49, 0x08, 0x00, 0x04, 0x0C, 0x01, 0x00, 0x00, 0x00, 0x00, 0x00,
        0x54, 0x6F, 0x04, 0x00, 0x07, 0x00, 0x00, 0x00, 0x4B, 0x64, 0x10, 0x00, 0xFF, 0xFF, 0xFF, 0xFF,
        0x00, 0x00, 0x5E, 0xC3, 0x00, 0x00, 0x24, 0x42, 0x00, 0x00, 0xC8, 0x42, 0x46, 0x49, 0x08, 0x00,
        0x04, 0x0C, 0x01, 0x00, 0x00, 0x00, 0x00, 0x00, 0x54, 0x6F, 0x04, 0x00, 0x0E, 0x00, 0x00, 0x00,
        0x4B, 0x64, 0x10, 0x00, 0xFF, 0xFF, 0xFF, 0xFF, 0x00, 0x00, 0x80, 0x42, 0x00, 0x00, 0x80, 0x42,
        0x00, 0x00, 0x00, 0x00, 0x53, 0x63, 0x72, 0x70, 0xF4, 0x00, 0x00, 0x00, 0x53, 0x6E, 0x08, 0x00,
        0x45, 0x6E, 0x74, 0x65, 0x72, 0x00, 0x00, 0x00, 0x53, 0x68, 0x10, 0x00, 0x3D, 0xA6, 0xB7, 0x02,
        0x2C, 0x01, 0x00, 0x00, 0x00, 0x00, 0x00, 0x00, 0x03, 0x00, 0x00, 0x00, 0x46, 0x49, 0x08, 0x00,
        0x06, 0x10, 0x01, 0x00, 0x2C, 0x01, 0x00, 0x00, 0x54, 0x6F, 0x04, 0x00, 0x00, 0x00, 0x00, 0x00,
        0x4B, 0x64, 0x3C, 0x00, 0xFF, 0xFF, 0xFF, 0xFF, 0xFF, 0x00, 0x00, 0x00, 0xFF, 0x00, 0x00, 0x00,
        0xFF, 0x00, 0x00, 0x00, 0xFF, 0x00, 0x00, 0x00, 0x00, 0x00, 0x00, 0x00, 0x00, 0x00, 0x00, 0x00,
        0x00, 0x00, 0x00, 0x00, 0x00, 0x00, 0x00, 0x00, 0x01, 0xFF, 0xFF, 0xFF, 0x2C, 0x01, 0x00, 0x00,
        0x00, 0x00, 0x00, 0x00, 0x00, 0x00, 0x00, 0x00, 0x00, 0x00, 0x00, 0x00, 0x00, 0x00, 0x00, 0x00,
        0x46, 0x49, 0x08, 0x00, 0x04, 0x0C, 0x01, 0x00, 0x2C, 0x01, 0x00, 0x00, 0x54, 0x6F, 0x04, 0x00,
        0x07, 0x00, 0x00, 0x00, 0x4B, 0x64, 0x20, 0x00, 0xFF, 0xFF, 0xFF, 0xFF, 0x00, 0x00, 0x5E, 0xC3,
        0x00, 0x00, 0x24, 0x42, 0x00, 0x00, 0xC8, 0x42, 0x00, 0x00, 0x00, 0x00, 0x00, 0x00, 0x00, 0x00,
        0x00, 0x00, 0x00, 0x00, 0x00, 0x00, 0x00, 0x00, 0x46, 0x49, 0x08, 0x00, 0x04, 0x0C, 0x01, 0x00,
        0x2C, 0x01, 0x00, 0x00, 0x54, 0x6F, 0x04, 0x00, 0x0E, 0x00, 0x00, 0x00, 0x4B, 0x64, 0x30, 0x00,
        0xFF, 0xFF, 0xFF, 0xFF, 0x00, 0x00, 0x80, 0x42, 0x00, 0x00, 0x80, 0x42, 0x00, 0x00, 0x00, 0x00,
        0x00, 0x00, 0x00, 0x00, 0x00, 0x00, 0x10, 0xC2, 0x00, 0x00, 0x10, 0xC2, 0x00, 0x00, 0x00, 0x00,
        0x2C, 0x01, 0x00, 0x00, 0x00, 0x00, 0x00, 0x00, 0x00, 0x00, 0x00, 0x00, 0x00, 0x00, 0x00, 0x00,
        0x53, 0x63, 0x72, 0x70, 0xF4, 0x00, 0x00, 0x00, 0x53, 0x6E, 0x08, 0x00, 0x45, 0x78, 0x69, 0x74,
        0x00, 0x00, 0x00, 0x00, 0x53, 0x68, 0x10, 0x00, 0xB9, 0x3D, 0x15, 0x00, 0xC8, 0x00, 0x00, 0x00,
        0x00, 0x00, 0x00, 0x00, 0x03, 0x00, 0x00, 0x00, 0x46, 0x49, 0x08, 0x00, 0x06, 0x10, 0x01, 0x00,
        0xC8, 0x00, 0x00, 0x00, 0x54, 0x6F, 0x04, 0x00, 0x00, 0x00, 0x00, 0x00, 0x4B, 0x64, 0x3C, 0x00,
        0xFF, 0xFF, 0xFF, 0xFF, 0xFF, 0x00, 0x00, 0x00, 0xFF, 0x00, 0x00, 0x00, 0xFF, 0x00, 0x00, 0x00,
        0xFF, 0x00, 0x00, 0x00, 0x00, 0x00, 0x00, 0x00, 0x00, 0x00, 0x00, 0x00, 0x00, 0x00, 0x00, 0x00,
        0x00, 0x00, 0x00, 0x00, 0x00, 0x00, 0x00, 0x00, 0xC8, 0x00, 0x00, 0x00, 0x00, 0x00, 0x00, 0x00,
        0x00, 0x00, 0x00, 0x00, 0x00, 0x00, 0x00, 0x00, 0x01, 0xFF, 0xFF, 0xFF, 0x46, 0x49, 0x08, 0x00,
        0x04, 0x0C, 0x01, 0x00, 0xC8, 0x00, 0x00, 0x00, 0x54, 0x6F, 0x04, 0x00, 0x07, 0x00, 0x00, 0x00,
        0x4B, 0x64, 0x20, 0x00, 0xFF, 0xFF, 0xFF, 0xFF, 0x00, 0x00, 0x5E, 0xC3, 0x00, 0x00, 0x24, 0x42,
        0x00, 0x00, 0xC8, 0x42, 0x00, 0x00, 0x00, 0x00, 0x00, 0x00, 0x00, 0x00, 0x00, 0x00, 0x00, 0x00,
        0x00, 0x00, 0x00, 0x00, 0x46, 0x49, 0x08, 0x00, 0x04, 0x0C, 0x01, 0x00, 0xC8, 0x00, 0x00, 0x00,
        0x54, 0x6F, 0x04, 0x00, 0x0E, 0x00, 0x00, 0x00, 0x4B, 0x64, 0x30, 0x00, 0xFF, 0xFF, 0xFF, 0xFF,
        0x00, 0x00, 0x80, 0x42, 0x00, 0x00, 0x80, 0x42, 0x00, 0x00, 0x00, 0x00, 0x00, 0x00, 0x00, 0x00,
        0x00, 0x00, 0x00, 0x00, 0x00, 0x00, 0x00, 0x00, 0x00, 0x00, 0x00, 0x00, 0xC8, 0x00, 0x00, 0x00,
        0x00, 0x00, 0x10, 0xC2, 0x00, 0x00, 0x10, 0xC2, 0x00, 0x00, 0x00, 0x00, 0x46, 0x4F, 0x62, 0xEA,
        0xFC, 0x0C, 0x00, 0x00, 0x4F, 0x62, 0x6A, 0x44, 0x8C, 0x00, 0x00, 0x00, 0x4F, 0x74, 0x04, 0x00,
        0x01, 0x00, 0x00, 0x00, 0x4F, 0x6E, 0x0C, 0x00, 0x45, 0x76, 0x65, 0x6E, 0x74, 0x49, 0x63, 0x6F,
        0x6E, 0x5F, 0x31, 0x00, 0x4F, 0x50, 0x10, 0x00, 0x7E, 0xBD, 0x0D, 0x00, 0x3A, 0x29, 0x7D, 0x6F,
        0x00, 0x00, 0x00, 0x40, 0x00, 0x00, 0x00, 0x00, 0x49, 0x66, 0x04, 0x00, 0x00, 0x00, 0x00, 0x00,
        0x53, 0x41, 0x54, 0x00, 0xFF, 0x00, 0x00, 0x00, 0xFF, 0x00, 0x00, 0x00, 0xFF, 0x00, 0x00, 0x00,
        0x00, 0x00, 0x00, 0x00, 0x00, 0x00, 0x00, 0x00, 0x00, 0x00, 0x00, 0x00, 0x00, 0x00, 0x00, 0x00,
        0x00, 0x00, 0x5D, 0xC3, 0x00, 0x00, 0x30, 0xC1, 0x00, 0x00, 0xC8, 0x42, 0x00, 0x00, 0x00, 0x00,
        0x00, 0x00, 0x00, 0x00, 0x00, 0x00, 0x00, 0x00, 0x00, 0x00, 0x80, 0x3F, 0x00, 0x00, 0x58, 0x42,
        0x00, 0x00, 0x58, 0x42, 0x00, 0x00, 0x00, 0x00, 0x00, 0x00, 0x00, 0x00, 0x00, 0x00, 0x00, 0x00,
        0x00, 0x00, 0x80, 0x3F, 0x00, 0x00, 0x80, 0x3F, 0x53, 0x63, 0x72, 0x70, 0x9C, 0x00, 0x00, 0x00,
        0x53, 0x6E, 0x08, 0x00, 0x49, 0x6E, 0x69, 0x74, 0x00, 0x00, 0x00, 0x00, 0x53, 0x68, 0x10, 0x00,
        0xB3, 0x44, 0x17, 0x00, 0x00, 0x00, 0x00, 0x00, 0x00, 0x00, 0x00, 0x00, 0x03, 0x00, 0x00, 0x00,
        0x46, 0x49, 0x08, 0x00, 0x06, 0x10, 0x01, 0x00, 0x00, 0x00, 0x00, 0x00, 0x54, 0x6F, 0x04, 0x00,
        0x00, 0x00, 0x00, 0x00, 0x4B, 0x64, 0x14, 0x00, 0xFF, 0xFF, 0xFF, 0xFF, 0xFF, 0x00, 0x00, 0x00,
        0xFF, 0x00, 0x00, 0x00, 0xFF, 0x00, 0x00, 0x00, 0x00, 0x00, 0x00, 0x00, 0x46, 0x49, 0x08, 0x00,
        0x04, 0x0C, 0x01, 0x00, 0x00, 0x00, 0x00, 0x00, 0x54, 0x6F, 0x04, 0x00, 0x07, 0x00, 0x00, 0x00,
        0x4B, 0x64, 0x10, 0x00, 0xFF, 0xFF, 0xFF, 0xFF, 0x00, 0x00, 0x5D, 0xC3, 0x00, 0x00, 0x30, 0xC1,
        0x00, 0x00, 0xC8, 0x42, 0x46, 0x49, 0x08, 0x00, 0x04, 0x0C, 0x01, 0x00, 0x00, 0x00, 0x00, 0x00,
        0x54, 0x6F, 0x04, 0x00, 0x0E, 0x00, 0x00, 0x00, 0x4B, 0x64, 0x10, 0x00, 0xFF, 0xFF, 0xFF, 0xFF,
        0x00, 0x00, 0x58, 0x42, 0x00, 0x00, 0x58, 0x42, 0x00, 0x00, 0x00, 0x00, 0x53, 0x63, 0x72, 0x70,
        0x04, 0x01, 0x00, 0x00, 0x53, 0x6E, 0x10, 0x00, 0x45, 0x6E, 0x74, 0x65, 0x72, 0x5F, 0x43, 0x69,
        0x72, 0x63, 0x75, 0x69, 0x74, 0x00, 0x00, 0x00, 0x53, 0x68, 0x10, 0x00, 0x2F, 0x19, 0xCB, 0xBE,
        0x2C, 0x01, 0x00, 0x00, 0x00, 0x00, 0x00, 0x00, 0x03, 0x00, 0x00, 0x00, 0x53, 0x63, 0x04, 0x00,
        0x41, 0x7B, 0xC3, 0xA8, 0x46, 0x49, 0x08, 0x00, 0x06, 0x10, 0x01, 0x00, 0x2C, 0x01, 0x00, 0x00,
        0x54, 0x6F, 0x04, 0x00, 0x00, 0x00, 0x00, 0x00, 0x4B, 0x64, 0x3C, 0x00, 0xFF, 0xFF, 0xFF, 0xFF,
        0xFE, 0x01, 0x00, 0x00, 0xFE, 0x01, 0x00, 0x00, 0x7E, 0x01, 0x00, 0x00, 0xFE, 0x01, 0x00, 0x00,
        0x00, 0x00, 0x00, 0x00, 0x00, 0x00, 0x00, 0x00, 0x00, 0x00, 0x00, 0x00, 0x00, 0x00, 0x00, 0x00,
        0x02, 0xFE, 0xFF, 0xFF, 0x2C, 0x01, 0x00, 0x00, 0x01, 0xFF, 0xFF, 0xFF, 0x01, 0xFF, 0xFF, 0xFF,
        0x81, 0xFF, 0xFF, 0xFF, 0x98, 0xFE, 0xFF, 0xFF, 0x46, 0x49, 0x08, 0x00, 0x04, 0x0C, 0x01, 0x00,
        0x2C, 0x01, 0x00, 0x00, 0x54, 0x6F, 0x04, 0x00, 0x07, 0x00, 0x00, 0x00, 0x4B, 0x64, 0x20, 0x00,
        0xFF, 0xFF, 0xFF, 0xFF, 0x00, 0x00, 0x5D, 0xC3, 0x00, 0x00, 0x30, 0xC1, 0x00, 0x00, 0xC8, 0x42,
        0x00, 0x00, 0x00, 0x00, 0x00, 0x00, 0x00, 0x00, 0x00, 0x00, 0x00, 0x00, 0x00, 0x00, 0x00, 0x00,
        0x46, 0x49, 0x08, 0x00, 0x04, 0x0C, 0x01, 0x00, 0x2C, 0x01, 0x00, 0x00, 0x54, 0x6F, 0x04, 0x00,
        0x0E, 0x00, 0x00, 0x00, 0x4B, 0x64, 0x30, 0x00, 0xFF, 0xFF, 0xFF, 0xFF, 0x00, 0x00, 0x80, 0x42,
        0x00, 0x00, 0x80, 0x42, 0x00, 0x00, 0x00, 0x00, 0x00, 0x00, 0x00, 0x00, 0x00, 0x00, 0x40, 0xC2,
        0x00, 0x00, 0x40, 0xC2, 0x00, 0x00, 0x00, 0x00, 0x2C, 0x01, 0x00, 0x00, 0x00, 0x00, 0x20, 0xC1,
        0x00, 0x00, 0x20, 0xC1, 0x00, 0x00, 0x00, 0x00, 0x53, 0x63, 0x72, 0x70, 0xFC, 0x00, 0x00, 0x00,
        0x53, 0x6E, 0x10, 0x00, 0x45, 0x78, 0x69, 0x74, 0x5F, 0x43, 0x69, 0x72, 0x63, 0x75, 0x69, 0x74,
        0x00, 0x00, 0x00, 0x00, 0x53, 0x68, 0x10, 0x00, 0xAB, 0x6C, 0x16, 0x9C, 0xC8, 0x00, 0x00, 0x00,
        0x00, 0x00, 0x00, 0x00, 0x03, 0x00, 0x00, 0x00, 0x46, 0x49, 0x08, 0x00, 0x06, 0x10, 0x01, 0x00,
        0xC8, 0x00, 0x00, 0x00, 0x54, 0x6F, 0x04, 0x00, 0x00, 0x00, 0x00, 0x00, 0x4B, 0x64, 0x3C, 0x00,
        0xFF, 0xFF, 0xFF, 0xFF, 0xFE, 0x01, 0x00, 0x00, 0xFE, 0x01, 0x00, 0x00, 0x7E, 0x01, 0x00, 0x00,
        0xFF, 0x00, 0x00, 0x00, 0x00, 0x00, 0x00, 0x00, 0x01, 0xFF, 0xFF, 0xFF, 0x01, 0xFF, 0xFF, 0xFF,
        0x81, 0xFF, 0xFF, 0xFF, 0x97, 0xFF, 0xFF, 0xFF, 0xC8, 0x00, 0x00, 0x00, 0x01, 0xFF, 0xFF, 0xFF,
        0x01, 0xFF, 0xFF, 0xFF, 0x81, 0xFF, 0xFF, 0xFF, 0x01, 0xFF, 0xFF, 0xFF, 0x46, 0x49, 0x08, 0x00,
        0x04, 0x0C, 0x01, 0x00, 0xC8, 0x00, 0x00, 0x00, 0x54, 0x6F, 0x04, 0x00, 0x07, 0x00, 0x00, 0x00,
        0x4B, 0x64, 0x20, 0x00, 0xFF, 0xFF, 0xFF, 0xFF, 0x00, 0x00, 0x5D, 0xC3, 0x00, 0x00, 0x30, 0xC1,
        0x00, 0x00, 0xC8, 0x42, 0x00, 0x00, 0x00, 0x00, 0x00, 0x00, 0x00, 0x00, 0x00, 0x00, 0x00, 0x00,
        0x00, 0x00, 0x00, 0x00, 0x46, 0x49, 0x08, 0x00, 0x04, 0x0C, 0x01, 0x00, 0xC8, 0x00, 0x00, 0x00,
        0x54, 0x6F, 0x04, 0x00, 0x0E, 0x00, 0x00, 0x00, 0x4B, 0x64, 0x30, 0x00, 0xFF, 0xFF, 0xFF, 0xFF,
        0x00, 0x00, 0x80, 0x42, 0x00, 0x00, 0x80, 0x42, 0x00, 0x00, 0x00, 0x00, 0x00, 0x00, 0x00, 0x00,
        0x00, 0x00, 0x20, 0xC1, 0x00, 0x00, 0x20, 0xC1, 0x00, 0x00, 0x00, 0x00, 0xC8, 0x00, 0x00, 0x00,
        0x00, 0x00, 0x40, 0xC2, 0x00, 0x00, 0x40, 0xC2, 0x00, 0x00, 0x00, 0x00, 0x53, 0x63, 0x72, 0x70,
        0xD8, 0x00, 0x00, 0x00, 0x53, 0x6E, 0x10, 0x00, 0x42, 0x6C, 0x69, 0x6E, 0x6B, 0x5F, 0x43, 0x69,
        0x72, 0x63, 0x75, 0x69, 0x74, 0x00, 0x00, 0x00, 0x53, 0x68, 0x10, 0x00, 0x41, 0x7B, 0xC3, 0xA8,
        0x00, 0x00, 0x00, 0x00, 0x00, 0x00, 0x00, 0x00, 0x03, 0x00, 0x00, 0x00, 0x46, 0x49, 0x08, 0x00,
        0x06, 0x10, 0x01, 0x00, 0x00, 0x00, 0x00, 0x00, 0x54, 0x6F, 0x04, 0x00, 0x00, 0x00, 0x00, 0x00,
        0x4B, 0x64, 0x28, 0x00, 0xFF, 0xFF, 0xFF, 0xFF, 0xFF, 0x00, 0x00, 0x00, 0xFF, 0x00, 0x00, 0x00,
        0x7F, 0x00, 0x00, 0x00, 0xFF, 0x00, 0x00, 0x00, 0x00, 0x00, 0x00, 0x00, 0x00, 0x00, 0x00, 0x00,
        0x00, 0x00, 0x00, 0x00, 0x80, 0x00, 0x00, 0x00, 0x97, 0xFF, 0xFF, 0xFF, 0x46, 0x49, 0x08, 0x00,
        0x04, 0x0C, 0x01, 0x00, 0x00, 0x00, 0x00, 0x00, 0x54, 0x6F, 0x04, 0x00, 0x07, 0x00, 0x00, 0x00,
        0x4B, 0x64, 0x20, 0x00, 0xFF, 0xFF, 0xFF, 0xFF, 0x00, 0x80, 0x04, 0xC4, 0x00, 0x80, 0x11, 0x44,
        0x00, 0x00, 0xDC, 0x42, 0x00, 0x00, 0x00, 0x00, 0x00, 0x80, 0x9A, 0x43, 0x00, 0x40, 0x14, 0xC4,
        0x00, 0x00, 0x20, 0xC1, 0x46, 0x49, 0x08, 0x00, 0x04, 0x0C, 0x01, 0x00, 0x00, 0x00, 0x00, 0x00,
        0x54, 0x6F, 0x04, 0x00, 0x0E, 0x00, 0x00, 0x00, 0x4B, 0x64, 0x20, 0x00, 0xFF, 0xFF, 0xFF, 0xFF,
        0x00, 0x00, 0x8C, 0x42, 0x00, 0x00, 0x8C, 0x42, 0x00, 0x00, 0x00, 0x00, 0x00, 0x00, 0x00, 0x00,
        0x00, 0x00, 0x80, 0xC1, 0x00, 0x00, 0x80, 0xC1, 0x00, 0x00, 0x00, 0x00, 0x53, 0x63, 0x72, 0x70,
        0x04, 0x01, 0x00, 0x00, 0x53, 0x6E, 0x10, 0x00, 0x45, 0x6E, 0x74, 0x65, 0x72, 0x5F, 0x53, 0x70,
        0x72, 0x69, 0x6E, 0x74, 0x00, 0x00, 0x00, 0x00, 0x53, 0x68, 0x10, 0x00, 0xBC, 0x37, 0xDF, 0x42,
        0x2C, 0x01, 0x00, 0x00, 0x00, 0x00, 0x00, 0x00, 0x03, 0x00, 0x00, 0x00, 0x53, 0x63, 0x04, 0x00,
        0x8E, 0x9F, 0x6A, 0x1B, 0x46, 0x49, 0x08, 0x00, 0x06, 0x10, 0x01, 0x00, 0x2C, 0x01, 0x00, 0x00,
        0x54, 0x6F, 0x04, 0x00, 0x00, 0x00, 0x00, 0x00, 0x4B, 0x64, 0x3C, 0x00, 0xFF, 0xFF, 0xFF, 0xFF,
        0xFE, 0x01, 0x00, 0x00, 0x7E, 0x01, 0x00, 0x00, 0xFE, 0x01, 0x00, 0x00, 0xFE, 0x01, 0x00, 0x00,
        0x00, 0x00, 0x00, 0x00, 0x01, 0xFF, 0xFF, 0xFF, 0x81, 0xFF, 0xFF, 0xFF, 0x01, 0xFF, 0xFF, 0xFF,
        0x02, 0xFE, 0xFF, 0xFF, 0x2C, 0x01, 0x00, 0x00, 0x01, 0xFF, 0xFF, 0xFF, 0x81, 0xFF, 0xFF, 0xFF,
        0x01, 0xFF, 0xFF, 0xFF, 0x01, 0xFF, 0xFF, 0xFF, 0x46, 0x49, 0x08, 0x00, 0x04, 0x0C, 0x01, 0x00,
        0x2C, 0x01, 0x00, 0x00, 0x54, 0x6F, 0x04, 0x00, 0x07, 0x00, 0x00, 0x00, 0x4B, 0x64, 0x20, 0x00,
        0xFF, 0xFF, 0xFF, 0xFF, 0x00, 0x00, 0x5D, 0xC3, 0x00, 0x00, 0x30, 0xC1, 0x00, 0x00, 0xC8, 0x42,
        0x00, 0x00, 0x00, 0x00, 0x00, 0x00, 0x00, 0x00, 0x00, 0x00, 0x00, 0x00, 0x00, 0x00, 0x00, 0x00,
        0x46, 0x49, 0x08, 0x00, 0x04, 0x0C, 0x01, 0x00, 0x2C, 0x01, 0x00, 0x00, 0x54, 0x6F, 0x04, 0x00,
        0x0E, 0x00, 0x00, 0x00, 0x4B, 0x64, 0x30, 0x00, 0xFF, 0xFF, 0xFF, 0xFF, 0x00, 0x00, 0x80, 0x42,
        0x00, 0x00, 0x80, 0x42, 0x00, 0x00, 0x00, 0x00, 0x00, 0x00, 0x00, 0x00, 0x00, 0x00, 0x40, 0xC2,
        0x00, 0x00, 0x40, 0xC2, 0x00, 0x00, 0x00, 0x00, 0x2C, 0x01, 0x00, 0x00, 0x00, 0x00, 0x20, 0xC1,
        0x00, 0x00, 0x20, 0xC1, 0x00, 0x00, 0x00, 0x00, 0x53, 0x63, 0x72, 0x70, 0x08, 0x01, 0x00, 0x00,
        0x53, 0x6E, 0x14, 0x00, 0x45, 0x6E, 0x74, 0x65, 0x72, 0x5F, 0x54, 0x69, 0x6D, 0x65, 0x5F, 0x54,
        0x72, 0x69, 0x61, 0x6C, 0x00, 0x00, 0x00, 0x00, 0x53, 0x68, 0x10, 0x00, 0x66, 0xFD, 0x33, 0xB6,
        0x2C, 0x01, 0x00, 0x00, 0x00, 0x00, 0x00, 0x00, 0x03, 0x00, 0x00, 0x00, 0x53, 0x63, 0x04, 0x00,
        0x38, 0xFE, 0xF2, 0x32, 0x46, 0x49, 0x08, 0x00, 0x06, 0x10, 0x01, 0x00, 0x2C, 0x01, 0x00, 0x00,
        0x54, 0x6F, 0x04, 0x00, 0x00, 0x00, 0x00, 0x00, 0x4B, 0x64, 0x3C, 0x00, 0xFF, 0xFF, 0xFF, 0xFF,
        0xFF, 0x00, 0x00, 0x00, 0xFF, 0x00, 0x00, 0x00, 0xFF, 0x00, 0x00, 0x00, 0xFE, 0x01, 0x00, 0x00,
        0x00, 0x00, 0x00, 0x00, 0x00, 0x00, 0x00, 0x00, 0x00, 0x00, 0x00, 0x00, 0x00, 0x00, 0x00, 0x00,
        0x02, 0xFE, 0xFF, 0xFF, 0x2C, 0x01, 0x00, 0x00, 0x00, 0x00, 0x00, 0x00, 0x00, 0x00, 0x00, 0x00,
        0x00, 0x00, 0x00, 0x00, 0x98, 0xFE, 0xFF, 0xFF, 0x46, 0x49, 0x08, 0x00, 0x04, 0x0C, 0x01, 0x00,
        0x2C, 0x01, 0x00, 0x00, 0x54, 0x6F, 0x04, 0x00, 0x07, 0x00, 0x00, 0x00, 0x4B, 0x64, 0x20, 0x00,
        0xFF, 0xFF, 0xFF, 0xFF, 0x00, 0x00, 0x5D, 0xC3, 0x00, 0x00, 0x30, 0xC1, 0x00, 0x00, 0xC8, 0x42,
        0x00, 0x00, 0x00, 0x00, 0x00, 0x00, 0x00, 0x00, 0x00, 0x00, 0x00, 0x00, 0x00, 0x00, 0x00, 0x00,
        0x46, 0x49, 0x08, 0x00, 0x04, 0x0C, 0x01, 0x00, 0x2C, 0x01, 0x00, 0x00, 0x54, 0x6F, 0x04, 0x00,
        0x0E, 0x00, 0x00, 0x00, 0x4B, 0x64, 0x30, 0x00, 0xFF, 0xFF, 0xFF, 0xFF, 0x00, 0x00, 0x80, 0x42,
        0x00, 0x00, 0x80, 0x42, 0x00, 0x00, 0x00, 0x00, 0x00, 0x00, 0x00, 0x00, 0x00, 0x00, 0x40, 0xC2,
        0x00, 0x00, 0x40, 0xC2, 0x00, 0x00, 0x00, 0x00, 0x2C, 0x01, 0x00, 0x00, 0x00, 0x00, 0x20, 0xC1,
        0x00, 0x00, 0x20, 0xC1, 0x00, 0x00, 0x00, 0x00, 0x53, 0x63, 0x72, 0x70, 0x04, 0x01, 0x00, 0x00,
        0x53, 0x6E, 0x10, 0x00, 0x45, 0x6E, 0x74, 0x65, 0x72, 0x5F, 0x48, 0x65, 0x61, 0x64, 0x6C, 0x69,
        0x6E, 0x65, 0x00, 0x00, 0x53, 0x68, 0x10, 0x00, 0x56, 0xEA, 0xF3, 0xD9, 0x2C, 0x01, 0x00, 0x00,
        0x00, 0x00, 0x00, 0x00, 0x03, 0x00, 0x00, 0x00, 0x53, 0x63, 0x04, 0x00, 0xA8, 0x8E, 0xF8, 0x02,
        0x46, 0x49, 0x08, 0x00, 0x06, 0x10, 0x01, 0x00, 0x2C, 0x01, 0x00, 0x00, 0x54, 0x6F, 0x04, 0x00,
        0x00, 0x00, 0x00, 0x00, 0x4B, 0x64, 0x3C, 0x00, 0xFF, 0xFF, 0xFF, 0xFF, 0xFF, 0x00, 0x00, 0x00,
        0xFF, 0x00, 0x00, 0x00, 0xFF, 0x00, 0x00, 0x00, 0xFE, 0x01, 0x00, 0x00, 0x00, 0x00, 0x00, 0x00,
        0x00, 0x00, 0x00, 0x00, 0x00, 0x00, 0x00, 0x00, 0x00, 0x00, 0x00, 0x00, 0x02, 0xFE, 0xFF, 0xFF,
        0x2C, 0x01, 0x00, 0x00, 0x00, 0x00, 0x00, 0x00, 0x00, 0x00, 0x00, 0x00, 0x00, 0x00, 0x00, 0x00,
        0x98, 0xFE, 0xFF, 0xFF, 0x46, 0x49, 0x08, 0x00, 0x04, 0x0C, 0x01, 0x00, 0x2C, 0x01, 0x00, 0x00,
        0x54, 0x6F, 0x04, 0x00, 0x07, 0x00, 0x00, 0x00, 0x4B, 0x64, 0x20, 0x00, 0xFF, 0xFF, 0xFF, 0xFF,
        0x00, 0x00, 0x5D, 0xC3, 0x00, 0x00, 0x30, 0xC1, 0x00, 0x00, 0xC8, 0x42, 0x00, 0x00, 0x00, 0x00,
        0x00, 0x00, 0x00, 0x00, 0x00, 0x00, 0x00, 0x00, 0x00, 0x00, 0x00, 0x00, 0x46, 0x49, 0x08, 0x00,
        0x04, 0x0C, 0x01, 0x00, 0x2C, 0x01, 0x00, 0x00, 0x54, 0x6F, 0x04, 0x00, 0x0E, 0x00, 0x00, 0x00,
        0x4B, 0x64, 0x30, 0x00, 0xFF, 0xFF, 0xFF, 0xFF, 0x00, 0x00, 0x80, 0x42, 0x00, 0x00, 0x80, 0x42,
        0x00, 0x00, 0x00, 0x00, 0x00, 0x00, 0x00, 0x00, 0x00, 0x00, 0x40, 0xC2, 0x00, 0x00, 0x40, 0xC2,
        0x00, 0x00, 0x00, 0x00, 0x2C, 0x01, 0x00, 0x00, 0x00, 0x00, 0x20, 0xC1, 0x00, 0x00, 0x20, 0xC1,
        0x00, 0x00, 0x00, 0x00, 0x53, 0x63, 0x72, 0x70, 0xD8, 0x00, 0x00, 0x00, 0x53, 0x6E, 0x10, 0x00,
        0x42, 0x6C, 0x69, 0x6E, 0x6B, 0x5F, 0x53, 0x70, 0x72, 0x69, 0x6E, 0x74, 0x00, 0x00, 0x00, 0x00,
        0x53, 0x68, 0x10, 0x00, 0x8E, 0x9F, 0x6A, 0x1B, 0x00, 0x00, 0x00, 0x00, 0x00, 0x00, 0x00, 0x00,
        0x03, 0x00, 0x00, 0x00, 0x46, 0x49, 0x08, 0x00, 0x06, 0x10, 0x01, 0x00, 0x00, 0x00, 0x00, 0x00,
        0x54, 0x6F, 0x04, 0x00, 0x00, 0x00, 0x00, 0x00, 0x4B, 0x64, 0x28, 0x00, 0xFF, 0xFF, 0xFF, 0xFF,
        0xFF, 0x00, 0x00, 0x00, 0x7F, 0x00, 0x00, 0x00, 0xFF, 0x00, 0x00, 0x00, 0xFF, 0x00, 0x00, 0x00,
        0x00, 0x00, 0x00, 0x00, 0x00, 0x00, 0x00, 0x00, 0x80, 0x00, 0x00, 0x00, 0x00, 0x00, 0x00, 0x00,
        0x97, 0xFF, 0xFF, 0xFF, 0x46, 0x49, 0x08, 0x00, 0x04, 0x0C, 0x01, 0x00, 0x00, 0x00, 0x00, 0x00,
        0x54, 0x6F, 0x04, 0x00, 0x07, 0x00, 0x00, 0x00, 0x4B, 0x64, 0x20, 0x00, 0xFF, 0xFF, 0xFF, 0xFF,
        0x00, 0x80, 0x04, 0xC4, 0x00, 0x80, 0x11, 0x44, 0x00, 0x00, 0xDC, 0x42, 0x00, 0x00, 0x00, 0x00,
        0x00, 0x80, 0x9A, 0x43, 0x00, 0x40, 0x14, 0xC4, 0x00, 0x00, 0x20, 0xC1, 0x46, 0x49, 0x08, 0x00,
        0x04, 0x0C, 0x01, 0x00, 0x00, 0x00, 0x00, 0x00, 0x54, 0x6F, 0x04, 0x00, 0x0E, 0x00, 0x00, 0x00,
        0x4B, 0x64, 0x20, 0x00, 0xFF, 0xFF, 0xFF, 0xFF, 0x00, 0x00, 0x8C, 0x42, 0x00, 0x00, 0x8C, 0x42,
        0x00, 0x00, 0x00, 0x00, 0x00, 0x00, 0x00, 0x00, 0x00, 0x00, 0x80, 0xC1, 0x00, 0x00, 0x80, 0xC1,
        0x00, 0x00, 0x00, 0x00, 0x53, 0x63, 0x72, 0x70, 0xD8, 0x00, 0x00, 0x00, 0x53, 0x6E, 0x10, 0x00,
        0x42, 0x6C, 0x69, 0x6E, 0x6B, 0x5F, 0x48, 0x65, 0x61, 0x64, 0x6C, 0x69, 0x6E, 0x65, 0x00, 0x00,
        0x53, 0x68, 0x10, 0x00, 0xA8, 0x8E, 0xF8, 0x02, 0x00, 0x00, 0x00, 0x00, 0x00, 0x00, 0x00, 0x00,
        0x03, 0x00, 0x00, 0x00, 0x46, 0x49, 0x08, 0x00, 0x06, 0x10, 0x01, 0x00, 0x00, 0x00, 0x00, 0x00,
        0x54, 0x6F, 0x04, 0x00, 0x00, 0x00, 0x00, 0x00, 0x4B, 0x64, 0x28, 0x00, 0xFF, 0xFF, 0xFF, 0xFF,
        0x00, 0x00, 0x00, 0x00, 0x00, 0x00, 0x00, 0x00, 0x00, 0x00, 0x00, 0x00, 0xFF, 0x00, 0x00, 0x00,
        0x00, 0x00, 0x00, 0x00, 0xFF, 0x00, 0x00, 0x00, 0xFF, 0x00, 0x00, 0x00, 0xFF, 0x00, 0x00, 0x00,
        0x97, 0xFF, 0xFF, 0xFF, 0x46, 0x49, 0x08, 0x00, 0x04, 0x0C, 0x01, 0x00, 0x00, 0x00, 0x00, 0x00,
        0x54, 0x6F, 0x04, 0x00, 0x07, 0x00, 0x00, 0x00, 0x4B, 0x64, 0x20, 0x00, 0xFF, 0xFF, 0xFF, 0xFF,
        0x00, 0x80, 0x04, 0xC4, 0x00, 0x80, 0x11, 0x44, 0x00, 0x00, 0xDC, 0x42, 0x00, 0x00, 0x00, 0x00,
        0x00, 0x80, 0x9A, 0x43, 0x00, 0x40, 0x14, 0xC4, 0x00, 0x00, 0x20, 0xC1, 0x46, 0x49, 0x08, 0x00,
        0x04, 0x0C, 0x01, 0x00, 0x00, 0x00, 0x00, 0x00, 0x54, 0x6F, 0x04, 0x00, 0x0E, 0x00, 0x00, 0x00,
        0x4B, 0x64, 0x20, 0x00, 0xFF, 0xFF, 0xFF, 0xFF, 0x00, 0x00, 0x8C, 0x42, 0x00, 0x00, 0x8C, 0x42,
        0x00, 0x00, 0x00, 0x00, 0x00, 0x00, 0x00, 0x00, 0x00, 0x00, 0x80, 0xC1, 0x00, 0x00, 0x80, 0xC1,
        0x00, 0x00, 0x00, 0x00, 0x53, 0x63, 0x72, 0x70, 0xDC, 0x00, 0x00, 0x00, 0x53, 0x6E, 0x14, 0x00,
        0x42, 0x6C, 0x69, 0x6E, 0x6B, 0x5F, 0x54, 0x69, 0x6D, 0x65, 0x5F, 0x54, 0x72, 0x69, 0x61, 0x6C,
        0x00, 0x00, 0x00, 0x00, 0x53, 0x68, 0x10, 0x00, 0x38, 0xFE, 0xF2, 0x32, 0x00, 0x00, 0x00, 0x00,
        0x00, 0x00, 0x00, 0x00, 0x03, 0x00, 0x00, 0x00, 0x46, 0x49, 0x08, 0x00, 0x06, 0x10, 0x01, 0x00,
        0x00, 0x00, 0x00, 0x00, 0x54, 0x6F, 0x04, 0x00, 0x00, 0x00, 0x00, 0x00, 0x4B, 0x64, 0x28, 0x00,
        0xFF, 0xFF, 0xFF, 0xFF, 0x00, 0x00, 0x00, 0x00, 0x00, 0x00, 0x00, 0x00, 0x00, 0x00, 0x00, 0x00,
        0xFF, 0x00, 0x00, 0x00, 0x00, 0x00, 0x00, 0x00, 0xFF, 0x00, 0x00, 0x00, 0xFF, 0x00, 0x00, 0x00,
        0xFF, 0x00, 0x00, 0x00, 0x97, 0xFF, 0xFF, 0xFF, 0x46, 0x49, 0x08, 0x00, 0x04, 0x0C, 0x01, 0x00,
        0x00, 0x00, 0x00, 0x00, 0x54, 0x6F, 0x04, 0x00, 0x07, 0x00, 0x00, 0x00, 0x4B, 0x64, 0x20, 0x00,
        0xFF, 0xFF, 0xFF, 0xFF, 0x00, 0x80, 0x04, 0xC4, 0x00, 0x80, 0x11, 0x44, 0x00, 0x00, 0xDC, 0x42,
        0x00, 0x00, 0x00, 0x00, 0x00, 0x80, 0x9A, 0x43, 0x00, 0x40, 0x14, 0xC4, 0x00, 0x00, 0x20, 0xC1,
        0x46, 0x49, 0x08, 0x00, 0x04, 0x0C, 0x01, 0x00, 0x00, 0x00, 0x00, 0x00, 0x54, 0x6F, 0x04, 0x00,
        0x0E, 0x00, 0x00, 0x00, 0x4B, 0x64, 0x20, 0x00, 0xFF, 0xFF, 0xFF, 0xFF, 0x00, 0x00, 0x8C, 0x42,
        0x00, 0x00, 0x8C, 0x42, 0x00, 0x00, 0x00, 0x00, 0x00, 0x00, 0x00, 0x00, 0x00, 0x00, 0x80, 0xC1,
        0x00, 0x00, 0x80, 0xC1, 0x00, 0x00, 0x00, 0x00, 0x53, 0x63, 0x72, 0x70, 0xF8, 0x00, 0x00, 0x00,
        0x53, 0x6E, 0x0C, 0x00, 0x45, 0x78, 0x69, 0x74, 0x5F, 0x53, 0x70, 0x72, 0x69, 0x6E, 0x74, 0x00,
        0x53, 0x68, 0x10, 0x00, 0xB8, 0x0B, 0x10, 0x3A, 0xC8, 0x00, 0x00, 0x00, 0x00, 0x00, 0x00, 0x00,
        0x03, 0x00, 0x00, 0x00, 0x46, 0x49, 0x08, 0x00, 0x06, 0x10, 0x01, 0x00, 0xC8, 0x00, 0x00, 0x00,
        0x54, 0x6F, 0x04, 0x00, 0x00, 0x00, 0x00, 0x00, 0x4B, 0x64, 0x3C, 0x00, 0xFF, 0xFF, 0xFF, 0xFF,
        0xFE, 0x01, 0x00, 0x00, 0x7E, 0x01, 0x00, 0x00, 0xFE, 0x01, 0x00, 0x00, 0xFF, 0x00, 0x00, 0x00,
        0x00, 0x00, 0x00, 0x00, 0x01, 0xFF, 0xFF, 0xFF, 0x81, 0xFF, 0xFF, 0xFF, 0x01, 0xFF, 0xFF, 0xFF,
        0x97, 0xFF, 0xFF, 0xFF, 0xC8, 0x00, 0x00, 0x00, 0x01, 0xFF, 0xFF, 0xFF, 0x81, 0xFF, 0xFF, 0xFF,
        0x01, 0xFF, 0xFF, 0xFF, 0x01, 0xFF, 0xFF, 0xFF, 0x46, 0x49, 0x08, 0x00, 0x04, 0x0C, 0x01, 0x00,
        0xC8, 0x00, 0x00, 0x00, 0x54, 0x6F, 0x04, 0x00, 0x07, 0x00, 0x00, 0x00, 0x4B, 0x64, 0x20, 0x00,
        0xFF, 0xFF, 0xFF, 0xFF, 0x00, 0x00, 0x5D, 0xC3, 0x00, 0x00, 0x30, 0xC1, 0x00, 0x00, 0xC8, 0x42,
        0x00, 0x00, 0x00, 0x00, 0x00, 0x00, 0x00, 0x00, 0x00, 0x00, 0x00, 0x00, 0x00, 0x00, 0x00, 0x00,
        0x46, 0x49, 0x08, 0x00, 0x04, 0x0C, 0x01, 0x00, 0xC8, 0x00, 0x00, 0x00, 0x54, 0x6F, 0x04, 0x00,
        0x0E, 0x00, 0x00, 0x00, 0x4B, 0x64, 0x30, 0x00, 0xFF, 0xFF, 0xFF, 0xFF, 0x00, 0x00, 0x80, 0x42,
        0x00, 0x00, 0x80, 0x42, 0x00, 0x00, 0x00, 0x00, 0x00, 0x00, 0x00, 0x00, 0x00, 0x00, 0x20, 0xC1,
        0x00, 0x00, 0x20, 0xC1, 0x00, 0x00, 0x00, 0x00, 0xC8, 0x00, 0x00, 0x00, 0x00, 0x00, 0x40, 0xC2,
        0x00, 0x00, 0x40, 0xC2, 0x00, 0x00, 0x00, 0x00, 0x53, 0x63, 0x72, 0x70, 0xFC, 0x00, 0x00, 0x00,
        0x53, 0x6E, 0x10, 0x00, 0x45, 0x78, 0x69, 0x74, 0x5F, 0x48, 0x65, 0x61, 0x64, 0x6C, 0x69, 0x6E,
        0x65, 0x00, 0x00, 0x00, 0x53, 0x68, 0x10, 0x00, 0x52, 0xAD, 0xA9, 0x60, 0xC8, 0x00, 0x00, 0x00,
        0x00, 0x00, 0x00, 0x00, 0x03, 0x00, 0x00, 0x00, 0x46, 0x49, 0x08, 0x00, 0x06, 0x10, 0x01, 0x00,
        0xC8, 0x00, 0x00, 0x00, 0x54, 0x6F, 0x04, 0x00, 0x00, 0x00, 0x00, 0x00, 0x4B, 0x64, 0x3C, 0x00,
        0xFF, 0xFF, 0xFF, 0xFF, 0xFF, 0x00, 0x00, 0x00, 0xFF, 0x00, 0x00, 0x00, 0xFF, 0x00, 0x00, 0x00,
        0xFF, 0x00, 0x00, 0x00, 0x00, 0x00, 0x00, 0x00, 0x00, 0x00, 0x00, 0x00, 0x00, 0x00, 0x00, 0x00,
        0x00, 0x00, 0x00, 0x00, 0x97, 0xFF, 0xFF, 0xFF, 0xC8, 0x00, 0x00, 0x00, 0x00, 0x00, 0x00, 0x00,
        0x00, 0x00, 0x00, 0x00, 0x00, 0x00, 0x00, 0x00, 0x01, 0xFF, 0xFF, 0xFF, 0x46, 0x49, 0x08, 0x00,
        0x04, 0x0C, 0x01, 0x00, 0xC8, 0x00, 0x00, 0x00, 0x54, 0x6F, 0x04, 0x00, 0x07, 0x00, 0x00, 0x00,
        0x4B, 0x64, 0x20, 0x00, 0xFF, 0xFF, 0xFF, 0xFF, 0x00, 0x00, 0x5D, 0xC3, 0x00, 0x00, 0x30, 0xC1,
        0x00, 0x00, 0xC8, 0x42, 0x00, 0x00, 0x00, 0x00, 0x00, 0x00, 0x00, 0x00, 0x00, 0x00, 0x00, 0x00,
        0x00, 0x00, 0x00, 0x00, 0x46, 0x49, 0x08, 0x00, 0x04, 0x0C, 0x01, 0x00, 0xC8, 0x00, 0x00, 0x00,
        0x54, 0x6F, 0x04, 0x00, 0x0E, 0x00, 0x00, 0x00, 0x4B, 0x64, 0x30, 0x00, 0xFF, 0xFF, 0xFF, 0xFF,
        0x00, 0x00, 0x80, 0x42, 0x00, 0x00, 0x80, 0x42, 0x00, 0x00, 0x00, 0x00, 0x00, 0x00, 0x00, 0x00,
        0x00, 0x00, 0x20, 0xC1, 0x00, 0x00, 0x20, 0xC1, 0x00, 0x00, 0x00, 0x00, 0xC8, 0x00, 0x00, 0x00,
        0x00, 0x00, 0x40, 0xC2, 0x00, 0x00, 0x40, 0xC2, 0x00, 0x00, 0x00, 0x00, 0x53, 0x63, 0x72, 0x70,
        0xFC, 0x00, 0x00, 0x00, 0x53, 0x6E, 0x10, 0x00, 0x45, 0x78, 0x69, 0x74, 0x5F, 0x54, 0x69, 0x6D,
        0x65, 0x5F, 0x54, 0x72, 0x69, 0x61, 0x6C, 0x00, 0x53, 0x68, 0x10, 0x00, 0x62, 0x6F, 0x66, 0xC1,
        0xC8, 0x00, 0x00, 0x00, 0x00, 0x00, 0x00, 0x00, 0x03, 0x00, 0x00, 0x00, 0x46, 0x49, 0x08, 0x00,
        0x06, 0x10, 0x01, 0x00, 0xC8, 0x00, 0x00, 0x00, 0x54, 0x6F, 0x04, 0x00, 0x00, 0x00, 0x00, 0x00,
        0x4B, 0x64, 0x3C, 0x00, 0xFF, 0xFF, 0xFF, 0xFF, 0xFF, 0x00, 0x00, 0x00, 0xFF, 0x00, 0x00, 0x00,
        0xFF, 0x00, 0x00, 0x00, 0xFF, 0x00, 0x00, 0x00, 0x00, 0x00, 0x00, 0x00, 0x00, 0x00, 0x00, 0x00,
        0x00, 0x00, 0x00, 0x00, 0x00, 0x00, 0x00, 0x00, 0x97, 0xFF, 0xFF, 0xFF, 0xC8, 0x00, 0x00, 0x00,
        0x00, 0x00, 0x00, 0x00, 0x00, 0x00, 0x00, 0x00, 0x00, 0x00, 0x00, 0x00, 0x01, 0xFF, 0xFF, 0xFF,
        0x46, 0x49, 0x08, 0x00, 0x04, 0x0C, 0x01, 0x00, 0xC8, 0x00, 0x00, 0x00, 0x54, 0x6F, 0x04, 0x00,
        0x07, 0x00, 0x00, 0x00, 0x4B, 0x64, 0x20, 0x00, 0xFF, 0xFF, 0xFF, 0xFF, 0x00, 0x00, 0x5D, 0xC3,
        0x00, 0x00, 0x30, 0xC1, 0x00, 0x00, 0xC8, 0x42, 0x00, 0x00, 0x00, 0x00, 0x00, 0x00, 0x00, 0x00,
        0x00, 0x00, 0x00, 0x00, 0x00, 0x00, 0x00, 0x00, 0x46, 0x49, 0x08, 0x00, 0x04, 0x0C, 0x01, 0x00,
        0xC8, 0x00, 0x00, 0x00, 0x54, 0x6F, 0x04, 0x00, 0x0E, 0x00, 0x00, 0x00, 0x4B, 0x64, 0x30, 0x00,
        0xFF, 0xFF, 0xFF, 0xFF, 0x00, 0x00, 0x80, 0x42, 0x00, 0x00, 0x80, 0x42, 0x00, 0x00, 0x00, 0x00,
        0x00, 0x00, 0x00, 0x00, 0x00, 0x00, 0x20, 0xC1, 0x00, 0x00, 0x20, 0xC1, 0x00, 0x00, 0x00, 0x00,
        0xC8, 0x00, 0x00, 0x00, 0x00, 0x00, 0x40, 0xC2, 0x00, 0x00, 0x40, 0xC2, 0x00, 0x00, 0x00, 0x00,
        0x46, 0x4F, 0x62, 0xEA, 0xE4, 0x00, 0x00, 0x00, 0x4F, 0x62, 0x6A, 0x44, 0xB4, 0x00, 0x00, 0x00,
        0x4F, 0x74, 0x04, 0x00, 0x02, 0x00, 0x00, 0x00, 0x4F, 0x6E, 0x08, 0x00, 0x33, 0x32, 0x31, 0x5F,
        0x47, 0x6F, 0x00, 0x00, 0x4F, 0x50, 0x10, 0x00, 0xB7, 0xB8, 0x0D, 0x00, 0xAA, 0x20, 0xA2, 0x2D,
        0x00, 0x00, 0x00, 0x40, 0x0D, 0x00, 0x00, 0x00, 0x53, 0x62, 0x04, 0x00, 0x0F, 0x00, 0x00, 0x00,
        0x53, 0x74, 0x0C, 0x00, 0x2B, 0x00, 0x39, 0x00, 0x39, 0x00, 0x39, 0x00, 0x39, 0x00, 0x00, 0x00,
        0x53, 0x6A, 0x04, 0x00, 0x05, 0x00, 0x00, 0x00, 0x53, 0x6C, 0x04, 0x00, 0x00, 0x00, 0x00, 0x00,
        0x53, 0x77, 0x04, 0x00, 0x00, 0x00, 0x00, 0x00, 0x53, 0x4C, 0x08, 0x00, 0x2B, 0x39, 0x39, 0x39,
        0x39, 0x00, 0x00, 0x00, 0x53, 0x48, 0x04, 0x00, 0xAE, 0x30, 0xD5, 0x00, 0x53, 0x41, 0x44, 0x00,
        0x30, 0x00, 0x00, 0x00, 0xCF, 0x00, 0x00, 0x00, 0x30, 0x00, 0x00, 0x00, 0xC8, 0x00, 0x00, 0x00,
        0x00, 0x00, 0x00, 0x00, 0x00, 0x00, 0x00, 0x00, 0x00, 0x00, 0x00, 0x00, 0x00, 0x00, 0x00, 0x00,
        0x00, 0x00, 0x20, 0xC2, 0x00, 0x00, 0xC6, 0x42, 0x00, 0x00, 0x00, 0x00, 0x00, 0x00, 0x00, 0x00,
        0x00, 0x00, 0x00, 0x00, 0x00, 0x00, 0x80, 0x3F, 0x00, 0x00, 0x80, 0x3F, 0x00, 0x00, 0x80, 0x3F,
        0x00, 0x00, 0x80, 0x3F, 0x53, 0x63, 0x72, 0x70, 0x20, 0x00, 0x00, 0x00, 0x53, 0x6E, 0x08, 0x00,
        0x49, 0x6E, 0x69, 0x74, 0x00, 0x00, 0x00, 0x00, 0x53, 0x68, 0x10, 0x00, 0xB3, 0x44, 0x17, 0x00,
        0x00, 0x00, 0x00, 0x00, 0x00, 0x00, 0x00, 0x00, 0x00, 0x00, 0x00, 0x00, 0x46, 0x4F, 0x62, 0xEA,
        0xF0, 0x00, 0x00, 0x00, 0x4F, 0x62, 0x6A, 0x44, 0xC0, 0x00, 0x00, 0x00, 0x4F, 0x74, 0x04, 0x00,
        0x02, 0x00, 0x00, 0x00, 0x4F, 0x6E, 0x14, 0x00, 0x57, 0x72, 0x6F, 0x6E, 0x67, 0x57, 0x61, 0x79,
        0x5F, 0x43, 0x6F, 0x75, 0x6E, 0x74, 0x44, 0x6F, 0x77, 0x6E, 0x00, 0x00, 0x4F, 0x50, 0x10, 0x00,
        0xA4, 0x05, 0x01, 0x00, 0xFD, 0x04, 0xAF, 0x29, 0x00, 0x00, 0x00, 0x40, 0x0D, 0x00, 0x00, 0x00,
        0x53, 0x62, 0x04, 0x00, 0x16, 0x00, 0x00, 0x00, 0x53, 0x74, 0x0C, 0x00, 0x39, 0x00, 0x2E, 0x00,
        0x39, 0x00, 0x39, 0x00, 0x00, 0x00, 0x00, 0x00, 0x53, 0x6A, 0x04, 0x00, 0x01, 0x00, 0x00, 0x00,
        0x53, 0x6C, 0x04, 0x00, 0x00, 0x00, 0x00, 0x00, 0x53, 0x77, 0x04, 0x00, 0x00, 0x00, 0x00, 0x00,
        0x53, 0x4C, 0x08, 0x00, 0x5F, 0x43, 0x6F, 0x64, 0x65, 0x5F, 0x00, 0x00, 0x53, 0x48, 0x04, 0x00,
        0x38, 0xBD, 0x88, 0x95, 0x53, 0x41, 0x44, 0x00, 0xAA, 0x00, 0x00, 0x00, 0xAA, 0x00, 0x00, 0x00,
        0xAA, 0x00, 0x00, 0x00, 0xFF, 0x00, 0x00, 0x00, 0x00, 0x00, 0x00, 0x00, 0x00, 0x00, 0x00, 0x00,
        0x00, 0x00, 0x00, 0x00, 0x00, 0x00, 0x00, 0x00, 0x00, 0x00, 0xD4, 0xC2, 0x00, 0x00, 0xC8, 0x42,
        0x00, 0x00, 0x00, 0x00, 0x00, 0x00, 0x00, 0x00, 0x00, 0x00, 0x00, 0x00, 0x00, 0x00, 0x80, 0x3F,
        0x9A, 0x99, 0x19, 0x3F, 0x9A, 0x99, 0x19, 0x3F, 0x00, 0x00, 0x80, 0x3F, 0x53, 0x63, 0x72, 0x70,
        0x20, 0x00, 0x00, 0x00, 0x53, 0x6E, 0x08, 0x00, 0x49, 0x6E, 0x69, 0x74, 0x00, 0x00, 0x00, 0x00,
        0x53, 0x68, 0x10, 0x00, 0xB3, 0x44, 0x17, 0x00, 0x00, 0x00, 0x00, 0x00, 0x00, 0x00, 0x00, 0x00,
        0x00, 0x00, 0x00, 0x00, 0x46, 0x4F, 0x62, 0xEA, 0xEC, 0x00, 0x00, 0x00, 0x4F, 0x62, 0x6A, 0x44,
        0xBC, 0x00, 0x00, 0x00, 0x4F, 0x74, 0x04, 0x00, 0x02, 0x00, 0x00, 0x00, 0x4F, 0x6E, 0x10, 0x00,
        0x4F, 0x6E, 0x6C, 0x69, 0x6E, 0x65, 0x5F, 0x44, 0x41, 0x54, 0x41, 0x5F, 0x30, 0x32, 0x00, 0x00,
        0x4F, 0x50, 0x10, 0x00, 0x98, 0x05, 0x01, 0x00, 0xFE, 0x12, 0x8C, 0xC1, 0x00, 0x00, 0x00, 0x40,
        0x0D, 0x00, 0x00, 0x00, 0x53, 0x62, 0x04, 0x00, 0x16, 0x00, 0x00, 0x00, 0x53, 0x74, 0x0C, 0x00,
        0x39, 0x00, 0x2E, 0x00, 0x39, 0x00, 0x39, 0x00, 0x00, 0x00, 0x00, 0x00, 0x53, 0x6A, 0x04, 0x00,
        0x01, 0x00, 0x00, 0x00, 0x53, 0x6C, 0x04, 0x00, 0x00, 0x00, 0x00, 0x00, 0x53, 0x77, 0x04, 0x00,
        0x00, 0x00, 0x00, 0x00, 0x53, 0x4C, 0x08, 0x00, 0x5F, 0x43, 0x6F, 0x64, 0x65, 0x5F, 0x00, 0x00,
        0x53, 0x48, 0x04, 0x00, 0x38, 0xBD, 0x88, 0x95, 0x53, 0x41, 0x44, 0x00, 0xAA, 0x00, 0x00, 0x00,
        0xAA, 0x00, 0x00, 0x00, 0xAA, 0x00, 0x00, 0x00, 0xFF, 0x00, 0x00, 0x00, 0x00, 0x00, 0x00, 0x00,
        0x00, 0x00, 0x00, 0x00, 0x00, 0x00, 0x00, 0x00, 0x00, 0x00, 0x00, 0x00, 0x00, 0x00, 0xD2, 0x42,
        0x00, 0x00, 0xC8, 0x42, 0x00, 0x00, 0x00, 0x00, 0x00, 0x00, 0x00, 0x00, 0x00, 0x00, 0x00, 0x00,
        0x00, 0x00, 0x80, 0x3F, 0x9A, 0x99, 0x19, 0x3F, 0x9A, 0x99, 0x19, 0x3F, 0x00, 0x00, 0x80, 0x3F,
        0x53, 0x63, 0x72, 0x70, 0x20, 0x00, 0x00, 0x00, 0x53, 0x6E, 0x08, 0x00, 0x49, 0x6E, 0x69, 0x74,
        0x00, 0x00, 0x00, 0x00, 0x53, 0x68, 0x10, 0x00, 0xB3, 0x44, 0x17, 0x00, 0x00, 0x00, 0x00, 0x00,
        0x00, 0x00, 0x00, 0x00, 0x00, 0x00, 0x00, 0x00, 0x46, 0x4F, 0x62, 0xEA, 0x14, 0x01, 0x00, 0x00,
        0x4F, 0x62, 0x6A, 0x44, 0xE4, 0x00, 0x00, 0x00, 0x4F, 0x74, 0x04, 0x00, 0x02, 0x00, 0x00, 0x00,
        0x4F, 0x6E, 0x10, 0x00, 0x4F, 0x6E, 0x6C, 0x69, 0x6E, 0x65, 0x5F, 0x44, 0x41, 0x54, 0x41, 0x5F,
        0x30, 0x31, 0x00, 0x00, 0x4F, 0x50, 0x10, 0x00, 0x7E, 0x05, 0x01, 0x00, 0xFD, 0x12, 0x8C, 0xC1,
        0x00, 0x00, 0x00, 0x40, 0x0D, 0x00, 0x00, 0x00, 0x53, 0x62, 0x04, 0x00, 0xC8, 0x00, 0x00, 0x00,
        0x53, 0x74, 0x34, 0x00, 0x57, 0x00, 0x57, 0x00, 0x57, 0x00, 0x57, 0x00, 0x57, 0x00, 0x57, 0x00,
        0x57, 0x00, 0x57, 0x00, 0x57, 0x00, 0x57, 0x00, 0x57, 0x00, 0x57, 0x00, 0x20, 0x00, 0x44, 0x00,
        0x49, 0x00, 0x53, 0x00, 0x43, 0x00, 0x4F, 0x00, 0x4E, 0x00, 0x4E, 0x00, 0x45, 0x00, 0x43, 0x00,
        0x54, 0x00, 0x45, 0x00, 0x44, 0x00, 0x00, 0x00, 0x53, 0x6A, 0x04, 0x00, 0x01, 0x00, 0x00, 0x00,
        0x53, 0x6C, 0x04, 0x00, 0x00, 0x00, 0x00, 0x00, 0x53, 0x77, 0x04, 0x00, 0x00, 0x00, 0x00, 0x00,
        0x53, 0x4C, 0x08, 0x00, 0x5F, 0x43, 0x6F, 0x64, 0x65, 0x5F, 0x00, 0x00, 0x53, 0x48, 0x04, 0x00,
        0x38, 0xBD, 0x88, 0x95, 0x53, 0x41, 0x44, 0x00, 0xAA, 0x00, 0x00, 0x00, 0xAA, 0x00, 0x00, 0x00,
        0xAA, 0x00, 0x00, 0x00, 0xFF, 0x00, 0x00, 0x00, 0x00, 0x00, 0x00, 0x00, 0x00, 0x00, 0x00, 0x00,
        0x00, 0x00, 0x00, 0x00, 0x00, 0x00, 0x00, 0x00, 0x00, 0x00, 0xAC, 0x42, 0x00, 0x00, 0xC8, 0x42,
        0x00, 0x00, 0x00, 0x00, 0x00, 0x00, 0x00, 0x00, 0x00, 0x00, 0x00, 0x00, 0x00, 0x00, 0x80, 0x3F,
        0x66, 0x66, 0xE6, 0x3E, 0x66, 0x66, 0xE6, 0x3E, 0x00, 0x00, 0x80, 0x3F, 0x53, 0x63, 0x72, 0x70,
        0x20, 0x00, 0x00, 0x00, 0x53, 0x6E, 0x08, 0x00, 0x49, 0x6E, 0x69, 0x74, 0x00, 0x00, 0x00, 0x00,
        0x53, 0x68, 0x10, 0x00, 0xB3, 0x44, 0x17, 0x00, 0x00, 0x00, 0x00, 0x00, 0x00, 0x00, 0x00, 0x00,
        0x00, 0x00, 0x00, 0x00, 0x46, 0x4F, 0x62, 0xEA, 0xC0, 0x00, 0x00, 0x00, 0x4F, 0x62, 0x6A, 0x44,
        0x90, 0x00, 0x00, 0x00, 0x4F, 0x74, 0x04, 0x00, 0x01, 0x00, 0x00, 0x00, 0x4F, 0x6E, 0x10, 0x00,
        0x54, 0x75, 0x72, 0x6E, 0x49, 0x6E, 0x64, 0x69, 0x63, 0x61, 0x74, 0x6F, 0x72, 0x00, 0x00, 0x00,
        0x4F, 0x50, 0x10, 0x00, 0x61, 0x8C, 0x00, 0x00, 0x05, 0x7A, 0xD4, 0x58, 0x00, 0x00, 0x00, 0x40,
        0x0E, 0x00, 0x00, 0x00, 0x49, 0x66, 0x04, 0x00, 0x00, 0x00, 0x00, 0x00, 0x53, 0x41, 0x54, 0x00,
        0xFF, 0x00, 0x00, 0x00, 0xBE, 0x00, 0x00, 0x00, 0x96, 0x00, 0x00, 0x00, 0xFF, 0x00, 0x00, 0x00,
        0x00, 0x00, 0x00, 0x00, 0x00, 0x00, 0x00, 0x00, 0x00, 0x00, 0x00, 0x00, 0x00, 0x00, 0xF2, 0xC3,
        0x00, 0x00, 0x8C, 0xC2, 0x00, 0x00, 0xC8, 0x42, 0x00, 0x00, 0x00, 0x00, 0x00, 0x00, 0x00, 0x00,
        0x00, 0x00, 0x00, 0x00, 0x00, 0x00, 0x80, 0x3F, 0x00, 0x00, 0x80, 0x42, 0x00, 0x00, 0x80, 0x42,
        0x00, 0x00, 0x00, 0x00, 0x00, 0x00, 0x00, 0x00, 0x00, 0x00, 0x00, 0x00, 0x00, 0x00, 0x80, 0x3F,
        0x00, 0x00, 0x80, 0x3F, 0x53, 0x63, 0x72, 0x70, 0x20, 0x00, 0x00, 0x00, 0x53, 0x6E, 0x08, 0x00,
        0x49, 0x6E, 0x69, 0x74, 0x00, 0x00, 0x00, 0x00, 0x53, 0x68, 0x10, 0x00, 0xB3, 0x44, 0x17, 0x00,
        0x00, 0x00, 0x00, 0x00, 0x00, 0x00, 0x00, 0x00, 0x00, 0x00, 0x00, 0x00, 0x46, 0x4F, 0x62, 0xEA,
        0xC0, 0x00, 0x00, 0x00, 0x4F, 0x62, 0x6A, 0x44, 0x90, 0x00, 0x00, 0x00, 0x4F, 0x74, 0x04, 0x00,
        0x01, 0x00, 0x00, 0x00, 0x4F, 0x6E, 0x10, 0x00, 0x50, 0x6F, 0x73, 0x69, 0x74, 0x69, 0x6F, 0x6E,
        0x42, 0x61, 0x63, 0x6B, 0x69, 0x6E, 0x67, 0x00, 0x4F, 0x50, 0x10, 0x00, 0x5A, 0x53, 0x00, 0x00,
        0xE3, 0x01, 0x13, 0x41, 0x00, 0x00, 0x00, 0x40, 0x0F, 0x00, 0x00, 0x00, 0x49, 0x66, 0x04, 0x00,
        0x00, 0x00, 0x00, 0x00, 0x53, 0x41, 0x54, 0x00, 0xFF, 0x00, 0x00, 0x00, 0xFF, 0x00, 0x00, 0x00,
        0xFF, 0x00, 0x00, 0x00, 0xFF, 0x00, 0x00, 0x00, 0x00, 0x00, 0x00, 0x00, 0x00, 0x00, 0x00, 0x00,
        0x00, 0x00, 0x00, 0x00, 0x00, 0x80, 0x80, 0x43, 0x00, 0x00, 0x36, 0xC3, 0x00, 0x00, 0xF0, 0x42,
        0x00, 0x00, 0x00, 0x00, 0x00, 0x00, 0x00, 0x00, 0x00, 0x00, 0x00, 0x00, 0x00, 0x00, 0x80, 0x3F,
        0x00, 0x00, 0x80, 0x43, 0x00, 0x00, 0x80, 0x42, 0x00, 0x00, 0x00, 0x00, 0x00, 0x00, 0x00, 0x00,
        0x00, 0x00, 0x00, 0x00, 0x00, 0x00, 0x80, 0x3F, 0x00, 0x00, 0x80, 0x3F, 0x53, 0x63, 0x72, 0x70,
        0x20, 0x00, 0x00, 0x00, 0x53, 0x6E, 0x08, 0x00, 0x49, 0x6E, 0x69, 0x74, 0x00, 0x00, 0x00, 0x00,
        0x53, 0x68, 0x10, 0x00, 0xB3, 0x44, 0x17, 0x00, 0x00, 0x00, 0x00, 0x00, 0x00, 0x00, 0x00, 0x00,
        0x00, 0x00, 0x00, 0x00, 0x46, 0x4F, 0x62, 0xEA, 0xC4, 0x00, 0x00, 0x00, 0x4F, 0x62, 0x6A, 0x44,
        0x94, 0x00, 0x00, 0x00, 0x4F, 0x74, 0x04, 0x00, 0x01, 0x00, 0x00, 0x00, 0x4F, 0x6E, 0x14, 0x00,
        0x4C, 0x61, 0x70, 0x43, 0x6F, 0x75, 0x6E, 0x74, 0x65, 0x72, 0x42, 0x61, 0x63, 0x6B, 0x69, 0x6E,
        0x67, 0x5F, 0x31, 0x00, 0x4F, 0x50, 0x10, 0x00, 0x44, 0x53, 0x00, 0x00, 0x9B, 0x3C, 0x6C, 0xA8,
        0x00, 0x00, 0x00, 0x40, 0x10, 0x00, 0x00, 0x00, 0x49, 0x66, 0x04, 0x00, 0x00, 0x00, 0x00, 0x00,
        0x53, 0x41, 0x54, 0x00, 0x00, 0x00, 0x00, 0x00, 0x00, 0x00, 0x00, 0x00, 0x00, 0x00, 0x00, 0x00,
        0xFF, 0x00, 0x00, 0x00, 0x00, 0x00, 0x00, 0x00, 0x00, 0x00, 0x00, 0x00, 0x00, 0x00, 0x00, 0x00,
        0x00, 0x00, 0x7D, 0x43, 0x00, 0x00, 0x15, 0xC3, 0x00, 0x00, 0xF0, 0x42, 0x00, 0x00, 0x00, 0x00,
        0x00, 0x00, 0x00, 0x00, 0x00, 0x00, 0x00, 0x00, 0x00, 0x00, 0x80, 0x3F, 0x00, 0x00, 0x80, 0x43,
        0x00, 0x00, 0x80, 0x42, 0x00, 0x00, 0x00, 0x00, 0x00, 0x00, 0x00, 0x00, 0x00, 0x00, 0x00, 0x00,
        0x00, 0x00, 0x80, 0x3F, 0x00, 0x00, 0x80, 0x3F, 0x53, 0x63, 0x72, 0x70, 0x20, 0x00, 0x00, 0x00,
        0x53, 0x6E, 0x08, 0x00, 0x49, 0x6E, 0x69, 0x74, 0x00, 0x00, 0x00, 0x00, 0x53, 0x68, 0x10, 0x00,
        0xB3, 0x44, 0x17, 0x00, 0x00, 0x00, 0x00, 0x00, 0x00, 0x00, 0x00, 0x00, 0x00, 0x00, 0x00, 0x00,
        0x46, 0x4F, 0x62, 0xEA, 0x7C, 0x03, 0x00, 0x00, 0x4F, 0x62, 0x6A, 0x44, 0xE0, 0x00, 0x00, 0x00,
        0x4F, 0x74, 0x04, 0x00, 0x02, 0x00, 0x00, 0x00, 0x4F, 0x6E, 0x10, 0x00, 0x53, 0x70, 0x6C, 0x69,
        0x74, 0x54, 0x69, 0x6D, 0x65, 0x54, 0x65, 0x78, 0x74, 0x00, 0x00, 0x00, 0x4F, 0x50, 0x10, 0x00,
        0x2C, 0x4F, 0x00, 0x00, 0x9F, 0x90, 0x9D, 0xF5, 0x00, 0x00, 0x00, 0x40, 0x11, 0x00, 0x00, 0x00,
        0x53, 0x62, 0x04, 0x00, 0x1C, 0x00, 0x00, 0x00, 0x53, 0x74, 0x18, 0x00, 0x78, 0x00, 0x78, 0x00,
        0x78, 0x00, 0x3A, 0x00, 0x78, 0x00, 0x78, 0x00, 0x78, 0x00, 0x3A, 0x00, 0x78, 0x00, 0x78, 0x00,
        0x78, 0x00, 0x00, 0x00, 0x53, 0x6A, 0x04, 0x00, 0x01, 0x00, 0x00, 0x00, 0x53, 0x6C, 0x04, 0x00,
        0x00, 0x00, 0x00, 0x00, 0x53, 0x77, 0x04, 0x00, 0x00, 0x00, 0x00, 0x00, 0x53, 0x4C, 0x20, 0x00,
        0x52, 0x41, 0x43, 0x45, 0x5F, 0x4F, 0x56, 0x45, 0x52, 0x5F, 0x4D, 0x45, 0x53, 0x53, 0x41, 0x47,
        0x45, 0x5F, 0x5F, 0x47, 0x4F, 0x45, 0x53, 0x5F, 0x48, 0x45, 0x52, 0x45, 0x00, 0x00, 0x00, 0x00,
        0x53, 0x48, 0x04, 0x00, 0x68, 0x7B, 0x84, 0xB2, 0x53, 0x41, 0x44, 0x00, 0xFF, 0x00, 0x00, 0x00,
        0xBE, 0x00, 0x00, 0x00, 0x96, 0x00, 0x00, 0x00, 0x00, 0x00, 0x00, 0x00, 0x00, 0x00, 0x00, 0x00,
        0x00, 0x00, 0x00, 0x00, 0x00, 0x00, 0x00, 0x00, 0x00, 0x00, 0x00, 0x00, 0x00, 0x00, 0xB2, 0xC2,
        0x00, 0x00, 0xC8, 0x42, 0x00, 0x00, 0x00, 0x00, 0x00, 0x00, 0x00, 0x00, 0x00, 0x00, 0x00, 0x00,
        0x00, 0x00, 0x80, 0x3F, 0x9A, 0x99, 0x99, 0x3F, 0x9A, 0x99, 0x99, 0x3F, 0x00, 0x00, 0x80, 0x3F,
        0x53, 0x63, 0x72, 0x70, 0x9C, 0x00, 0x00, 0x00, 0x53, 0x6E, 0x08, 0x00, 0x49, 0x6E, 0x69, 0x74,
        0x00, 0x00, 0x00, 0x00, 0x53, 0x68, 0x10, 0x00, 0xB3, 0x44, 0x17, 0x00, 0x00, 0x00, 0x00, 0x00,
        0x00, 0x00, 0x00, 0x00, 0x03, 0x00, 0x00, 0x00, 0x46, 0x49, 0x08, 0x00, 0x06, 0x10, 0x01, 0x00,
        0x00, 0x00, 0x00, 0x00, 0x54, 0x6F, 0x04, 0x00, 0x00, 0x00, 0x00, 0x00, 0x4B, 0x64, 0x14, 0x00,
        0xFF, 0xFF, 0xFF, 0xFF, 0xFF, 0x00, 0x00, 0x00, 0xBE, 0x00, 0x00, 0x00, 0x96, 0x00, 0x00, 0x00,
        0x00, 0x00, 0x00, 0x00, 0x46, 0x49, 0x08, 0x00, 0x04, 0x0C, 0x01, 0x00, 0x00, 0x00, 0x00, 0x00,
        0x54, 0x6F, 0x04, 0x00, 0x07, 0x00, 0x00, 0x00, 0x4B, 0x64, 0x10, 0x00, 0xFF, 0xFF, 0xFF, 0xFF,
        0x00, 0x00, 0x00, 0x00, 0x00, 0x00, 0xB2, 0xC2, 0x00, 0x00, 0xC8, 0x42, 0x46, 0x49, 0x08, 0x00,
        0x04, 0x0C, 0x01, 0x00, 0x00, 0x00, 0x00, 0x00, 0x54, 0x6F, 0x04, 0x00, 0x0E, 0x00, 0x00, 0x00,
        0x4B, 0x64, 0x10, 0x00, 0xFF, 0xFF, 0xFF, 0xFF, 0x9A, 0x99, 0x99, 0x3F, 0x9A, 0x99, 0x99, 0x3F,
        0x00, 0x00, 0x80, 0x3F, 0x53, 0x63, 0x72, 0x70, 0xF0, 0x00, 0x00, 0x00, 0x53, 0x6E, 0x0C, 0x00,
        0x5A, 0x6F, 0x6F, 0x6D, 0x49, 0x6E, 0x47, 0x72, 0x65, 0x65, 0x6E, 0x00, 0x53, 0x68, 0x10, 0x00,
        0x4C, 0xB1, 0x9B, 0xA1, 0x08, 0x07, 0x00, 0x00, 0x00, 0x00, 0x00, 0x00, 0x03, 0x00, 0x00, 0x00,
        0x53, 0x63, 0x04, 0x00, 0xB3, 0x44, 0x17, 0x00, 0x46, 0x49, 0x08, 0x00, 0x06, 0x10, 0x01, 0x00,
        0x08, 0x07, 0x00, 0x00, 0x54, 0x6F, 0x04, 0x00, 0x00, 0x00, 0x00, 0x00, 0x4B, 0x64, 0x3C, 0x00,
        0xFF, 0xFF, 0xFF, 0xFF, 0xFF, 0x00, 0x00, 0x00, 0x48, 0x00, 0x00, 0x00, 0x18, 0x00, 0x00, 0x00,
        0xFF, 0x00, 0x00, 0x00, 0x00, 0x00, 0x00, 0x00, 0x00, 0x00, 0x00, 0x00, 0x00, 0x00, 0x00, 0x00,
        0x00, 0x00, 0x00, 0x00, 0x01, 0xFF, 0xFF, 0xFF, 0x58, 0x02, 0x00, 0x00, 0x01, 0xFF, 0xFF, 0xFF,
        0xB7, 0x00, 0x00, 0x00, 0xE8, 0xFF, 0xFF, 0xFF, 0x00, 0x00, 0x00, 0x00, 0x46, 0x49, 0x08, 0x00,
        0x04, 0x0C, 0x01, 0x00, 0x08, 0x07, 0x00, 0x00, 0x54, 0x6F, 0x04, 0x00, 0x07, 0x00, 0x00, 0x00,
        0x4B, 0x64, 0x10, 0x00, 0xFF, 0xFF, 0xFF, 0xFF, 0x00, 0x00, 0x00, 0x00, 0x00, 0x00, 0xFC, 0xC2,
        0x00, 0x00, 0xC8, 0x42, 0x46, 0x49, 0x08, 0x00, 0x04, 0x0C, 0x01, 0x00, 0x08, 0x07, 0x00, 0x00,
        0x54, 0x6F, 0x04, 0x00, 0x0E, 0x00, 0x00, 0x00, 0x4B, 0x64, 0x30, 0x00, 0xFF, 0xFF, 0xFF, 0xFF,
        0x33, 0x33, 0xB3, 0x3F, 0x33, 0x33, 0xB3, 0x3F, 0x00, 0x00, 0x80, 0x3F, 0x00, 0x00, 0x00, 0x00,
        0x9A, 0x99, 0x99, 0xBE, 0x9A, 0x99, 0x99, 0xBE, 0x00, 0x00, 0x00, 0x00, 0x58, 0x02, 0x00, 0x00,
        0x00, 0x00, 0x00, 0x00, 0x00, 0x00, 0x00, 0x00, 0x00, 0x00, 0x00, 0x00, 0x53, 0x63, 0x72, 0x70,
        0xF0, 0x00, 0x00, 0x00, 0x53, 0x6E, 0x0C, 0x00, 0x5A, 0x6F, 0x6F, 0x6D, 0x49, 0x6E, 0x52, 0x65,
        0x64, 0x00, 0x00, 0x00, 0x53, 0x68, 0x10, 0x00, 0xF6, 0xFA, 0x30, 0x52, 0x08, 0x07, 0x00, 0x00,
        0x00, 0x00, 0x00, 0x00, 0x03, 0x00, 0x00, 0x00, 0x53, 0x63, 0x04, 0x00, 0xB3, 0x44, 0x17, 0x00,
        0x46, 0x49, 0x08, 0x00, 0x06, 0x10, 0x01, 0x00, 0x08, 0x07, 0x00, 0x00, 0x54, 0x6F, 0x04, 0x00,
        0x00, 0x00, 0x00, 0x00, 0x4B, 0x64, 0x3C, 0x00, 0xFF, 0xFF, 0xFF, 0xFF, 0xFF, 0x00, 0x00, 0x00,
        0x48, 0x00, 0x00, 0x00, 0x18, 0x00, 0x00, 0x00, 0xFF, 0x00, 0x00, 0x00, 0x00, 0x00, 0x00, 0x00,
        0x00, 0x00, 0x00, 0x00, 0x00, 0x00, 0x00, 0x00, 0x00, 0x00, 0x00, 0x00, 0x01, 0xFF, 0xFF, 0xFF,
        0x58, 0x02, 0x00, 0x00, 0x21, 0xFF, 0xFF, 0xFF, 0xD8, 0xFF, 0xFF, 0xFF, 0xC8, 0x00, 0x00, 0x00,
        0x00, 0x00, 0x00, 0x00, 0x46, 0x49, 0x08, 0x00, 0x04, 0x0C, 0x01, 0x00, 0x08, 0x07, 0x00, 0x00,
        0x54, 0x6F, 0x04, 0x00, 0x07, 0x00, 0x00, 0x00, 0x4B, 0x64, 0x10, 0x00, 0xFF, 0xFF, 0xFF, 0xFF,
        0x00, 0x00, 0x00, 0x00, 0x00, 0x00, 0xFC, 0xC2, 0x00, 0x00, 0xC8, 0x42, 0x46, 0x49, 0x08, 0x00,
        0x04, 0x0C, 0x01, 0x00, 0x08, 0x07, 0x00, 0x00, 0x54, 0x6F, 0x04, 0x00, 0x0E, 0x00, 0x00, 0x00,
        0x4B, 0x64, 0x30, 0x00, 0xFF, 0xFF, 0xFF, 0xFF, 0x33, 0x33, 0xB3, 0x3F, 0x33, 0x33, 0xB3, 0x3F,
        0x00, 0x00, 0x80, 0x3F, 0x00, 0x00, 0x00, 0x00, 0x9A, 0x99, 0x99, 0xBE, 0x9A, 0x99, 0x99, 0xBE,
        0x00, 0x00, 0x00, 0x00, 0x58, 0x02, 0x00, 0x00, 0x00, 0x00, 0x00, 0x00, 0x00, 0x00, 0x00, 0x00,
        0x00, 0x00, 0x00, 0x00, 0x46, 0x4F, 0x62, 0xEA, 0xCC, 0x01, 0x00, 0x00, 0x4F, 0x62, 0x6A, 0x44,
        0xC4, 0x00, 0x00, 0x00, 0x4F, 0x74, 0x04, 0x00, 0x02, 0x00, 0x00, 0x00, 0x4F, 0x6E, 0x0C, 0x00,
        0x4C, 0x42, 0x44, 0x61, 0x74, 0x61, 0x5F, 0x34, 0x00, 0x00, 0x00, 0x00, 0x4F, 0x50, 0x10, 0x00,
        0x8F, 0x4E, 0x00, 0x00, 0xDA, 0x9F, 0xF8, 0x2A, 0x00, 0x00, 0x00, 0x40, 0x11, 0x00, 0x00, 0x00,
        0x53, 0x62, 0x04, 0x00, 0x20, 0x00, 0x00, 0x00, 0x53, 0x74, 0x18, 0x00, 0x77, 0x00, 0x77, 0x00,
        0x77, 0x00, 0x77, 0x00, 0x77, 0x00, 0x77, 0x00, 0x77, 0x00, 0x77, 0x00, 0x77, 0x00, 0x77, 0x00,
        0x77, 0x00, 0x00, 0x00, 0x53, 0x6A, 0x04, 0x00, 0x02, 0x00, 0x00, 0x00, 0x53, 0x6C, 0x04, 0x00,
        0x00, 0x00, 0x00, 0x00, 0x53, 0x77, 0x04, 0x00, 0x00, 0x00, 0x00, 0x00, 0x53, 0x4C, 0x08, 0x00,
        0x57, 0x57, 0x57, 0x57, 0x57, 0x57, 0x57, 0x00, 0x53, 0x48, 0x04, 0x00, 0xE0, 0x25, 0x11, 0x0E,
        0x53, 0x41, 0x44, 0x00, 0xC0, 0x00, 0x00, 0x00, 0xC0, 0x00, 0x00, 0x00, 0xC0, 0x00, 0x00, 0x00,
        0xFF, 0x00, 0x00, 0x00, 0x00, 0x00, 0x00, 0x00, 0x00, 0x00, 0x00, 0x00, 0x00, 0x00, 0x00, 0x00,
        0x00, 0x80, 0x8E, 0x43, 0x00, 0x00, 0x96, 0xC2, 0x00, 0x00, 0xC8, 0x42, 0x00, 0x00, 0x00, 0x00,
        0x00, 0x00, 0x00, 0x00, 0x00, 0x00, 0x00, 0x00, 0x00, 0x00, 0x80, 0x3F, 0x66, 0x66, 0x66, 0x3F,
        0x66, 0x66, 0x66, 0x3F, 0x00, 0x00, 0x80, 0x3F, 0x53, 0x63, 0x72, 0x70, 0x74, 0x00, 0x00, 0x00,
        0x53, 0x6E, 0x08, 0x00, 0x49, 0x6E, 0x69, 0x74, 0x00, 0x00, 0x00, 0x00, 0x53, 0x68, 0x10, 0x00,
        0xB3, 0x44, 0x17, 0x00, 0x00, 0x00, 0x00, 0x00, 0x00, 0x00, 0x00, 0x00, 0x02, 0x00, 0x00, 0x00,
        0x46, 0x49, 0x08, 0x00, 0x06, 0x10, 0x01, 0x00, 0x00, 0x00, 0x00, 0x00, 0x54, 0x6F, 0x04, 0x00,
        0x00, 0x00, 0x00, 0x00, 0x4B, 0x64, 0x14, 0x00, 0xFF, 0xFF, 0xFF, 0xFF, 0xC0, 0x00, 0x00, 0x00,
        0xC0, 0x00, 0x00, 0x00, 0xC0, 0x00, 0x00, 0x00, 0xFF, 0x00, 0x00, 0x00, 0x46, 0x49, 0x08, 0x00,
        0x04, 0x0C, 0x01, 0x00, 0x00, 0x00, 0x00, 0x00, 0x54, 0x6F, 0x04, 0x00, 0x07, 0x00, 0x00, 0x00,
        0x4B, 0x64, 0x10, 0x00, 0xFF, 0xFF, 0xFF, 0xFF, 0x00, 0x80, 0x8E, 0x43, 0x00, 0x00, 0x96, 0xC2,
        0x00, 0x00, 0xC8, 0x42, 0x53, 0x63, 0x72, 0x70, 0x7C, 0x00, 0x00, 0x00, 0x53, 0x6E, 0x10, 0x00,
        0x53, 0x65, 0x74, 0x50, 0x6C, 0x61, 0x79, 0x65, 0x72, 0x43, 0x6F, 0x6C, 0x6F, 0x72, 0x00, 0x00,
        0x53, 0x68, 0x10, 0x00, 0xB7, 0x4F, 0x3D, 0x21, 0x00, 0x00, 0x00, 0x00, 0x00, 0x00, 0x00, 0x00,
        0x02, 0x00, 0x00, 0x00, 0x46, 0x49, 0x08, 0x00, 0x06, 0x10, 0x01, 0x00, 0x00, 0x00, 0x00, 0x00,
        0x54, 0x6F, 0x04, 0x00, 0x00, 0x00, 0x00, 0x00, 0x4B, 0x64, 0x14, 0x00, 0xFF, 0xFF, 0xFF, 0xFF,
        0x30, 0x00, 0x00, 0x00, 0xCF, 0x00, 0x00, 0x00, 0x30, 0x00, 0x00, 0x00, 0xFF, 0x00, 0x00, 0x00,
        0x46, 0x49, 0x08, 0x00, 0x04, 0x0C, 0x01, 0x00, 0x00, 0x00, 0x00, 0x00, 0x54, 0x6F, 0x04, 0x00,
        0x07, 0x00, 0x00, 0x00, 0x4B, 0x64, 0x10, 0x00, 0xFF, 0xFF, 0xFF, 0xFF, 0x00, 0x80, 0x8E, 0x43,
        0x00, 0x00, 0x96, 0xC2, 0x00, 0x00, 0xB4, 0x42, 0x46, 0x4F, 0x62, 0xEA, 0xF8, 0x01, 0x00, 0x00,
        0x4F, 0x62, 0x6A, 0x44, 0x8C, 0x00, 0x00, 0x00, 0x4F, 0x74, 0x04, 0x00, 0x01, 0x00, 0x00, 0x00,
        0x4F, 0x6E, 0x0C, 0x00, 0x4C, 0x42, 0x42, 0x61, 0x63, 0x6B, 0x69, 0x6E, 0x67, 0x5F, 0x34, 0x00,
        0x4F, 0x50, 0x10, 0x00, 0x8E, 0x4E, 0x00, 0x00, 0x4F, 0xD6, 0xDD, 0x4F, 0x00, 0x00, 0x00, 0x40,
        0x00, 0x00, 0x00, 0x00, 0x49, 0x66, 0x04, 0x00, 0x00, 0x00, 0x00, 0x00, 0x53, 0x41, 0x54, 0x00,
        0x00, 0x00, 0x00, 0x00, 0x00, 0x00, 0x00, 0x00, 0x00, 0x00, 0x00, 0x00, 0x78, 0x00, 0x00, 0x00,
        0x00, 0x00, 0x00, 0x00, 0x00, 0x00, 0x00, 0x00, 0x00, 0x00, 0x00, 0x00, 0x00, 0x00, 0x5C, 0x43,
        0x00, 0x00, 0x82, 0xC2, 0x00, 0x00, 0xF0, 0x42, 0x00, 0x00, 0x00, 0x00, 0x00, 0x00, 0x00, 0x00,
        0x00, 0x00, 0x00, 0x00, 0x00, 0x00, 0x80, 0x3F, 0x6E, 0x6C, 0x06, 0x43, 0x00, 0x00, 0x90, 0x41,
        0x00, 0x00, 0x00, 0x00, 0x00, 0x00, 0x00, 0x00, 0x00, 0x00, 0x00, 0x00, 0x00, 0x00, 0x80, 0x3F,
        0x00, 0x00, 0x80, 0x3F, 0x53, 0x63, 0x72, 0x70, 0x9C, 0x00, 0x00, 0x00, 0x53, 0x6E, 0x08, 0x00,
        0x49, 0x6E, 0x69, 0x74, 0x00, 0x00, 0x00, 0x00, 0x53, 0x68, 0x10, 0x00, 0xB3, 0x44, 0x17, 0x00,
        0x00, 0x00, 0x00, 0x00, 0x00, 0x00, 0x00, 0x00, 0x03, 0x00, 0x00, 0x00, 0x46, 0x49, 0x08, 0x00,
        0x06, 0x10, 0x01, 0x00, 0x00, 0x00, 0x00, 0x00, 0x54, 0x6F, 0x04, 0x00, 0x00, 0x00, 0x00, 0x00,
        0x4B, 0x64, 0x14, 0x00, 0xFF, 0xFF, 0xFF, 0xFF, 0x00, 0x00, 0x00, 0x00, 0x00, 0x00, 0x00, 0x00,
        0x00, 0x00, 0x00, 0x00, 0x78, 0x00, 0x00, 0x00, 0x46, 0x49, 0x08, 0x00, 0x04, 0x0C, 0x01, 0x00,
        0x00, 0x00, 0x00, 0x00, 0x54, 0x6F, 0x04, 0x00, 0x07, 0x00, 0x00, 0x00, 0x4B, 0x64, 0x10, 0x00,
        0xFF, 0xFF, 0xFF, 0xFF, 0x00, 0x00, 0x5C, 0x43, 0x00, 0x00, 0x82, 0xC2, 0x00, 0x00, 0xF0, 0x42,
        0x46, 0x49, 0x08, 0x00, 0x04, 0x0C, 0x01, 0x00, 0x00, 0x00, 0x00, 0x00, 0x54, 0x6F, 0x04, 0x00,
        0x0E, 0x00, 0x00, 0x00, 0x4B, 0x64, 0x10, 0x00, 0xFF, 0xFF, 0xFF, 0xFF, 0x6E, 0x6C, 0x06, 0x43,
        0x00, 0x00, 0x90, 0x41, 0x00, 0x00, 0x00, 0x00, 0x53, 0x63, 0x72, 0x70, 0xB8, 0x00, 0x00, 0x00,
        0x53, 0x6E, 0x10, 0x00, 0x53, 0x65, 0x74, 0x50, 0x6C, 0x61, 0x79, 0x65, 0x72, 0x43, 0x6F, 0x6C,
        0x6F, 0x72, 0x00, 0x00, 0x53, 0x68, 0x10, 0x00, 0xB7, 0x4F, 0x3D, 0x21, 0x00, 0x00, 0x00, 0x00,
        0x00, 0x00, 0x00, 0x00, 0x03, 0x00, 0x00, 0x00, 0x46, 0x49, 0x08, 0x00, 0x06, 0x10, 0x01, 0x00,
        0x00, 0x00, 0x00, 0x00, 0x54, 0x6F, 0x04, 0x00, 0x00, 0x00, 0x00, 0x00, 0x4B, 0x64, 0x28, 0x00,
        0xFF, 0xFF, 0xFF, 0xFF, 0x01, 0xFF, 0xFF, 0xFF, 0xB8, 0xFF, 0xFF, 0xFF, 0xE8, 0xFF, 0xFF, 0xFF,
        0xFF, 0x00, 0x00, 0x00, 0x00, 0x00, 0x00, 0x00, 0xFF, 0x00, 0x00, 0x00, 0x48, 0x00, 0x00, 0x00,
        0x18, 0x00, 0x00, 0x00, 0x00, 0x00, 0x00, 0x00, 0x46, 0x49, 0x08, 0x00, 0x04, 0x0C, 0x01, 0x00,
        0x00, 0x00, 0x00, 0x00, 0x54, 0x6F, 0x04, 0x00, 0x07, 0x00, 0x00, 0x00, 0x4B, 0x64, 0x10, 0x00,
        0xFF, 0xFF, 0xFF, 0xFF, 0x00, 0x00, 0x5C, 0x43, 0x00, 0x00, 0x82, 0xC2, 0x00, 0x00, 0xC8, 0x42,
        0x46, 0x49, 0x08, 0x00, 0x04, 0x0C, 0x01, 0x00, 0x00, 0x00, 0x00, 0x00, 0x54, 0x6F, 0x04, 0x00,
        0x0E, 0x00, 0x00, 0x00, 0x4B, 0x64, 0x10, 0x00, 0xFF, 0xFF, 0xFF, 0xFF, 0x85, 0x6B, 0x06, 0x43,
        0x00, 0x00, 0x90, 0x41, 0x00, 0x00, 0x00, 0x00, 0x46, 0x4F, 0x62, 0xEA, 0xCC, 0x01, 0x00, 0x00,
        0x4F, 0x62, 0x6A, 0x44, 0xC4, 0x00, 0x00, 0x00, 0x4F, 0x74, 0x04, 0x00, 0x02, 0x00, 0x00, 0x00,
        0x4F, 0x6E, 0x0C, 0x00, 0x4C, 0x42, 0x44, 0x61, 0x74, 0x61, 0x5F, 0x33, 0x00, 0x00, 0x00, 0x00,
        0x4F, 0x50, 0x10, 0x00, 0x86, 0x4E, 0x00, 0x00, 0xD9, 0x9F, 0xF8, 0x2A, 0x00, 0x00, 0x00, 0x40,
        0x11, 0x00, 0x00, 0x00, 0x53, 0x62, 0x04, 0x00, 0x20, 0x00, 0x00, 0x00, 0x53, 0x74, 0x18, 0x00,
        0x77, 0x00, 0x77, 0x00, 0x77, 0x00, 0x77, 0x00, 0x77, 0x00, 0x77, 0x00, 0x77, 0x00, 0x77, 0x00,
        0x77, 0x00, 0x77, 0x00, 0x77, 0x00, 0x00, 0x00, 0x53, 0x6A, 0x04, 0x00, 0x02, 0x00, 0x00, 0x00,
        0x53, 0x6C, 0x04, 0x00, 0x00, 0x00, 0x00, 0x00, 0x53, 0x77, 0x04, 0x00, 0x00, 0x00, 0x00, 0x00,
        0x53, 0x4C, 0x08, 0x00, 0x57, 0x57, 0x57, 0x57, 0x57, 0x57, 0x57, 0x00, 0x53, 0x48, 0x04, 0x00,
        0xE0, 0x25, 0x11, 0x0E, 0x53, 0x41, 0x44, 0x00, 0xC0, 0x00, 0x00, 0x00, 0xC0, 0x00, 0x00, 0x00,
        0xC0, 0x00, 0x00, 0x00, 0xFF, 0x00, 0x00, 0x00, 0x00, 0x00, 0x00, 0x00, 0x00, 0x00, 0x00, 0x00,
        0x00, 0x00, 0x00, 0x00, 0x00, 0x80, 0x8E, 0x43, 0x00, 0x00, 0xBE, 0xC2, 0x00, 0x00, 0xC8, 0x42,
        0x00, 0x00, 0x00, 0x00, 0x00, 0x00, 0x00, 0x00, 0x00, 0x00, 0x00, 0x00, 0x00, 0x00, 0x80, 0x3F,
        0x66, 0x66, 0x66, 0x3F, 0x66, 0x66, 0x66, 0x3F, 0x00, 0x00, 0x80, 0x3F, 0x53, 0x63, 0x72, 0x70,
        0x74, 0x00, 0x00, 0x00, 0x53, 0x6E, 0x08, 0x00, 0x49, 0x6E, 0x69, 0x74, 0x00, 0x00, 0x00, 0x00,
        0x53, 0x68, 0x10, 0x00, 0xB3, 0x44, 0x17, 0x00, 0x00, 0x00, 0x00, 0x00, 0x00, 0x00, 0x00, 0x00,
        0x02, 0x00, 0x00, 0x00, 0x46, 0x49, 0x08, 0x00, 0x06, 0x10, 0x01, 0x00, 0x00, 0x00, 0x00, 0x00,
        0x54, 0x6F, 0x04, 0x00, 0x00, 0x00, 0x00, 0x00, 0x4B, 0x64, 0x14, 0x00, 0xFF, 0xFF, 0xFF, 0xFF,
        0xC0, 0x00, 0x00, 0x00, 0xC0, 0x00, 0x00, 0x00, 0xC0, 0x00, 0x00, 0x00, 0xFF, 0x00, 0x00, 0x00,
        0x46, 0x49, 0x08, 0x00, 0x04, 0x0C, 0x01, 0x00, 0x00, 0x00, 0x00, 0x00, 0x54, 0x6F, 0x04, 0x00,
        0x07, 0x00, 0x00, 0x00, 0x4B, 0x64, 0x10, 0x00, 0xFF, 0xFF, 0xFF, 0xFF, 0x00, 0x80, 0x8E, 0x43,
        0x00, 0x00, 0xBE, 0xC2, 0x00, 0x00, 0xC8, 0x42, 0x53, 0x63, 0x72, 0x70, 0x7C, 0x00, 0x00, 0x00,
        0x53, 0x6E, 0x10, 0x00, 0x53, 0x65, 0x74, 0x50, 0x6C, 0x61, 0x79, 0x65, 0x72, 0x43, 0x6F, 0x6C,
        0x6F, 0x72, 0x00, 0x00, 0x53, 0x68, 0x10, 0x00, 0xB7, 0x4F, 0x3D, 0x21, 0x00, 0x00, 0x00, 0x00,
        0x00, 0x00, 0x00, 0x00, 0x02, 0x00, 0x00, 0x00, 0x46, 0x49, 0x08, 0x00, 0x06, 0x10, 0x01, 0x00,
        0x00, 0x00, 0x00, 0x00, 0x54, 0x6F, 0x04, 0x00, 0x00, 0x00, 0x00, 0x00, 0x4B, 0x64, 0x14, 0x00,
        0xFF, 0xFF, 0xFF, 0xFF, 0x30, 0x00, 0x00, 0x00, 0xCF, 0x00, 0x00, 0x00, 0x30, 0x00, 0x00, 0x00,
        0xFF, 0x00, 0x00, 0x00, 0x46, 0x49, 0x08, 0x00, 0x04, 0x0C, 0x01, 0x00, 0x00, 0x00, 0x00, 0x00,
        0x54, 0x6F, 0x04, 0x00, 0x07, 0x00, 0x00, 0x00, 0x4B, 0x64, 0x10, 0x00, 0xFF, 0xFF, 0xFF, 0xFF,
        0x00, 0x80, 0x8E, 0x43, 0x00, 0x00, 0xBE, 0xC2, 0x00, 0x00, 0xB4, 0x42, 0x46, 0x4F, 0x62, 0xEA,
        0xF8, 0x01, 0x00, 0x00, 0x4F, 0x62, 0x6A, 0x44, 0x8C, 0x00, 0x00, 0x00, 0x4F, 0x74, 0x04, 0x00,
        0x01, 0x00, 0x00, 0x00, 0x4F, 0x6E, 0x0C, 0x00, 0x4C, 0x42, 0x42, 0x61, 0x63, 0x6B, 0x69, 0x6E,
        0x67, 0x5F, 0x33, 0x00, 0x4F, 0x50, 0x10, 0x00, 0x85, 0x4E, 0x00, 0x00, 0x4E, 0xD6, 0xDD, 0x4F,
        0x00, 0x00, 0x00, 0x40, 0x00, 0x00, 0x00, 0x00, 0x49, 0x66, 0x04, 0x00, 0x00, 0x00, 0x00, 0x00,
        0x53, 0x41, 0x54, 0x00, 0x00, 0x00, 0x00, 0x00, 0x00, 0x00, 0x00, 0x00, 0x00, 0x00, 0x00, 0x00,
        0x78, 0x00, 0x00, 0x00, 0x00, 0x00, 0x00, 0x00, 0x00, 0x00, 0x00, 0x00, 0x00, 0x00, 0x00, 0x00,
        0x00, 0x00, 0x5C, 0x43, 0x00, 0x00, 0xAA, 0xC2, 0x00, 0x00, 0xF0, 0x42, 0x00, 0x00, 0x00, 0x00,
        0x00, 0x00, 0x00, 0x00, 0x00, 0x00, 0x00, 0x00, 0x00, 0x00, 0x80, 0x3F, 0x6E, 0x6C, 0x06, 0x43,
        0x00, 0x00, 0x90, 0x41, 0x00, 0x00, 0x00, 0x00, 0x00, 0x00, 0x00, 0x00, 0x00, 0x00, 0x00, 0x00,
        0x00, 0x00, 0x80, 0x3F, 0x00, 0x00, 0x80, 0x3F, 0x53, 0x63, 0x72, 0x70, 0x9C, 0x00, 0x00, 0x00,
        0x53, 0x6E, 0x08, 0x00, 0x49, 0x6E, 0x69, 0x74, 0x00, 0x00, 0x00, 0x00, 0x53, 0x68, 0x10, 0x00,
        0xB3, 0x44, 0x17, 0x00, 0x00, 0x00, 0x00, 0x00, 0x00, 0x00, 0x00, 0x00, 0x03, 0x00, 0x00, 0x00,
        0x46, 0x49, 0x08, 0x00, 0x06, 0x10, 0x01, 0x00, 0x00, 0x00, 0x00, 0x00, 0x54, 0x6F, 0x04, 0x00,
        0x00, 0x00, 0x00, 0x00, 0x4B, 0x64, 0x14, 0x00, 0xFF, 0xFF, 0xFF, 0xFF, 0x00, 0x00, 0x00, 0x00,
        0x00, 0x00, 0x00, 0x00, 0x00, 0x00, 0x00, 0x00, 0x78, 0x00, 0x00, 0x00, 0x46, 0x49, 0x08, 0x00,
        0x04, 0x0C, 0x01, 0x00, 0x00, 0x00, 0x00, 0x00, 0x54, 0x6F, 0x04, 0x00, 0x07, 0x00, 0x00, 0x00,
        0x4B, 0x64, 0x10, 0x00, 0xFF, 0xFF, 0xFF, 0xFF, 0x00, 0x00, 0x5C, 0x43, 0x00, 0x00, 0xAA, 0xC2,
        0x00, 0x00, 0xF0, 0x42, 0x46, 0x49, 0x08, 0x00, 0x04, 0x0C, 0x01, 0x00, 0x00, 0x00, 0x00, 0x00,
        0x54, 0x6F, 0x04, 0x00, 0x0E, 0x00, 0x00, 0x00, 0x4B, 0x64, 0x10, 0x00, 0xFF, 0xFF, 0xFF, 0xFF,
        0x6E, 0x6C, 0x06, 0x43, 0x00, 0x00, 0x90, 0x41, 0x00, 0x00, 0x00, 0x00, 0x53, 0x63, 0x72, 0x70,
        0xB8, 0x00, 0x00, 0x00, 0x53, 0x6E, 0x10, 0x00, 0x53, 0x65, 0x74, 0x50, 0x6C, 0x61, 0x79, 0x65,
        0x72, 0x43, 0x6F, 0x6C, 0x6F, 0x72, 0x00, 0x00, 0x53, 0x68, 0x10, 0x00, 0xB7, 0x4F, 0x3D, 0x21,
        0x00, 0x00, 0x00, 0x00, 0x00, 0x00, 0x00, 0x00, 0x03, 0x00, 0x00, 0x00, 0x46, 0x49, 0x08, 0x00,
        0x06, 0x10, 0x01, 0x00, 0x00, 0x00, 0x00, 0x00, 0x54, 0x6F, 0x04, 0x00, 0x00, 0x00, 0x00, 0x00,
        0x4B, 0x64, 0x28, 0x00, 0xFF, 0xFF, 0xFF, 0xFF, 0x01, 0xFF, 0xFF, 0xFF, 0xB8, 0xFF, 0xFF, 0xFF,
        0xE8, 0xFF, 0xFF, 0xFF, 0xFF, 0x00, 0x00, 0x00, 0x00, 0x00, 0x00, 0x00, 0xFF, 0x00, 0x00, 0x00,
        0x48, 0x00, 0x00, 0x00, 0x18, 0x00, 0x00, 0x00, 0x00, 0x00, 0x00, 0x00, 0x46, 0x49, 0x08, 0x00,
        0x04, 0x0C, 0x01, 0x00, 0x00, 0x00, 0x00, 0x00, 0x54, 0x6F, 0x04, 0x00, 0x07, 0x00, 0x00, 0x00,
        0x4B, 0x64, 0x10, 0x00, 0xFF, 0xFF, 0xFF, 0xFF, 0x00, 0x00, 0x5C, 0x43, 0x00, 0x00, 0xAA, 0xC2,
        0x00, 0x00, 0xC8, 0x42, 0x46, 0x49, 0x08, 0x00, 0x04, 0x0C, 0x01, 0x00, 0x00, 0x00, 0x00, 0x00,
        0x54, 0x6F, 0x04, 0x00, 0x0E, 0x00, 0x00, 0x00, 0x4B, 0x64, 0x10, 0x00, 0xFF, 0xFF, 0xFF, 0xFF,
        0x85, 0x6B, 0x06, 0x43, 0x00, 0x00, 0x90, 0x41, 0x00, 0x00, 0x00, 0x00, 0x46, 0x4F, 0x62, 0xEA,
        0xCC, 0x01, 0x00, 0x00, 0x4F, 0x62, 0x6A, 0x44, 0xC4, 0x00, 0x00, 0x00, 0x4F, 0x74, 0x04, 0x00,
        0x02, 0x00, 0x00, 0x00, 0x4F, 0x6E, 0x0C, 0x00, 0x4C, 0x42, 0x44, 0x61, 0x74, 0x61, 0x5F, 0x32,
        0x00, 0x00, 0x00, 0x00, 0x4F, 0x50, 0x10, 0x00, 0x78, 0x4E, 0x00, 0x00, 0xD8, 0x9F, 0xF8, 0x2A,
        0x00, 0x00, 0x00, 0x40, 0x11, 0x00, 0x00, 0x00, 0x53, 0x62, 0x04, 0x00, 0x20, 0x00, 0x00, 0x00,
        0x53, 0x74, 0x18, 0x00, 0x77, 0x00, 0x77, 0x00, 0x77, 0x00, 0x77, 0x00, 0x77, 0x00, 0x77, 0x00,
        0x77, 0x00, 0x77, 0x00, 0x77, 0x00, 0x77, 0x00, 0x77, 0x00, 0x00, 0x00, 0x53, 0x6A, 0x04, 0x00,
        0x02, 0x00, 0x00, 0x00, 0x53, 0x6C, 0x04, 0x00, 0x00, 0x00, 0x00, 0x00, 0x53, 0x77, 0x04, 0x00,
        0x00, 0x00, 0x00, 0x00, 0x53, 0x4C, 0x08, 0x00, 0x57, 0x57, 0x57, 0x57, 0x57, 0x57, 0x57, 0x00,
        0x53, 0x48, 0x04, 0x00, 0xE0, 0x25, 0x11, 0x0E, 0x53, 0x41, 0x44, 0x00, 0xC0, 0x00, 0x00, 0x00,
        0xC0, 0x00, 0x00, 0x00, 0xC0, 0x00, 0x00, 0x00, 0xFF, 0x00, 0x00, 0x00, 0x00, 0x00, 0x00, 0x00,
        0x00, 0x00, 0x00, 0x00, 0x00, 0x00, 0x00, 0x00, 0x00, 0x80, 0x8E, 0x43, 0x00, 0x00, 0xE6, 0xC2,
        0x00, 0x00, 0xC8, 0x42, 0x00, 0x00, 0x00, 0x00, 0x00, 0x00, 0x00, 0x00, 0x00, 0x00, 0x00, 0x00,
        0x00, 0x00, 0x80, 0x3F, 0x66, 0x66, 0x66, 0x3F, 0x66, 0x66, 0x66, 0x3F, 0x00, 0x00, 0x80, 0x3F,
        0x53, 0x63, 0x72, 0x70, 0x74, 0x00, 0x00, 0x00, 0x53, 0x6E, 0x08, 0x00, 0x49, 0x6E, 0x69, 0x74,
        0x00, 0x00, 0x00, 0x00, 0x53, 0x68, 0x10, 0x00, 0xB3, 0x44, 0x17, 0x00, 0x00, 0x00, 0x00, 0x00,
        0x00, 0x00, 0x00, 0x00, 0x02, 0x00, 0x00, 0x00, 0x46, 0x49, 0x08, 0x00, 0x06, 0x10, 0x01, 0x00,
        0x00, 0x00, 0x00, 0x00, 0x54, 0x6F, 0x04, 0x00, 0x00, 0x00, 0x00, 0x00, 0x4B, 0x64, 0x14, 0x00,
        0xFF, 0xFF, 0xFF, 0xFF, 0xC0, 0x00, 0x00, 0x00, 0xC0, 0x00, 0x00, 0x00, 0xC0, 0x00, 0x00, 0x00,
        0xFF, 0x00, 0x00, 0x00, 0x46, 0x49, 0x08, 0x00, 0x04, 0x0C, 0x01, 0x00, 0x00, 0x00, 0x00, 0x00,
        0x54, 0x6F, 0x04, 0x00, 0x07, 0x00, 0x00, 0x00, 0x4B, 0x64, 0x10, 0x00, 0xFF, 0xFF, 0xFF, 0xFF,
        0x00, 0x80, 0x8E, 0x43, 0x00, 0x00, 0xE6, 0xC2, 0x00, 0x00, 0xC8, 0x42, 0x53, 0x63, 0x72, 0x70,
        0x7C, 0x00, 0x00, 0x00, 0x53, 0x6E, 0x10, 0x00, 0x53, 0x65, 0x74, 0x50, 0x6C, 0x61, 0x79, 0x65,
        0x72, 0x43, 0x6F, 0x6C, 0x6F, 0x72, 0x00, 0x00, 0x53, 0x68, 0x10, 0x00, 0xB7, 0x4F, 0x3D, 0x21,
        0x00, 0x00, 0x00, 0x00, 0x00, 0x00, 0x00, 0x00, 0x02, 0x00, 0x00, 0x00, 0x46, 0x49, 0x08, 0x00,
        0x06, 0x10, 0x01, 0x00, 0x00, 0x00, 0x00, 0x00, 0x54, 0x6F, 0x04, 0x00, 0x00, 0x00, 0x00, 0x00,
        0x4B, 0x64, 0x14, 0x00, 0xFF, 0xFF, 0xFF, 0xFF, 0x30, 0x00, 0x00, 0x00, 0xCF, 0x00, 0x00, 0x00,
        0x30, 0x00, 0x00, 0x00, 0xFF, 0x00, 0x00, 0x00, 0x46, 0x49, 0x08, 0x00, 0x04, 0x0C, 0x01, 0x00,
        0x00, 0x00, 0x00, 0x00, 0x54, 0x6F, 0x04, 0x00, 0x07, 0x00, 0x00, 0x00, 0x4B, 0x64, 0x10, 0x00,
        0xFF, 0xFF, 0xFF, 0xFF, 0x00, 0x80, 0x8E, 0x43, 0x00, 0x00, 0xE6, 0xC2, 0x00, 0x00, 0xB4, 0x42,
        0x46, 0x4F, 0x62, 0xEA, 0xF8, 0x01, 0x00, 0x00, 0x4F, 0x62, 0x6A, 0x44, 0x8C, 0x00, 0x00, 0x00,
        0x4F, 0x74, 0x04, 0x00, 0x01, 0x00, 0x00, 0x00, 0x4F, 0x6E, 0x0C, 0x00, 0x4C, 0x42, 0x42, 0x61,
        0x63, 0x6B, 0x69, 0x6E, 0x67, 0x5F, 0x32, 0x00, 0x4F, 0x50, 0x10, 0x00, 0x77, 0x4E, 0x00, 0x00,
        0x4D, 0xD6, 0xDD, 0x4F, 0x00, 0x00, 0x00, 0x40, 0x00, 0x00, 0x00, 0x00, 0x49, 0x66, 0x04, 0x00,
        0x00, 0x00, 0x00, 0x00, 0x53, 0x41, 0x54, 0x00, 0x00, 0x00, 0x00, 0x00, 0x00, 0x00, 0x00, 0x00,
        0x00, 0x00, 0x00, 0x00, 0x78, 0x00, 0x00, 0x00, 0x00, 0x00, 0x00, 0x00, 0x00, 0x00, 0x00, 0x00,
        0x00, 0x00, 0x00, 0x00, 0x00, 0x00, 0x5C, 0x43, 0x00, 0x00, 0xD2, 0xC2, 0x00, 0x00, 0xF0, 0x42,
        0x00, 0x00, 0x00, 0x00, 0x00, 0x00, 0x00, 0x00, 0x00, 0x00, 0x00, 0x00, 0x00, 0x00, 0x80, 0x3F,
        0x6E, 0x6C, 0x06, 0x43, 0x00, 0x00, 0x90, 0x41, 0x00, 0x00, 0x00, 0x00, 0x00, 0x00, 0x00, 0x00,
        0x00, 0x00, 0x00, 0x00, 0x00, 0x00, 0x80, 0x3F, 0x00, 0x00, 0x80, 0x3F, 0x53, 0x63, 0x72, 0x70,
        0x9C, 0x00, 0x00, 0x00, 0x53, 0x6E, 0x08, 0x00, 0x49, 0x6E, 0x69, 0x74, 0x00, 0x00, 0x00, 0x00,
        0x53, 0x68, 0x10, 0x00, 0xB3, 0x44, 0x17, 0x00, 0x00, 0x00, 0x00, 0x00, 0x00, 0x00, 0x00, 0x00,
        0x03, 0x00, 0x00, 0x00, 0x46, 0x49, 0x08, 0x00, 0x06, 0x10, 0x01, 0x00, 0x00, 0x00, 0x00, 0x00,
        0x54, 0x6F, 0x04, 0x00, 0x00, 0x00, 0x00, 0x00, 0x4B, 0x64, 0x14, 0x00, 0xFF, 0xFF, 0xFF, 0xFF,
        0x00, 0x00, 0x00, 0x00, 0x00, 0x00, 0x00, 0x00, 0x00, 0x00, 0x00, 0x00, 0x78, 0x00, 0x00, 0x00,
        0x46, 0x49, 0x08, 0x00, 0x04, 0x0C, 0x01, 0x00, 0x00, 0x00, 0x00, 0x00, 0x54, 0x6F, 0x04, 0x00,
        0x07, 0x00, 0x00, 0x00, 0x4B, 0x64, 0x10, 0x00, 0xFF, 0xFF, 0xFF, 0xFF, 0x00, 0x00, 0x5C, 0x43,
        0x00, 0x00, 0xD2, 0xC2, 0x00, 0x00, 0xF0, 0x42, 0x46, 0x49, 0x08, 0x00, 0x04, 0x0C, 0x01, 0x00,
        0x00, 0x00, 0x00, 0x00, 0x54, 0x6F, 0x04, 0x00, 0x0E, 0x00, 0x00, 0x00, 0x4B, 0x64, 0x10, 0x00,
        0xFF, 0xFF, 0xFF, 0xFF, 0x6E, 0x6C, 0x06, 0x43, 0x00, 0x00, 0x90, 0x41, 0x00, 0x00, 0x00, 0x00,
        0x53, 0x63, 0x72, 0x70, 0xB8, 0x00, 0x00, 0x00, 0x53, 0x6E, 0x10, 0x00, 0x53, 0x65, 0x74, 0x50,
        0x6C, 0x61, 0x79, 0x65, 0x72, 0x43, 0x6F, 0x6C, 0x6F, 0x72, 0x00, 0x00, 0x53, 0x68, 0x10, 0x00,
        0xB7, 0x4F, 0x3D, 0x21, 0x00, 0x00, 0x00, 0x00, 0x00, 0x00, 0x00, 0x00, 0x03, 0x00, 0x00, 0x00,
        0x46, 0x49, 0x08, 0x00, 0x06, 0x10, 0x01, 0x00, 0x00, 0x00, 0x00, 0x00, 0x54, 0x6F, 0x04, 0x00,
        0x00, 0x00, 0x00, 0x00, 0x4B, 0x64, 0x28, 0x00, 0xFF, 0xFF, 0xFF, 0xFF, 0x01, 0xFF, 0xFF, 0xFF,
        0xB8, 0xFF, 0xFF, 0xFF, 0xE8, 0xFF, 0xFF, 0xFF, 0xFF, 0x00, 0x00, 0x00, 0x00, 0x00, 0x00, 0x00,
        0xFF, 0x00, 0x00, 0x00, 0x48, 0x00, 0x00, 0x00, 0x18, 0x00, 0x00, 0x00, 0x00, 0x00, 0x00, 0x00,
        0x46, 0x49, 0x08, 0x00, 0x04, 0x0C, 0x01, 0x00, 0x00, 0x00, 0x00, 0x00, 0x54, 0x6F, 0x04, 0x00,
        0x07, 0x00, 0x00, 0x00, 0x4B, 0x64, 0x10, 0x00, 0xFF, 0xFF, 0xFF, 0xFF, 0x00, 0x00, 0x5C, 0x43,
        0x00, 0x00, 0xD2, 0xC2, 0x00, 0x00, 0xC8, 0x42, 0x46, 0x49, 0x08, 0x00, 0x04, 0x0C, 0x01, 0x00,
        0x00, 0x00, 0x00, 0x00, 0x54, 0x6F, 0x04, 0x00, 0x0E, 0x00, 0x00, 0x00, 0x4B, 0x64, 0x10, 0x00,
        0xFF, 0xFF, 0xFF, 0xFF, 0x85, 0x6B, 0x06, 0x43, 0x00, 0x00, 0x90, 0x41, 0x00, 0x00, 0x00, 0x00,
        0x46, 0x4F, 0x62, 0xEA, 0xCC, 0x01, 0x00, 0x00, 0x4F, 0x62, 0x6A, 0x44, 0xC4, 0x00, 0x00, 0x00,
        0x4F, 0x74, 0x04, 0x00, 0x02, 0x00, 0x00, 0x00, 0x4F, 0x6E, 0x0C, 0x00, 0x4C, 0x42, 0x44, 0x61,
        0x74, 0x61, 0x5F, 0x31, 0x00, 0x00, 0x00, 0x00, 0x4F, 0x50, 0x10, 0x00, 0x31, 0x4E, 0x00, 0x00,
        0xD7, 0x9F, 0xF8, 0x2A, 0x00, 0x00, 0x00, 0x40, 0x11, 0x00, 0x00, 0x00, 0x53, 0x62, 0x04, 0x00,
        0x20, 0x00, 0x00, 0x00, 0x53, 0x74, 0x18, 0x00, 0x77, 0x00, 0x77, 0x00, 0x77, 0x00, 0x77, 0x00,
        0x77, 0x00, 0x77, 0x00, 0x77, 0x00, 0x77, 0x00, 0x77, 0x00, 0x77, 0x00, 0x77, 0x00, 0x00, 0x00,
        0x53, 0x6A, 0x04, 0x00, 0x02, 0x00, 0x00, 0x00, 0x53, 0x6C, 0x04, 0x00, 0x00, 0x00, 0x00, 0x00,
        0x53, 0x77, 0x04, 0x00, 0x00, 0x00, 0x00, 0x00, 0x53, 0x4C, 0x08, 0x00, 0x57, 0x57, 0x57, 0x57,
        0x57, 0x57, 0x57, 0x00, 0x53, 0x48, 0x04, 0x00, 0xE0, 0x25, 0x11, 0x0E, 0x53, 0x41, 0x44, 0x00,
        0xC0, 0x00, 0x00, 0x00, 0xC0, 0x00, 0x00, 0x00, 0xC0, 0x00, 0x00, 0x00, 0xFF, 0x00, 0x00, 0x00,
        0x00, 0x00, 0x00, 0x00, 0x00, 0x00, 0x00, 0x00, 0x00, 0x00, 0x00, 0x00, 0x00, 0x80, 0x8E, 0x43,
        0x00, 0x00, 0x07, 0xC3, 0x00, 0x00, 0xC8, 0x42, 0x00, 0x00, 0x00, 0x00, 0x00, 0x00, 0x00, 0x00,
        0x00, 0x00, 0x00, 0x00, 0x00, 0x00, 0x80, 0x3F, 0x66, 0x66, 0x66, 0x3F, 0x66, 0x66, 0x66, 0x3F,
        0x00, 0x00, 0x80, 0x3F, 0x53, 0x63, 0x72, 0x70, 0x74, 0x00, 0x00, 0x00, 0x53, 0x6E, 0x08, 0x00,
        0x49, 0x6E, 0x69, 0x74, 0x00, 0x00, 0x00, 0x00, 0x53, 0x68, 0x10, 0x00, 0xB3, 0x44, 0x17, 0x00,
        0x00, 0x00, 0x00, 0x00, 0x00, 0x00, 0x00, 0x00, 0x02, 0x00, 0x00, 0x00, 0x46, 0x49, 0x08, 0x00,
        0x06, 0x10, 0x01, 0x00, 0x00, 0x00, 0x00, 0x00, 0x54, 0x6F, 0x04, 0x00, 0x00, 0x00, 0x00, 0x00,
        0x4B, 0x64, 0x14, 0x00, 0xFF, 0xFF, 0xFF, 0xFF, 0xC0, 0x00, 0x00, 0x00, 0xC0, 0x00, 0x00, 0x00,
        0xC0, 0x00, 0x00, 0x00, 0xFF, 0x00, 0x00, 0x00, 0x46, 0x49, 0x08, 0x00, 0x04, 0x0C, 0x01, 0x00,
        0x00, 0x00, 0x00, 0x00, 0x54, 0x6F, 0x04, 0x00, 0x07, 0x00, 0x00, 0x00, 0x4B, 0x64, 0x10, 0x00,
        0xFF, 0xFF, 0xFF, 0xFF, 0x00, 0x80, 0x8E, 0x43, 0x00, 0x00, 0x07, 0xC3, 0x00, 0x00, 0xC8, 0x42,
        0x53, 0x63, 0x72, 0x70, 0x7C, 0x00, 0x00, 0x00, 0x53, 0x6E, 0x10, 0x00, 0x53, 0x65, 0x74, 0x50,
        0x6C, 0x61, 0x79, 0x65, 0x72, 0x43, 0x6F, 0x6C, 0x6F, 0x72, 0x00, 0x00, 0x53, 0x68, 0x10, 0x00,
        0xB7, 0x4F, 0x3D, 0x21, 0x00, 0x00, 0x00, 0x00, 0x00, 0x00, 0x00, 0x00, 0x02, 0x00, 0x00, 0x00,
        0x46, 0x49, 0x08, 0x00, 0x06, 0x10, 0x01, 0x00, 0x00, 0x00, 0x00, 0x00, 0x54, 0x6F, 0x04, 0x00,
        0x00, 0x00, 0x00, 0x00, 0x4B, 0x64, 0x14, 0x00, 0xFF, 0xFF, 0xFF, 0xFF, 0x30, 0x00, 0x00, 0x00,
        0xCF, 0x00, 0x00, 0x00, 0x30, 0x00, 0x00, 0x00, 0xFF, 0x00, 0x00, 0x00, 0x46, 0x49, 0x08, 0x00,
        0x04, 0x0C, 0x01, 0x00, 0x00, 0x00, 0x00, 0x00, 0x54, 0x6F, 0x04, 0x00, 0x07, 0x00, 0x00, 0x00,
        0x4B, 0x64, 0x10, 0x00, 0xFF, 0xFF, 0xFF, 0xFF, 0x00, 0x80, 0x8E, 0x43, 0x00, 0x00, 0x07, 0xC3,
        0x00, 0x00, 0xB4, 0x42, 0x46, 0x4F, 0x62, 0xEA, 0xF8, 0x01, 0x00, 0x00, 0x4F, 0x62, 0x6A, 0x44,
        0x8C, 0x00, 0x00, 0x00, 0x4F, 0x74, 0x04, 0x00, 0x01, 0x00, 0x00, 0x00, 0x4F, 0x6E, 0x0C, 0x00,
        0x4C, 0x42, 0x42, 0x61, 0x63, 0x6B, 0x69, 0x6E, 0x67, 0x5F, 0x31, 0x00, 0x4F, 0x50, 0x10, 0x00,
        0x1D, 0x4E, 0x00, 0x00, 0x4C, 0xD6, 0xDD, 0x4F, 0x00, 0x00, 0x00, 0x40, 0x00, 0x00, 0x00, 0x00,
        0x49, 0x66, 0x04, 0x00, 0x00, 0x00, 0x00, 0x00, 0x53, 0x41, 0x54, 0x00, 0x00, 0x00, 0x00, 0x00,
        0x00, 0x00, 0x00, 0x00, 0x00, 0x00, 0x00, 0x00, 0x78, 0x00, 0x00, 0x00, 0x00, 0x00, 0x00, 0x00,
        0x00, 0x00, 0x00, 0x00, 0x00, 0x00, 0x00, 0x00, 0x00, 0x00, 0x5C, 0x43, 0x00, 0x00, 0xFA, 0xC2,
        0x00, 0x00, 0xF0, 0x42, 0x00, 0x00, 0x00, 0x00, 0x00, 0x00, 0x00, 0x00, 0x00, 0x00, 0x00, 0x00,
        0x00, 0x00, 0x80, 0x3F, 0x6E, 0x6C, 0x06, 0x43, 0x00, 0x00, 0x90, 0x41, 0x00, 0x00, 0x00, 0x00,
        0x00, 0x00, 0x00, 0x00, 0x00, 0x00, 0x00, 0x00, 0x00, 0x00, 0x80, 0x3F, 0x00, 0x00, 0x80, 0x3F,
        0x53, 0x63, 0x72, 0x70, 0x9C, 0x00, 0x00, 0x00, 0x53, 0x6E, 0x08, 0x00, 0x49, 0x6E, 0x69, 0x74,
        0x00, 0x00, 0x00, 0x00, 0x53, 0x68, 0x10, 0x00, 0xB3, 0x44, 0x17, 0x00, 0x00, 0x00, 0x00, 0x00,
        0x00, 0x00, 0x00, 0x00, 0x03, 0x00, 0x00, 0x00, 0x46, 0x49, 0x08, 0x00, 0x06, 0x10, 0x01, 0x00,
        0x00, 0x00, 0x00, 0x00, 0x54, 0x6F, 0x04, 0x00, 0x00, 0x00, 0x00, 0x00, 0x4B, 0x64, 0x14, 0x00,
        0xFF, 0xFF, 0xFF, 0xFF, 0x00, 0x00, 0x00, 0x00, 0x00, 0x00, 0x00, 0x00, 0x00, 0x00, 0x00, 0x00,
        0x78, 0x00, 0x00, 0x00, 0x46, 0x49, 0x08, 0x00, 0x04, 0x0C, 0x01, 0x00, 0x00, 0x00, 0x00, 0x00,
        0x54, 0x6F, 0x04, 0x00, 0x07, 0x00, 0x00, 0x00, 0x4B, 0x64, 0x10, 0x00, 0xFF, 0xFF, 0xFF, 0xFF,
        0x00, 0x00, 0x5C, 0x43, 0x00, 0x00, 0xFA, 0xC2, 0x00, 0x00, 0xF0, 0x42, 0x46, 0x49, 0x08, 0x00,
        0x04, 0x0C, 0x01, 0x00, 0x00, 0x00, 0x00, 0x00, 0x54, 0x6F, 0x04, 0x00, 0x0E, 0x00, 0x00, 0x00,
        0x4B, 0x64, 0x10, 0x00, 0xFF, 0xFF, 0xFF, 0xFF, 0x6E, 0x6C, 0x06, 0x43, 0x00, 0x00, 0x90, 0x41,
        0x00, 0x00, 0x00, 0x00, 0x53, 0x63, 0x72, 0x70, 0xB8, 0x00, 0x00, 0x00, 0x53, 0x6E, 0x10, 0x00,
        0x53, 0x65, 0x74, 0x50, 0x6C, 0x61, 0x79, 0x65, 0x72, 0x43, 0x6F, 0x6C, 0x6F, 0x72, 0x00, 0x00,
        0x53, 0x68, 0x10, 0x00, 0xB7, 0x4F, 0x3D, 0x21, 0x00, 0x00, 0x00, 0x00, 0x00, 0x00, 0x00, 0x00,
        0x03, 0x00, 0x00, 0x00, 0x46, 0x49, 0x08, 0x00, 0x06, 0x10, 0x01, 0x00, 0x00, 0x00, 0x00, 0x00,
        0x54, 0x6F, 0x04, 0x00, 0x00, 0x00, 0x00, 0x00, 0x4B, 0x64, 0x28, 0x00, 0xFF, 0xFF, 0xFF, 0xFF,
        0x01, 0xFF, 0xFF, 0xFF, 0xB8, 0xFF, 0xFF, 0xFF, 0xE8, 0xFF, 0xFF, 0xFF, 0xFF, 0x00, 0x00, 0x00,
        0x00, 0x00, 0x00, 0x00, 0xFF, 0x00, 0x00, 0x00, 0x48, 0x00, 0x00, 0x00, 0x18, 0x00, 0x00, 0x00,
        0x00, 0x00, 0x00, 0x00, 0x46, 0x49, 0x08, 0x00, 0x04, 0x0C, 0x01, 0x00, 0x00, 0x00, 0x00, 0x00,
        0x54, 0x6F, 0x04, 0x00, 0x07, 0x00, 0x00, 0x00, 0x4B, 0x64, 0x10, 0x00, 0xFF, 0xFF, 0xFF, 0xFF,
        0x00, 0x00, 0x5C, 0x43, 0x00, 0x00, 0xFA, 0xC2, 0x00, 0x00, 0xC8, 0x42, 0x46, 0x49, 0x08, 0x00,
        0x04, 0x0C, 0x01, 0x00, 0x00, 0x00, 0x00, 0x00, 0x54, 0x6F, 0x04, 0x00, 0x0E, 0x00, 0x00, 0x00,
        0x4B, 0x64, 0x10, 0x00, 0xFF, 0xFF, 0xFF, 0xFF, 0x85, 0x6B, 0x06, 0x43, 0x00, 0x00, 0x90, 0x41,
        0x00, 0x00, 0x00, 0x00, 0x46, 0x4F, 0x62, 0xEA, 0xC8, 0x00, 0x00, 0x00, 0x4F, 0x62, 0x6A, 0x44,
        0x98, 0x00, 0x00, 0x00, 0x4F, 0x74, 0x04, 0x00, 0x01, 0x00, 0x00, 0x00, 0x4F, 0x6E, 0x18, 0x00,
        0x53, 0x74, 0x79, 0x6C, 0x65, 0x5F, 0x50, 0x6F, 0x69, 0x6E, 0x74, 0x73, 0x5F, 0x42, 0x61, 0x63,
        0x6B, 0x69, 0x6E, 0x67, 0x00, 0x00, 0x00, 0x00, 0x4F, 0x50, 0x10, 0x00, 0xAB, 0x46, 0x00, 0x00,
        0x3A, 0x55, 0xD9, 0xFA, 0x00, 0x00, 0x00, 0x40, 0x12, 0x00, 0x00, 0x00, 0x49, 0x66, 0x04, 0x00,
        0x00, 0x00, 0x00, 0x00, 0x53, 0x41, 0x54, 0x00, 0xFF, 0x00, 0x00, 0x00, 0xFF, 0x00, 0x00, 0x00,
        0xFF, 0x00, 0x00, 0x00, 0x64, 0x00, 0x00, 0x00, 0x00, 0x00, 0x00, 0x00, 0x00, 0x00, 0x00, 0x00,
        0x00, 0x00, 0x00, 0x00, 0x00, 0x80, 0x80, 0xC3, 0x00, 0x80, 0xA1, 0xC3, 0x00, 0x00, 0xF0, 0x42,
        0x00, 0x00, 0x00, 0x00, 0x00, 0x00, 0x00, 0x00, 0x00, 0x00, 0x00, 0x00, 0x00, 0x00, 0x80, 0x3F,
        0x00, 0x00, 0x80, 0x43, 0x00, 0x00, 0x80, 0x42, 0x00, 0x00, 0x00, 0x00, 0x00, 0x00, 0x00, 0x00,
        0x00, 0x00, 0x00, 0x00, 0x00, 0x00, 0x80, 0x3F, 0x00, 0x00, 0x80, 0x3F, 0x53, 0x63, 0x72, 0x70,
        0x20, 0x00, 0x00, 0x00, 0x53, 0x6E, 0x08, 0x00, 0x49, 0x6E, 0x69, 0x74, 0x00, 0x00, 0x00, 0x00,
        0x53, 0x68, 0x10, 0x00, 0xB3, 0x44, 0x17, 0x00, 0x00, 0x00, 0x00, 0x00, 0x00, 0x00, 0x00, 0x00,
        0x00, 0x00, 0x00, 0x00, 0x46, 0x4F, 0x62, 0xEA, 0x04, 0x05, 0x00, 0x00, 0x4F, 0x62, 0x6A, 0x44,
        0x90, 0x00, 0x00, 0x00, 0x4F, 0x74, 0x04, 0x00, 0x01, 0x00, 0x00, 0x00, 0x4F, 0x6E, 0x10, 0x00,
        0x57, 0x72, 0x6F, 0x6E, 0x67, 0x57, 0x61, 0x79, 0x49, 0x6D, 0x61, 0x67, 0x65, 0x00, 0x00, 0x00,
        0x4F, 0x50, 0x10, 0x00, 0x39, 0x1F, 0x00, 0x00, 0x00, 0xA2, 0x2F, 0xC8, 0x00, 0x00, 0x00, 0x40,
        0x13, 0x00, 0x00, 0x00, 0x49, 0x66, 0x04, 0x00, 0x00, 0x00, 0x00, 0x00, 0x53, 0x41, 0x54, 0x00,
        0xFF, 0x00, 0x00, 0x00, 0xFF, 0x00, 0x00, 0x00, 0xFF, 0x00, 0x00, 0x00, 0x00, 0x00, 0x00, 0x00,
        0x00, 0x00, 0x00, 0x00, 0x00, 0x00, 0x00, 0x00, 0x00, 0x00, 0x00, 0x00, 0x00, 0x00, 0x5F, 0xC3,
        0x00, 0x00, 0xAE, 0xC2, 0x00, 0x00, 0xDC, 0x42, 0x00, 0x00, 0x00, 0x00, 0x00, 0x00, 0x00, 0x00,
        0x00, 0x00, 0x00, 0x00, 0x00, 0x00, 0x80, 0x3F, 0x00, 0x00, 0x80, 0x42, 0x00, 0x00, 0x80, 0x42,
        0x00, 0x00, 0x00, 0x00, 0x00, 0x00, 0x00, 0x00, 0x00, 0x00, 0x00, 0x00, 0x00, 0x00, 0x80, 0x3F,
        0x00, 0x00, 0x80, 0x3F, 0x53, 0x63, 0x72, 0x70, 0x9C, 0x00, 0x00, 0x00, 0x53, 0x6E, 0x08, 0x00,
        0x49, 0x6E, 0x69, 0x74, 0x00, 0x00, 0x00, 0x00, 0x53, 0x68, 0x10, 0x00, 0xB3, 0x44, 0x17, 0x00,
        0x00, 0x00, 0x00, 0x00, 0x00, 0x00, 0x00, 0x00, 0x03, 0x00, 0x00, 0x00, 0x46, 0x49, 0x08, 0x00,
        0x06, 0x10, 0x01, 0x00, 0x00, 0x00, 0x00, 0x00, 0x54, 0x6F, 0x04, 0x00, 0x00, 0x00, 0x00, 0x00,
        0x4B, 0x64, 0x14, 0x00, 0xFF, 0xFF, 0xFF, 0xFF, 0xFF, 0x00, 0x00, 0x00, 0xFF, 0x00, 0x00, 0x00,
        0xFF, 0x00, 0x00, 0x00, 0x00, 0x00, 0x00, 0x00, 0x46, 0x49, 0x08, 0x00, 0x04, 0x0C, 0x01, 0x00,
        0x00, 0x00, 0x00, 0x00, 0x54, 0x6F, 0x04, 0x00, 0x07, 0x00, 0x00, 0x00, 0x4B, 0x64, 0x10, 0x00,
        0xFF, 0xFF, 0xFF, 0xFF, 0x00, 0x00, 0x5F, 0xC3, 0x00, 0x00, 0xAE, 0xC2, 0x00, 0x00, 0xDC, 0x42,
        0x46, 0x49, 0x08, 0x00, 0x04, 0x0C, 0x01, 0x00, 0x00, 0x00, 0x00, 0x00, 0x54, 0x6F, 0x04, 0x00,
        0x0E, 0x00, 0x00, 0x00, 0x4B, 0x64, 0x10, 0x00, 0xFF, 0xFF, 0xFF, 0xFF, 0x00, 0x00, 0x80, 0x42,
        0x00, 0x00, 0x80, 0x42, 0x00, 0x00, 0x00, 0x00, 0x53, 0x63, 0x72, 0x70, 0x94, 0x01, 0x00, 0x00,
        0x53, 0x6E, 0x08, 0x00, 0x46, 0x61, 0x64, 0x65, 0x49, 0x6E, 0x00, 0x00, 0x53, 0x68, 0x10, 0x00,
        0x06, 0x91, 0x0D, 0x5B, 0xB0, 0x04, 0x00, 0x00, 0x00, 0x00, 0x00, 0x00, 0x03, 0x00, 0x00, 0x00,
        0x53, 0x63, 0x04, 0x00, 0x4F, 0x16, 0x80, 0x02, 0x46, 0x49, 0x08, 0x00, 0x06, 0x10, 0x01, 0x00,
        0xB0, 0x04, 0x00, 0x00, 0x54, 0x6F, 0x04, 0x00, 0x00, 0x00, 0x00, 0x00, 0x4B, 0x64, 0x64, 0x00,
        0xFF, 0xFF, 0xFF, 0xFF, 0x00, 0x00, 0x00, 0x00, 0x00, 0x00, 0x00, 0x00, 0x00, 0x00, 0x00, 0x00,
        0xC6, 0x02, 0x00, 0x00, 0x00, 0x00, 0x00, 0x00, 0xFF, 0x00, 0x00, 0x00, 0xFF, 0x00, 0x00, 0x00,
        0xFF, 0x00, 0x00, 0x00, 0x5D, 0xFD, 0xFF, 0xFF, 0x90, 0x01, 0x00, 0x00, 0xFF, 0x00, 0x00, 0x00,
        0xFF, 0x00, 0x00, 0x00, 0xFF, 0x00, 0x00, 0x00, 0x39, 0xFE, 0xFF, 0xFF, 0x6C, 0x02, 0x00, 0x00,
        0xFF, 0x00, 0x00, 0x00, 0xFF, 0x00, 0x00, 0x00, 0xFF, 0x00, 0x00, 0x00, 0xD0, 0xFD, 0xFF, 0xFF,
        0x20, 0x03, 0x00, 0x00, 0xFF, 0x00, 0x00, 0x00, 0xFF, 0x00, 0x00, 0x00, 0xFF, 0x00, 0x00, 0x00,
        0x39, 0xFE, 0xFF, 0xFF, 0x46, 0x49, 0x08, 0x00, 0x04, 0x0C, 0x01, 0x00, 0xB0, 0x04, 0x00, 0x00,
        0x54, 0x6F, 0x04, 0x00, 0x07, 0x00, 0x00, 0x00, 0x4B, 0x64, 0x60, 0x00, 0xFF, 0xFF, 0xFF, 0xFF,
        0x00, 0x00, 0x5F, 0xC3, 0x00, 0x00, 0xAE, 0xC2, 0x00, 0x00, 0xDC, 0x42, 0x00, 0x00, 0x00, 0x00,
        0x00, 0x00, 0x5F, 0x43, 0x00, 0x00, 0x00, 0x00, 0x00, 0x00, 0x00, 0x00, 0x90, 0x01, 0x00, 0x00,
        0x00, 0x00, 0x5F, 0x43, 0x00, 0x00, 0x00, 0x00, 0x00, 0x00, 0x00, 0x00, 0x6C, 0x02, 0x00, 0x00,
        0x00, 0x00, 0x5F, 0x43, 0x00, 0x00, 0x00, 0x00, 0x00, 0x00, 0x00, 0x00, 0x20, 0x03, 0x00, 0x00,
        0x00, 0x00, 0x5F, 0x43, 0x00, 0x00, 0x00, 0x00, 0x00, 0x00, 0x00, 0x00, 0xB0, 0x04, 0x00, 0x00,
        0x00, 0x00, 0xA0, 0x40, 0x00, 0x00, 0x70, 0xC1, 0x00, 0x00, 0x00, 0x00, 0x46, 0x49, 0x08, 0x00,
        0x04, 0x0C, 0x01, 0x00, 0xB0, 0x04, 0x00, 0x00, 0x54, 0x6F, 0x04, 0x00, 0x0E, 0x00, 0x00, 0x00,
        0x4B, 0x64, 0x60, 0x00, 0xFF, 0xFF, 0xFF, 0xFF, 0x00, 0x00, 0xA0, 0x42, 0x00, 0x00, 0xA0, 0x42,
        0x00, 0x00, 0x00, 0x00, 0x00, 0x00, 0x00, 0x00, 0x00, 0x00, 0x8C, 0xC2, 0x00, 0x00, 0x8C, 0xC2,
        0x00, 0x00, 0x00, 0x00, 0x90, 0x01, 0x00, 0x00, 0x00, 0x00, 0x80, 0xC1, 0x00, 0x00, 0x80, 0xC1,
        0x00, 0x00, 0x00, 0x00, 0x6C, 0x02, 0x00, 0x00, 0x00, 0x00, 0xF0, 0xC1, 0x00, 0x00, 0xF0, 0xC1,
        0x00, 0x00, 0x00, 0x00, 0x20, 0x03, 0x00, 0x00, 0x00, 0x00, 0x80, 0xC1, 0x00, 0x00, 0x80, 0xC1,
        0x00, 0x00, 0x00, 0x00, 0xB0, 0x04, 0x00, 0x00, 0x00, 0x00, 0xD0, 0xC1, 0x00, 0x00, 0xD0, 0xC1,
        0x00, 0x00, 0x00, 0x00, 0x53, 0x63, 0x72, 0x70, 0xF4, 0x00, 0x00, 0x00, 0x53, 0x6E, 0x08, 0x00,
        0x46, 0x61, 0x64, 0x65, 0x4F, 0x75, 0x74, 0x00, 0x53, 0x68, 0x10, 0x00, 0x87, 0xCC, 0xBF, 0xBC,
        0xC8, 0x00, 0x00, 0x00, 0x00, 0x00, 0x00, 0x00, 0x03, 0x00, 0x00, 0x00, 0x46, 0x49, 0x08, 0x00,
        0x06, 0x10, 0x01, 0x00, 0xC8, 0x00, 0x00, 0x00, 0x54, 0x6F, 0x04, 0x00, 0x00, 0x00, 0x00, 0x00,
        0x4B, 0x64, 0x3C, 0x00, 0xFF, 0xFF, 0xFF, 0xFF, 0x00, 0x00, 0x00, 0x00, 0x00, 0x00, 0x00, 0x00,
        0x00, 0x00, 0x00, 0x00, 0xFF, 0x00, 0x00, 0x00, 0x00, 0x00, 0x00, 0x00, 0xFF, 0x00, 0x00, 0x00,
        0xFF, 0x00, 0x00, 0x00, 0xFF, 0x00, 0x00, 0x00, 0x00, 0x00, 0x00, 0x00, 0xC8, 0x00, 0x00, 0x00,
        0xFF, 0x00, 0x00, 0x00, 0xFF, 0x00, 0x00, 0x00, 0xFF, 0x00, 0x00, 0x00, 0x01, 0xFF, 0xFF, 0xFF,
        0x46, 0x49, 0x08, 0x00, 0x04, 0x0C, 0x01, 0x00, 0xC8, 0x00, 0x00, 0x00, 0x54, 0x6F, 0x04, 0x00,
        0x07, 0x00, 0x00, 0x00, 0x4B, 0x64, 0x20, 0x00, 0xFF, 0xFF, 0xFF, 0xFF, 0x00, 0xC0, 0x03, 0xC4,
        0x00, 0x80, 0xF5, 0x43, 0x00, 0x00, 0xDC, 0x42, 0x00, 0x00, 0x00, 0x00, 0x00, 0x80, 0x9A, 0x43,
        0x00, 0x40, 0x14, 0xC4, 0x00, 0x00, 0x00, 0x00, 0x46, 0x49, 0x08, 0x00, 0x04, 0x0C, 0x01, 0x00,
        0xC8, 0x00, 0x00, 0x00, 0x54, 0x6F, 0x04, 0x00, 0x0E, 0x00, 0x00, 0x00, 0x4B, 0x64, 0x30, 0x00,
        0xFF, 0xFF, 0xFF, 0xFF, 0x00, 0x00, 0xBC, 0x42, 0x00, 0x00, 0xBC, 0x42, 0x00, 0x00, 0x00, 0x00,
        0x00, 0x00, 0x00, 0x00, 0x00, 0x00, 0x20, 0xC2, 0x00, 0x00, 0x20, 0xC2, 0x00, 0x00, 0x00, 0x00,
        0xC8, 0x00, 0x00, 0x00, 0x00, 0x00, 0x48, 0xC2, 0x00, 0x00, 0x48, 0xC2, 0x00, 0x00, 0x00, 0x00,
        0x53, 0x63, 0x72, 0x70, 0x28, 0x01, 0x00, 0x00, 0x53, 0x6E, 0x08, 0x00, 0x42, 0x6C, 0x69, 0x6E,
        0x6B, 0x00, 0x00, 0x00, 0x53, 0x68, 0x10, 0x00, 0x4F, 0x16, 0x80, 0x02, 0x20, 0x03, 0x00, 0x00,
        0x01, 0x00, 0x00, 0x00, 0x03, 0x00, 0x00, 0x00, 0x46, 0x49, 0x08, 0x00, 0x06, 0x10, 0x01, 0x01,
        0x20, 0x03, 0x00, 0x00, 0x54, 0x6F, 0x04, 0x00, 0x00, 0x00, 0x00, 0x00, 0x4B, 0x64, 0x50, 0x00,
        0xFF, 0xFF, 0xFF, 0xFF, 0x00, 0x00, 0x00, 0x00, 0x00, 0x00, 0x00, 0x00, 0x00, 0x00, 0x00, 0x00,
        0xFF, 0x00, 0x00, 0x00, 0x00, 0x00, 0x00, 0x00, 0xFF, 0x00, 0x00, 0x00, 0xFF, 0x00, 0x00, 0x00,
        0xFF, 0x00, 0x00, 0x00, 0x97, 0xFF, 0xFF, 0xFF, 0x90, 0x01, 0x00, 0x00, 0xFF, 0x00, 0x00, 0x00,
        0xFF, 0x00, 0x00, 0x00, 0xFF, 0x00, 0x00, 0x00, 0x00, 0x00, 0x00, 0x00, 0x20, 0x03, 0x00, 0x00,
        0xFF, 0x00, 0x00, 0x00, 0xFF, 0x00, 0x00, 0x00, 0xFF, 0x00, 0x00, 0x00, 0x97, 0xFF, 0xFF, 0xFF,
        0x46, 0x49, 0x08, 0x00, 0x04, 0x0C, 0x01, 0x00, 0x20, 0x03, 0x00, 0x00, 0x54, 0x6F, 0x04, 0x00,
        0x07, 0x00, 0x00, 0x00, 0x4B, 0x64, 0x30, 0x00, 0xFF, 0xFF, 0xFF, 0xFF, 0x00, 0xC0, 0x03, 0xC4,
        0x00, 0x80, 0xF5, 0x43, 0x00, 0x00, 0xDC, 0x42, 0x00, 0x00, 0x00, 0x00, 0x00, 0x80, 0x9A, 0x43,
        0x00, 0x40, 0x14, 0xC4, 0x00, 0x00, 0x20, 0xC1, 0x20, 0x03, 0x00, 0x00, 0x00, 0x80, 0x9A, 0x43,
        0x00, 0x40, 0x14, 0xC4, 0x00, 0x00, 0x20, 0xC1, 0x46, 0x49, 0x08, 0x00, 0x04, 0x0C, 0x01, 0x00,
        0x20, 0x03, 0x00, 0x00, 0x54, 0x6F, 0x04, 0x00, 0x0E, 0x00, 0x00, 0x00, 0x4B, 0x64, 0x40, 0x00,
        0xFF, 0xFF, 0xFF, 0xFF, 0x00, 0x00, 0x8C, 0x42, 0x00, 0x00, 0x8C, 0x42, 0x00, 0x00, 0x00, 0x00,
        0x00, 0x00, 0x00, 0x00, 0x00, 0x00, 0x80, 0xC1, 0x00, 0x00, 0x80, 0xC1, 0x00, 0x00, 0x00, 0x00,
        0x90, 0x01, 0x00, 0x00, 0x00, 0x00, 0xC0, 0xC0, 0x00, 0x00, 0xC0, 0xC0, 0x00, 0x00, 0x00, 0x00,
        0x20, 0x03, 0x00, 0x00, 0x00, 0x00, 0x80, 0xC1, 0x00, 0x00, 0x80, 0xC1, 0x00, 0x00, 0x00, 0x00,
        0x46, 0x4F, 0x62, 0xEA, 0xC4, 0x00, 0x00, 0x00, 0x4F, 0x62, 0x6A, 0x44, 0x94, 0x00, 0x00, 0x00,
        0x4F, 0x74, 0x04, 0x00, 0x01, 0x00, 0x00, 0x00, 0x4F, 0x6E, 0x14, 0x00, 0x4C, 0x61, 0x70, 0x43,
        0x6F, 0x75, 0x6E, 0x74, 0x65, 0x72, 0x42, 0x61, 0x63, 0x6B, 0x69, 0x6E, 0x67, 0x5F, 0x32, 0x00,
        0x4F, 0x50, 0x10, 0x00, 0x8E, 0x1E, 0x00, 0x00, 0x9C, 0x3C, 0x6C, 0xA8, 0x00, 0x00, 0x00, 0x40,
        0x14, 0x00, 0x00, 0x00, 0x49, 0x66, 0x04, 0x00, 0x00, 0x00, 0x00, 0x00, 0x53, 0x41, 0x54, 0x00,
        0x00, 0x00, 0x00, 0x00, 0x00, 0x00, 0x00, 0x00, 0x00, 0x00, 0x00, 0x00, 0xBE, 0x00, 0x00, 0x00,
        0x00, 0x00, 0x00, 0x00, 0x00, 0x00, 0x00, 0x00, 0x00, 0x00, 0x00, 0x00, 0x00, 0x00, 0x7A, 0x43,
        0x00, 0x00, 0x38, 0xC2, 0x00, 0x00, 0xF0, 0x42, 0x00, 0x00, 0x00, 0x00, 0x00, 0x00, 0x00, 0x00,
        0x00, 0x00, 0x00, 0x00, 0x00, 0x00, 0x80, 0x3F, 0x00, 0x00, 0x80, 0x43, 0x00, 0x00, 0x00, 0x42,
        0x00, 0x00, 0x00, 0x00, 0x00, 0x00, 0x00, 0x00, 0x00, 0x00, 0x00, 0x00, 0x00, 0x00, 0x80, 0x3F,
        0x00, 0x00, 0x80, 0x3F, 0x53, 0x63, 0x72, 0x70, 0x20, 0x00, 0x00, 0x00, 0x53, 0x6E, 0x08, 0x00,
        0x49, 0x6E, 0x69, 0x74, 0x00, 0x00, 0x00, 0x00, 0x53, 0x68, 0x10, 0x00, 0xB3, 0x44, 0x17, 0x00,
        0x00, 0x00, 0x00, 0x00, 0x00, 0x00, 0x00, 0x00, 0x00, 0x00, 0x00, 0x00, 0x46, 0x4F, 0x62, 0xEA,
        0xF8, 0x00, 0x00, 0x00, 0x4F, 0x62, 0x6A, 0x44, 0xC8, 0x00, 0x00, 0x00, 0x4F, 0x74, 0x04, 0x00,
        0x02, 0x00, 0x00, 0x00, 0x4F, 0x6E, 0x10, 0x00, 0x43, 0x75, 0x72, 0x72, 0x65, 0x6E, 0x74, 0x4C,
        0x61, 0x70, 0x54, 0x69, 0x6D, 0x65, 0x00, 0x00, 0x4F, 0x50, 0x10, 0x00, 0x80, 0x1E, 0x00, 0x00,
        0x2E, 0x80, 0xD9, 0x30, 0x00, 0x00, 0x00, 0x40, 0x11, 0x00, 0x00, 0x00, 0x53, 0x62, 0x04, 0x00,
        0x0F, 0x00, 0x00, 0x00, 0x53, 0x74, 0x14, 0x00, 0x39, 0x00, 0x39, 0x00, 0x39, 0x00, 0x39, 0x00,
        0x39, 0x00, 0x39, 0x00, 0x39, 0x00, 0x39, 0x00, 0x00, 0x00, 0x00, 0x00, 0x53, 0x6A, 0x04, 0x00,
        0x02, 0x00, 0x00, 0x00, 0x53, 0x6C, 0x04, 0x00, 0x00, 0x00, 0x00, 0x00, 0x53, 0x77, 0x04, 0x00,
        0x00, 0x00, 0x00, 0x00, 0x53, 0x4C, 0x0C, 0x00, 0x58, 0x58, 0x58, 0x3A, 0x58, 0x58, 0x58, 0x3A,
        0x58, 0x58, 0x58, 0x00, 0x53, 0x48, 0x04, 0x00, 0xAB, 0x7D, 0xE2, 0xE5, 0x53, 0x41, 0x44, 0x00,
        0xC0, 0x00, 0x00, 0x00, 0xC0, 0x00, 0x00, 0x00, 0xC0, 0x00, 0x00, 0x00, 0xFF, 0x00, 0x00, 0x00,
        0x00, 0x00, 0x00, 0x00, 0x00, 0x00, 0x00, 0x00, 0x00, 0x00, 0x00, 0x00, 0x00, 0x80, 0x8E, 0x43,
        0x00, 0x00, 0x5C, 0xC2, 0x00, 0x00, 0xC8, 0x42, 0x00, 0x00, 0x00, 0x00, 0x00, 0x00, 0x00, 0x00,
        0x00, 0x00, 0x00, 0x00, 0x00, 0x00, 0x80, 0x3F, 0x66, 0x66, 0x66, 0x3F, 0x66, 0x66, 0x66, 0x3F,
        0x00, 0x00, 0x80, 0x3F, 0x53, 0x63, 0x72, 0x70, 0x20, 0x00, 0x00, 0x00, 0x53, 0x6E, 0x08, 0x00,
        0x49, 0x6E, 0x69, 0x74, 0x00, 0x00, 0x00, 0x00, 0x53, 0x68, 0x10, 0x00, 0xB3, 0x44, 0x17, 0x00,
        0x00, 0x00, 0x00, 0x00, 0x00, 0x00, 0x00, 0x00, 0x00, 0x00, 0x00, 0x00, 0x46, 0x4F, 0x62, 0xEA,
        0xF8, 0x00, 0x00, 0x00, 0x4F, 0x62, 0x6A, 0x44, 0xC8, 0x00, 0x00, 0x00, 0x4F, 0x74, 0x04, 0x00,
        0x02, 0x00, 0x00, 0x00, 0x4F, 0x6E, 0x14, 0x00, 0x43, 0x75, 0x72, 0x72, 0x65, 0x6E, 0x74, 0x4C,
        0x61, 0x70, 0x54, 0x69, 0x6D, 0x65, 0x54, 0x65, 0x78, 0x74, 0x00, 0x00, 0x4F, 0x50, 0x10, 0x00,
        0x7E, 0x1E, 0x00, 0x00, 0x33, 0x28, 0x09, 0x05, 0x00, 0x00, 0x00, 0x40, 0x11, 0x00, 0x00, 0x00,
        0x53, 0x62, 0x04, 0x00, 0x0F, 0x00, 0x00, 0x00, 0x53, 0x74, 0x14, 0x00, 0x43, 0x00, 0x75, 0x00,
        0x72, 0x00, 0x72, 0x00, 0x65, 0x00, 0x6E, 0x00, 0x74, 0x00, 0x3A, 0x00, 0x00, 0x00, 0x00, 0x00,
        0x53, 0x6A, 0x04, 0x00, 0x00, 0x00, 0x00, 0x00, 0x53, 0x6C, 0x04, 0x00, 0x00, 0x00, 0x00, 0x00,
        0x53, 0x77, 0x04, 0x00, 0x00, 0x00, 0x00, 0x00, 0x53, 0x4C, 0x08, 0x00, 0x43, 0x55, 0x52, 0x52,
        0x45, 0x4E, 0x54, 0x00, 0x53, 0x48, 0x04, 0x00, 0x62, 0x8F, 0x7C, 0x05, 0x53, 0x41, 0x44, 0x00,
        0xC0, 0x00, 0x00, 0x00, 0xC0, 0x00, 0x00, 0x00, 0xC0, 0x00, 0x00, 0x00, 0xFF, 0x00, 0x00, 0x00,
        0x00, 0x00, 0x00, 0x00, 0x00, 0x00, 0x00, 0x00, 0x00, 0x00, 0x00, 0x00, 0x00, 0x00, 0x0A, 0x43,
        0x00, 0x00, 0x5C, 0xC2, 0x00, 0x00, 0xC8, 0x42, 0x00, 0x00, 0x00, 0x00, 0x00, 0x00, 0x00, 0x00,
        0x00, 0x00, 0x00, 0x00, 0x00, 0x00, 0x80, 0x3F, 0x66, 0x66, 0x66, 0x3F, 0x66, 0x66, 0x66, 0x3F,
        0x00, 0x00, 0x80, 0x3F, 0x53, 0x63, 0x72, 0x70, 0x20, 0x00, 0x00, 0x00, 0x53, 0x6E, 0x08, 0x00,
        0x49, 0x6E, 0x69, 0x74, 0x00, 0x00, 0x00, 0x00, 0x53, 0x68, 0x10, 0x00, 0xB3, 0x44, 0x17, 0x00,
        0x00, 0x00, 0x00, 0x00, 0x00, 0x00, 0x00, 0x00, 0x00, 0x00, 0x00, 0x00, 0x46, 0x4F, 0x62, 0xEA,
        0xF4, 0x00, 0x00, 0x00, 0x4F, 0x62, 0x6A, 0x44, 0xC4, 0x00, 0x00, 0x00, 0x4F, 0x74, 0x04, 0x00,
        0x02, 0x00, 0x00, 0x00, 0x4F, 0x6E, 0x0C, 0x00, 0x42, 0x65, 0x73, 0x74, 0x4C, 0x61, 0x70, 0x54,
        0x69, 0x6D, 0x65, 0x00, 0x4F, 0x50, 0x10, 0x00, 0x77, 0x1E, 0x00, 0x00, 0x79, 0x4B, 0x7F, 0x09,
        0x00, 0x00, 0x00, 0x40, 0x11, 0x00, 0x00, 0x00, 0x53, 0x62, 0x04, 0x00, 0x0F, 0x00, 0x00, 0x00,
        0x53, 0x74, 0x14, 0x00, 0x39, 0x00, 0x39, 0x00, 0x39, 0x00, 0x39, 0x00, 0x39, 0x00, 0x39, 0x00,
        0x39, 0x00, 0x39, 0x00, 0x00, 0x00, 0x00, 0x00, 0x53, 0x6A, 0x04, 0x00, 0x02, 0x00, 0x00, 0x00,
        0x53, 0x6C, 0x04, 0x00, 0x00, 0x00, 0x00, 0x00, 0x53, 0x77, 0x04, 0x00, 0x00, 0x00, 0x00, 0x00,
        0x53, 0x4C, 0x0C, 0x00, 0x58, 0x58, 0x58, 0x3A, 0x58, 0x58, 0x58, 0x3A, 0x58, 0x58, 0x58, 0x00,
        0x53, 0x48, 0x04, 0x00, 0xAB, 0x7D, 0xE2, 0xE5, 0x53, 0x41, 0x44, 0x00, 0xFF, 0x00, 0x00, 0x00,
        0xBE, 0x00, 0x00, 0x00, 0x96, 0x00, 0x00, 0x00, 0xFF, 0x00, 0x00, 0x00, 0x00, 0x00, 0x00, 0x00,
        0x00, 0x00, 0x00, 0x00, 0x00, 0x00, 0x00, 0x00, 0x00, 0x00, 0x14, 0x44, 0x00, 0x00, 0x68, 0xC2,
        0x00, 0x00, 0xC8, 0x42, 0x00, 0x00, 0x00, 0x00, 0x00, 0x00, 0x00, 0x00, 0x00, 0x00, 0x00, 0x00,
        0x00, 0x00, 0x80, 0x3F, 0x66, 0x66, 0x66, 0x3F, 0x66, 0x66, 0x66, 0x3F, 0x00, 0x00, 0x80, 0x3F,
        0x53, 0x63, 0x72, 0x70, 0x20, 0x00, 0x00, 0x00, 0x53, 0x6E, 0x08, 0x00, 0x49, 0x6E, 0x69, 0x74,
        0x00, 0x00, 0x00, 0x00, 0x53, 0x68, 0x10, 0x00, 0xB3, 0x44, 0x17, 0x00, 0x00, 0x00, 0x00, 0x00,
        0x00, 0x00, 0x00, 0x00, 0x00, 0x00, 0x00, 0x00, 0x46, 0x4F, 0x62, 0xEA, 0xF4, 0x00, 0x00, 0x00,
        0x4F, 0x62, 0x6A, 0x44, 0xC4, 0x00, 0x00, 0x00, 0x4F, 0x74, 0x04, 0x00, 0x02, 0x00, 0x00, 0x00,
        0x4F, 0x6E, 0x10, 0x00, 0x42, 0x65, 0x73, 0x74, 0x4C, 0x61, 0x70, 0x54, 0x69, 0x6D, 0x65, 0x54,
        0x65, 0x78, 0x74, 0x00, 0x4F, 0x50, 0x10, 0x00, 0x73, 0x1E, 0x00, 0x00, 0xFE, 0xA0, 0xE9, 0x06,
        0x00, 0x00, 0x00, 0x40, 0x11, 0x00, 0x00, 0x00, 0x53, 0x62, 0x04, 0x00, 0x0F, 0x00, 0x00, 0x00,
        0x53, 0x74, 0x0C, 0x00, 0x42, 0x00, 0x65, 0x00, 0x73, 0x00, 0x74, 0x00, 0x3A, 0x00, 0x00, 0x00,
        0x53, 0x6A, 0x04, 0x00, 0x00, 0x00, 0x00, 0x00, 0x53, 0x6C, 0x04, 0x00, 0x00, 0x00, 0x00, 0x00,
        0x53, 0x77, 0x04, 0x00, 0x00, 0x00, 0x00, 0x00, 0x53, 0x4C, 0x10, 0x00, 0x42, 0x45, 0x53, 0x54,
        0x5F, 0x4C, 0x41, 0x50, 0x5F, 0x54, 0x45, 0x58, 0x54, 0x00, 0x00, 0x00, 0x53, 0x48, 0x04, 0x00,
        0x0D, 0x62, 0x24, 0xA8, 0x53, 0x41, 0x44, 0x00, 0xFF, 0x00, 0x00, 0x00, 0xBE, 0x00, 0x00, 0x00,
        0x96, 0x00, 0x00, 0x00, 0xFF, 0x00, 0x00, 0x00, 0x00, 0x00, 0x00, 0x00, 0x00, 0x00, 0x00, 0x00,
        0x00, 0x00, 0x00, 0x00, 0x00, 0x00, 0xDE, 0x43, 0x00, 0x00, 0x68, 0xC2, 0x00, 0x00, 0xC8, 0x42,
        0x00, 0x00, 0x00, 0x00, 0x00, 0x00, 0x00, 0x00, 0x00, 0x00, 0x00, 0x00, 0x00, 0x00, 0x80, 0x3F,
        0x66, 0x66, 0x66, 0x3F, 0x66, 0x66, 0x66, 0x3F, 0x00, 0x00, 0x80, 0x3F, 0x53, 0x63, 0x72, 0x70,
        0x20, 0x00, 0x00, 0x00, 0x53, 0x6E, 0x08, 0x00, 0x49, 0x6E, 0x69, 0x74, 0x00, 0x00, 0x00, 0x00,
        0x53, 0x68, 0x10, 0x00, 0xB3, 0x44, 0x17, 0x00, 0x00, 0x00, 0x00, 0x00, 0x00, 0x00, 0x00, 0x00,
        0x00, 0x00, 0x00, 0x00, 0x46, 0x4F, 0x62, 0xEA, 0xE0, 0x00, 0x00, 0x00, 0x4F, 0x62, 0x6A, 0x44,
        0xB0, 0x00, 0x00, 0x00, 0x4F, 0x74, 0x04, 0x00, 0x02, 0x00, 0x00, 0x00, 0x4F, 0x6E, 0x0C, 0x00,
        0x4E, 0x75, 0x6D, 0x62, 0x65, 0x72, 0x4C, 0x61, 0x70, 0x73, 0x00, 0x00, 0x4F, 0x50, 0x10, 0x00,
        0x6C, 0x1E, 0x00, 0x00, 0x38, 0x52, 0x68, 0xF2, 0x00, 0x00, 0x00, 0x40, 0x0D, 0x00, 0x00, 0x00,
        0x53, 0x62, 0x04, 0x00, 0x0F, 0x00, 0x00, 0x00, 0x53, 0x74, 0x08, 0x00, 0x2F, 0x00, 0x38, 0x00,
        0x30, 0x00, 0x00, 0x00, 0x53, 0x6A, 0x04, 0x00, 0x00, 0x00, 0x00, 0x00, 0x53, 0x6C, 0x04, 0x00,
        0x00, 0x00, 0x00, 0x00, 0x53, 0x77, 0x04, 0x00, 0x00, 0x00, 0x00, 0x00, 0x53, 0x4C, 0x04, 0x00,
        0x2F, 0x38, 0x00, 0x00, 0x53, 0x48, 0x04, 0x00, 0x06, 0x02, 0x00, 0x00, 0x53, 0x41, 0x44, 0x00,
        0xC0, 0x00, 0x00, 0x00, 0xC0, 0x00, 0x00, 0x00, 0xC0, 0x00, 0x00, 0x00, 0xFF, 0x00, 0x00, 0x00,
        0x00, 0x00, 0x00, 0x00, 0x00, 0x00, 0x00, 0x00, 0x00, 0x00, 0x00, 0x00, 0x00, 0x00, 0x70, 0x43,
        0x00, 0x00, 0x21, 0xC3, 0x00, 0x00, 0xC8, 0x42, 0x00, 0x00, 0x00, 0x00, 0x00, 0x00, 0x00, 0x00,
        0x00, 0x00, 0x00, 0x00, 0x00, 0x00, 0x80, 0x3F, 0x9A, 0x99, 0x19, 0x3F, 0x9A, 0x99, 0x19, 0x3F,
        0x00, 0x00, 0x80, 0x3F, 0x53, 0x63, 0x72, 0x70, 0x20, 0x00, 0x00, 0x00, 0x53, 0x6E, 0x08, 0x00,
        0x49, 0x6E, 0x69, 0x74, 0x00, 0x00, 0x00, 0x00, 0x53, 0x68, 0x10, 0x00, 0xB3, 0x44, 0x17, 0x00,
        0x00, 0x00, 0x00, 0x00, 0x00, 0x00, 0x00, 0x00, 0x00, 0x00, 0x00, 0x00, 0x46, 0x4F, 0x62, 0xEA,
        0xE0, 0x00, 0x00, 0x00, 0x4F, 0x62, 0x6A, 0x44, 0xB0, 0x00, 0x00, 0x00, 0x4F, 0x74, 0x04, 0x00,
        0x02, 0x00, 0x00, 0x00, 0x4F, 0x6E, 0x0C, 0x00, 0x4C, 0x61, 0x70, 0x4E, 0x75, 0x6D, 0x62, 0x65,
        0x72, 0x00, 0x00, 0x00, 0x4F, 0x50, 0x10, 0x00, 0x6A, 0x1E, 0x00, 0x00, 0xA5, 0xE3, 0xF0, 0x57,
        0x00, 0x00, 0x00, 0x40, 0x0D, 0x00, 0x00, 0x00, 0x53, 0x62, 0x04, 0x00, 0x0F, 0x00, 0x00, 0x00,
        0x53, 0x74, 0x08, 0x00, 0x31, 0x00, 0x30, 0x00, 0x00, 0x00, 0x00, 0x00, 0x53, 0x6A, 0x04, 0x00,
        0x00, 0x00, 0x00, 0x00, 0x53, 0x6C, 0x04, 0x00, 0x00, 0x00, 0x00, 0x00, 0x53, 0x77, 0x04, 0x00,
        0x00, 0x00, 0x00, 0x00, 0x53, 0x4C, 0x04, 0x00, 0x38, 0x00, 0x00, 0x00, 0x53, 0x48, 0x04, 0x00,
        0x17, 0x00, 0x00, 0x00, 0x53, 0x41, 0x44, 0x00, 0xC0, 0x00, 0x00, 0x00, 0xC0, 0x00, 0x00, 0x00,
        0xC0, 0x00, 0x00, 0x00, 0xFF, 0x00, 0x00, 0x00, 0x00, 0x00, 0x00, 0x00, 0x00, 0x00, 0x00, 0x00,
        0x00, 0x00, 0x00, 0x00, 0x00, 0x00, 0x59, 0x43, 0x00, 0x00, 0x21, 0xC3, 0x00, 0x00, 0xC8, 0x42,
        0x00, 0x00, 0x00, 0x00, 0x00, 0x00, 0x00, 0x00, 0x00, 0x00, 0x00, 0x00, 0x00, 0x00, 0x80, 0x3F,
        0x9A, 0x99, 0x19, 0x3F, 0x9A, 0x99, 0x19, 0x3F, 0x00, 0x00, 0x80, 0x3F, 0x53, 0x63, 0x72, 0x70,
        0x20, 0x00, 0x00, 0x00, 0x53, 0x6E, 0x08, 0x00, 0x49, 0x6E, 0x69, 0x74, 0x00, 0x00, 0x00, 0x00,
        0x53, 0x68, 0x10, 0x00, 0xB3, 0x44, 0x17, 0x00, 0x00, 0x00, 0x00, 0x00, 0x00, 0x00, 0x00, 0x00,
        0x00, 0x00, 0x00, 0x00, 0x46, 0x4F, 0x62, 0xEA, 0xE4, 0x00, 0x00, 0x00, 0x4F, 0x62, 0x6A, 0x44,
        0xB4, 0x00, 0x00, 0x00, 0x4F, 0x74, 0x04, 0x00, 0x02, 0x00, 0x00, 0x00, 0x4F, 0x6E, 0x08, 0x00,
        0x4C, 0x61, 0x70, 0x54, 0x65, 0x78, 0x74, 0x00, 0x4F, 0x50, 0x10, 0x00, 0x66, 0x1E, 0x00, 0x00,
        0xA1, 0x6E, 0x7E, 0x8B, 0x00, 0x00, 0x00, 0x40, 0x0D, 0x00, 0x00, 0x00, 0x53, 0x62, 0x04, 0x00,
        0x0F, 0x00, 0x00, 0x00, 0x53, 0x74, 0x0C, 0x00, 0x4C, 0x00, 0x61, 0x00, 0x70, 0x00, 0x73, 0x00,
        0x00, 0x00, 0x00, 0x00, 0x53, 0x6A, 0x04, 0x00, 0x00, 0x00, 0x00, 0x00, 0x53, 0x6C, 0x04, 0x00,
        0x00, 0x00, 0x00, 0x00, 0x53, 0x77, 0x04, 0x00, 0x00, 0x00, 0x00, 0x00, 0x53, 0x4C, 0x08, 0x00,
        0x4C, 0x41, 0x50, 0x53, 0x00, 0x00, 0x00, 0x00, 0x53, 0x48, 0x04, 0x00, 0x6F, 0xB3, 0x18, 0x00,
        0x53, 0x41, 0x44, 0x00, 0xC0, 0x00, 0x00, 0x00, 0xC0, 0x00, 0x00, 0x00, 0xC0, 0x00, 0x00, 0x00,
        0xFF, 0x00, 0x00, 0x00, 0x00, 0x00, 0x00, 0x00, 0x00, 0x00, 0x00, 0x00, 0x00, 0x00, 0x00, 0x00,
        0x00, 0x00, 0x18, 0x43, 0x00, 0x00, 0x22, 0xC3, 0x00, 0x00, 0xC8, 0x42, 0x00, 0x00, 0x00, 0x00,
        0x00, 0x00, 0x00, 0x00, 0x00, 0x00, 0x00, 0x00, 0x00, 0x00, 0x80, 0x3F, 0x9A, 0x99, 0x19, 0x3F,
        0x9A, 0x99, 0x19, 0x3F, 0x00, 0x00, 0x80, 0x3F, 0x53, 0x63, 0x72, 0x70, 0x20, 0x00, 0x00, 0x00,
        0x53, 0x6E, 0x08, 0x00, 0x49, 0x6E, 0x69, 0x74, 0x00, 0x00, 0x00, 0x00, 0x53, 0x68, 0x10, 0x00,
        0xB3, 0x44, 0x17, 0x00, 0x00, 0x00, 0x00, 0x00, 0x00, 0x00, 0x00, 0x00, 0x00, 0x00, 0x00, 0x00,
        0x46, 0x4F, 0x62, 0xEA, 0xC8, 0x00, 0x00, 0x00, 0x4F, 0x62, 0x6A, 0x44, 0x98, 0x00, 0x00, 0x00,
        0x4F, 0x74, 0x04, 0x00, 0x01, 0x00, 0x00, 0x00, 0x4F, 0x6E, 0x18, 0x00, 0x74, 0x72, 0x61, 0x63,
        0x6B, 0x5F, 0x6D, 0x61, 0x70, 0x5F, 0x70, 0x6C, 0x61, 0x63, 0x65, 0x68, 0x6F, 0x6C, 0x64, 0x65,
        0x72, 0x00, 0x00, 0x00, 0x4F, 0x50, 0x10, 0x00, 0xF4, 0x1D, 0x00, 0x00, 0x93, 0x87, 0xD2, 0x24,
        0x00, 0x00, 0x00, 0x40, 0xFF, 0xFF, 0xFF, 0xFF, 0x49, 0x66, 0x04, 0x00, 0x00, 0x00, 0x00, 0x00,
        0x53, 0x41, 0x54, 0x00, 0xFF, 0x00, 0x00, 0x00, 0xFF, 0x00, 0x00, 0x00, 0xFF, 0x00, 0x00, 0x00,
        0xFF, 0x00, 0x00, 0x00, 0x00, 0x00, 0x00, 0x00, 0x00, 0x00, 0x00, 0x00, 0x00, 0x00, 0x00, 0x00,
        0x00, 0x00, 0xA8, 0x43, 0x00, 0x00, 0xBF, 0x43, 0x00, 0x00, 0xC8, 0x42, 0x00, 0x00, 0x00, 0x00,
        0x00, 0x00, 0x00, 0x00, 0x00, 0x00, 0x00, 0x00, 0x00, 0x00, 0x80, 0x3F, 0x00, 0x00, 0x00, 0x43,
        0x00, 0x00, 0x00, 0x43, 0x00, 0x00, 0x00, 0x00, 0x00, 0x00, 0x00, 0x00, 0x00, 0x00, 0x00, 0x00,
        0x00, 0x00, 0x80, 0x3F, 0x00, 0x00, 0x80, 0x3F, 0x53, 0x63, 0x72, 0x70, 0x20, 0x00, 0x00, 0x00,
        0x53, 0x6E, 0x08, 0x00, 0x49, 0x6E, 0x69, 0x74, 0x00, 0x00, 0x00, 0x00, 0x53, 0x68, 0x10, 0x00,
        0xB3, 0x44, 0x17, 0x00, 0x00, 0x00, 0x00, 0x00, 0x00, 0x00, 0x00, 0x00, 0x00, 0x00, 0x00, 0x00,
        0x46, 0x4F, 0x62, 0xEA, 0xA4, 0x00, 0x00, 0x00, 0x4F, 0x62, 0x6A, 0x44, 0x74, 0x00, 0x00, 0x00,
        0x4F, 0x74, 0x04, 0x00, 0x05, 0x00, 0x00, 0x00, 0x4F, 0x6E, 0x0C, 0x00, 0x50, 0x4F, 0x53, 0x49,
        0x54, 0x49, 0x4F, 0x4E, 0x00, 0x00, 0x00, 0x00, 0x4F, 0x50, 0x10, 0x00, 0xD0, 0x1D, 0x00, 0x00,
        0xB4, 0x4E, 0x43, 0xE8, 0x00, 0x00, 0x00, 0x40, 0xFF, 0xFF, 0xFF, 0xFF, 0x53, 0x41, 0x44, 0x00,
        0xFF, 0x00, 0x00, 0x00, 0xFF, 0x00, 0x00, 0x00, 0xFF, 0x00, 0x00, 0x00, 0xFF, 0x00, 0x00, 0x00,
        0x00, 0x00, 0x00, 0x00, 0x00, 0x00, 0x00, 0x00, 0x00, 0x00, 0x00, 0x00, 0x00, 0x00, 0x55, 0x43,
        0x00, 0x00, 0x60, 0xC3, 0x00, 0x00, 0xC8, 0x42, 0x00, 0x00, 0x00, 0x00, 0x00, 0x00, 0x00, 0x00,
        0x00, 0x00, 0x00, 0x00, 0x00, 0x00, 0x80, 0x3F, 0x00, 0x00, 0x80, 0x3F, 0x00, 0x00, 0x80, 0x3F,
        0x00, 0x00, 0x80, 0x3F, 0x53, 0x63, 0x72, 0x70, 0x20, 0x00, 0x00, 0x00, 0x53, 0x6E, 0x08, 0x00,
        0x49, 0x6E, 0x69, 0x74, 0x00, 0x00, 0x00, 0x00, 0x53, 0x68, 0x10, 0x00, 0xB3, 0x44, 0x17, 0x00,
        0x00, 0x00, 0x00, 0x00, 0x00, 0x00, 0x00, 0x00, 0x00, 0x00, 0x00, 0x00, 0x46, 0x4F, 0x62, 0xEA,
        0xF8, 0x00, 0x00, 0x00, 0x4F, 0x62, 0x6A, 0x44, 0xC8, 0x00, 0x00, 0x00, 0x4F, 0x74, 0x04, 0x00,
        0x02, 0x00, 0x00, 0x00, 0x4F, 0x6E, 0x14, 0x00, 0x52, 0x61, 0x63, 0x65, 0x50, 0x6F, 0x73, 0x69,
        0x74, 0x69, 0x6F, 0x6E, 0x4E, 0x75, 0x6D, 0x62, 0x65, 0x72, 0x00, 0x00, 0x4F, 0x50, 0x10, 0x00,
        0xC2, 0x1D, 0x00, 0x00, 0xF8, 0x3B, 0x18, 0x9C, 0x00, 0x00, 0x00, 0x40, 0x0D, 0x00, 0x00, 0x00,
        0x50, 0x41, 0x04, 0x00, 0xD0, 0x1D, 0x00, 0x00, 0x53, 0x62, 0x04, 0x00, 0x0F, 0x00, 0x00, 0x00,
        0x53, 0x74, 0x04, 0x00, 0x38, 0x00, 0x00, 0x00, 0x53, 0x6A, 0x04, 0x00, 0x02, 0x00, 0x00, 0x00,
        0x53, 0x6C, 0x04, 0x00, 0x00, 0x00, 0x00, 0x00, 0x53, 0x77, 0x04, 0x00, 0x00, 0x00, 0x00, 0x00,
        0x53, 0x4C, 0x10, 0x00, 0x52, 0x41, 0x43, 0x45, 0x5F, 0x50, 0x4F, 0x53, 0x49, 0x54, 0x49, 0x4F,
        0x4E, 0x00, 0x00, 0x00, 0x53, 0x48, 0x04, 0x00, 0x4E, 0xC4, 0x05, 0x34, 0x53, 0x41, 0x44, 0x00,
        0xC0, 0x00, 0x00, 0x00, 0xC0, 0x00, 0x00, 0x00, 0xC0, 0x00, 0x00, 0x00, 0xFF, 0x00, 0x00, 0x00,
        0x00, 0x00, 0x00, 0x00, 0x00, 0x00, 0x00, 0x00, 0x00, 0x00, 0x00, 0x00, 0x00, 0x00, 0x20, 0xC2,
        0x00, 0x00, 0xC0, 0x41, 0x00, 0x00, 0xC0, 0xC0, 0x00, 0x00, 0x00, 0x00, 0x00, 0x00, 0x00, 0x00,
        0x00, 0x00, 0x00, 0x00, 0x00, 0x00, 0x80, 0x3F, 0x00, 0x00, 0x80, 0x3F, 0x00, 0x00, 0x80, 0x3F,
        0x00, 0x00, 0x80, 0x3F, 0x53, 0x63, 0x72, 0x70, 0x20, 0x00, 0x00, 0x00, 0x53, 0x6E, 0x08, 0x00,
        0x49, 0x6E, 0x69, 0x74, 0x00, 0x00, 0x00, 0x00, 0x53, 0x68, 0x10, 0x00, 0xB3, 0x44, 0x17, 0x00,
        0x00, 0x00, 0x00, 0x00, 0x00, 0x00, 0x00, 0x00, 0x00, 0x00, 0x00, 0x00, 0x46, 0x4F, 0x62, 0xEA,
        0xEC, 0x00, 0x00, 0x00, 0x4F, 0x62, 0x6A, 0x44, 0xBC, 0x00, 0x00, 0x00, 0x4F, 0x74, 0x04, 0x00,
        0x02, 0x00, 0x00, 0x00, 0x4F, 0x6E, 0x10, 0x00, 0x52, 0x61, 0x63, 0x65, 0x50, 0x6F, 0x73, 0x69,
        0x74, 0x69, 0x6F, 0x6E, 0x4E, 0x74, 0x68, 0x00, 0x4F, 0x50, 0x10, 0x00, 0xC5, 0x1D, 0x00, 0x00,
        0x39, 0x42, 0xF2, 0x44, 0x00, 0x00, 0x00, 0x40, 0x0D, 0x00, 0x00, 0x00, 0x50, 0x41, 0x04, 0x00,
        0xD0, 0x1D, 0x00, 0x00, 0x53, 0x62, 0x04, 0x00, 0x0F, 0x00, 0x00, 0x00, 0x53, 0x74, 0x08, 0x00,
        0x6E, 0x00, 0x64, 0x00, 0x00, 0x00, 0x00, 0x00, 0x53, 0x6A, 0x04, 0x00, 0x00, 0x00, 0x00, 0x00,
        0x53, 0x6C, 0x04, 0x00, 0x00, 0x00, 0x00, 0x00, 0x53, 0x77, 0x04, 0x00, 0x00, 0x00, 0x00, 0x00,
        0x53, 0x4C, 0x04, 0x00, 0x53, 0x54, 0x00, 0x00, 0x53, 0x48, 0x04, 0x00, 0xC6, 0x06, 0x00, 0x00,
        0x53, 0x41, 0x44, 0x00, 0xC0, 0x00, 0x00, 0x00, 0xC0, 0x00, 0x00, 0x00, 0xC0, 0x00, 0x00, 0x00,
        0xFF, 0x00, 0x00, 0x00, 0x00, 0x00, 0x00, 0x00, 0x00, 0x00, 0x00, 0x00, 0x00, 0x00, 0x00, 0x00,
        0x00, 0x00, 0x10, 0xC2, 0x00, 0x00, 0xC0, 0x41, 0x00, 0x00, 0x00, 0xC0, 0x00, 0x00, 0x00, 0x00,
        0x00, 0x00, 0x00, 0x00, 0x00, 0x00, 0x00, 0x00, 0x00, 0x00, 0x80, 0x3F, 0x33, 0x33, 0x33, 0x3F,
        0x33, 0x33, 0x33, 0x3F, 0x00, 0x00, 0x80, 0x3F, 0x53, 0x63, 0x72, 0x70, 0x20, 0x00, 0x00, 0x00,
        0x53, 0x6E, 0x08, 0x00, 0x49, 0x6E, 0x69, 0x74, 0x00, 0x00, 0x00, 0x00, 0x53, 0x68, 0x10, 0x00,
        0xB3, 0x44, 0x17, 0x00, 0x00, 0x00, 0x00, 0x00, 0x00, 0x00, 0x00, 0x00, 0x00, 0x00, 0x00, 0x00,
        0x46, 0x4F, 0x62, 0xEA, 0xEC, 0x00, 0x00, 0x00, 0x4F, 0x62, 0x6A, 0x44, 0xBC, 0x00, 0x00, 0x00,
        0x4F, 0x74, 0x04, 0x00, 0x02, 0x00, 0x00, 0x00, 0x4F, 0x6E, 0x10, 0x00, 0x4E, 0x75, 0x6D, 0x62,
        0x65, 0x72, 0x52, 0x61, 0x63, 0x65, 0x72, 0x73, 0x00, 0x00, 0x00, 0x00, 0x4F, 0x50, 0x10, 0x00,
        0xC8, 0x1D, 0x00, 0x00, 0x68, 0x62, 0xBD, 0x3B, 0x00, 0x00, 0x00, 0x40, 0x0D, 0x00, 0x00, 0x00,
        0x50, 0x41, 0x04, 0x00, 0xD0, 0x1D, 0x00, 0x00, 0x53, 0x62, 0x04, 0x00, 0x0F, 0x00, 0x00, 0x00,
        0x53, 0x74, 0x08, 0x00, 0x2F, 0x00, 0x38, 0x00, 0x00, 0x00, 0x00, 0x00, 0x53, 0x6A, 0x04, 0x00,
        0x00, 0x00, 0x00, 0x00, 0x53, 0x6C, 0x04, 0x00, 0x00, 0x00, 0x00, 0x00, 0x53, 0x77, 0x04, 0x00,
        0x00, 0x00, 0x00, 0x00, 0x53, 0x4C, 0x04, 0x00, 0x2F, 0x34, 0x00, 0x00, 0x53, 0x48, 0x04, 0x00,
        0x02, 0x02, 0x00, 0x00, 0x53, 0x41, 0x44, 0x00, 0xC0, 0x00, 0x00, 0x00, 0xC0, 0x00, 0x00, 0x00,
        0xC0, 0x00, 0x00, 0x00, 0xFF, 0x00, 0x00, 0x00, 0x00, 0x00, 0x00, 0x00, 0x00, 0x00, 0x00, 0x00,
        0x00, 0x00, 0x00, 0x00, 0x00, 0x00, 0x20, 0xC1, 0x00, 0x00, 0xC0, 0x41, 0x00, 0x00, 0x00, 0x00,
        0x00, 0x00, 0x00, 0x00, 0x00, 0x00, 0x00, 0x00, 0x00, 0x00, 0x00, 0x00, 0x00, 0x00, 0x80, 0x3F,
        0x33, 0x33, 0x33, 0x3F, 0x33, 0x33, 0x33, 0x3F, 0x00, 0x00, 0x80, 0x3F, 0x53, 0x63, 0x72, 0x70,
        0x20, 0x00, 0x00, 0x00, 0x53, 0x6E, 0x08, 0x00, 0x49, 0x6E, 0x69, 0x74, 0x00, 0x00, 0x00, 0x00,
        0x53, 0x68, 0x10, 0x00, 0xB3, 0x44, 0x17, 0x00, 0x00, 0x00, 0x00, 0x00, 0x00, 0x00, 0x00, 0x00,
        0x00, 0x00, 0x00, 0x00, 0x46, 0x4F, 0x62, 0xEA, 0xA0, 0x00, 0x00, 0x00, 0x4F, 0x62, 0x6A, 0x44,
        0x70, 0x00, 0x00, 0x00, 0x4F, 0x74, 0x04, 0x00, 0x05, 0x00, 0x00, 0x00, 0x4F, 0x6E, 0x08, 0x00,
        0x4E, 0x4F, 0x53, 0x5F, 0x34, 0x00, 0x00, 0x00, 0x4F, 0x50, 0x10, 0x00, 0xA3, 0x1F, 0x00, 0x00,
        0x22, 0x0E, 0x5B, 0x03, 0x00, 0x00, 0x00, 0x40, 0xFF, 0xFF, 0xFF, 0xFF, 0x53, 0x41, 0x44, 0x00,
        0x00, 0x00, 0x00, 0x00, 0xFF, 0x00, 0x00, 0x00, 0x00, 0x00, 0x00, 0x00, 0xFF, 0x00, 0x00, 0x00,
        0x00, 0x00, 0x00, 0x00, 0x00, 0x00, 0x00, 0x00, 0x00, 0x00, 0x00, 0x00, 0x00, 0x00, 0x65, 0xC3,
        0x00, 0x80, 0x92, 0x43, 0x00, 0x00, 0xC8, 0x42, 0x00, 0x00, 0x00, 0x00, 0x00, 0x00, 0x00, 0x00,
        0x00, 0x00, 0x00, 0x00, 0x00, 0x00, 0x80, 0x3F, 0x00, 0x00, 0x80, 0x3F, 0x00, 0x00, 0x80, 0x3F,
        0x00, 0x00, 0x80, 0x3F, 0x53, 0x63, 0x72, 0x70, 0x20, 0x00, 0x00, 0x00, 0x53, 0x6E, 0x08, 0x00,
        0x49, 0x6E, 0x69, 0x74, 0x00, 0x00, 0x00, 0x00, 0x53, 0x68, 0x10, 0x00, 0xB3, 0x44, 0x17, 0x00,
        0x00, 0x00, 0x00, 0x00, 0x00, 0x00, 0x00, 0x00, 0x00, 0x00, 0x00, 0x00, 0x46, 0x4F, 0x62, 0xEA,
        0xA8, 0x00, 0x00, 0x00, 0x4F, 0x62, 0x6A, 0x44, 0x78, 0x00, 0x00, 0x00, 0x4F, 0x74, 0x04, 0x00,
        0x05, 0x00, 0x00, 0x00, 0x4F, 0x6E, 0x10, 0x00, 0x50, 0x6F, 0x73, 0x69, 0x74, 0x69, 0x6F, 0x6E,
        0x43, 0x6F, 0x75, 0x6E, 0x74, 0x65, 0x72, 0x00, 0x4F, 0x50, 0x10, 0x00, 0xDB, 0x48, 0x00, 0x00,
        0x54, 0x03, 0xFD, 0xAF, 0x00, 0x00, 0x00, 0x40, 0xFF, 0xFF, 0xFF, 0xFF, 0x53, 0x41, 0x44, 0x00,
        0xFF, 0x00, 0x00, 0x00, 0xFF, 0x00, 0x00, 0x00, 0xFF, 0x00, 0x00, 0x00, 0xFF, 0x00, 0x00, 0x00,
        0x00, 0x00, 0x00, 0x00, 0x00, 0x00, 0x00, 0x00, 0x00, 0x00, 0x00, 0x00, 0x00, 0x00, 0x98, 0x43,
        0x00, 0x00, 0x9A, 0xC3, 0x00, 0x00, 0xDC, 0x42, 0x00, 0x00, 0x00, 0x00, 0x00, 0x00, 0x00, 0x00,
        0x00, 0x00, 0x00, 0x00, 0x00, 0x00, 0x80, 0x3F, 0x00, 0x00, 0x80, 0x3F, 0x00, 0x00, 0x80, 0x3F,
        0x00, 0x00, 0x80, 0x3F, 0x53, 0x63, 0x72, 0x70, 0x20, 0x00, 0x00, 0x00, 0x53, 0x6E, 0x08, 0x00,
        0x49, 0x6E, 0x69, 0x74, 0x00, 0x00, 0x00, 0x00, 0x53, 0x68, 0x10, 0x00, 0xB3, 0x44, 0x17, 0x00,
        0x00, 0x00, 0x00, 0x00, 0x00, 0x00, 0x00, 0x00, 0x00, 0x00, 0x00, 0x00, 0x46, 0x4F, 0x62, 0xEA,
        0xA0, 0x00, 0x00, 0x00, 0x4F, 0x62, 0x6A, 0x44, 0x70, 0x00, 0x00, 0x00, 0x4F, 0x74, 0x04, 0x00,
        0x05, 0x00, 0x00, 0x00, 0x4F, 0x6E, 0x08, 0x00, 0x47, 0x72, 0x6F, 0x75, 0x70, 0x00, 0x00, 0x00,
        0x4F, 0x50, 0x10, 0x00, 0x79, 0x4D, 0x00, 0x00, 0x8C, 0xF5, 0xDD, 0x02, 0x00, 0x00, 0x00, 0x40,
        0xFF, 0xFF, 0xFF, 0xFF, 0x53, 0x41, 0x44, 0x00, 0xFF, 0x00, 0x00, 0x00, 0xFF, 0x00, 0x00, 0x00,
        0xFF, 0x00, 0x00, 0x00, 0xFF, 0x00, 0x00, 0x00, 0x00, 0x00, 0x00, 0x00, 0x00, 0x00, 0x00, 0x00,
        0x00, 0x00, 0x00, 0x00, 0xAB, 0xAA, 0x0D, 0x43, 0x55, 0xD5, 0x4D, 0x43, 0x55, 0x55, 0xCB, 0x42,
        0x00, 0x00, 0x00, 0x00, 0x00, 0x00, 0x00, 0x00, 0x00, 0x00, 0x00, 0x00, 0x00, 0x00, 0x80, 0x3F,
        0x00, 0x00, 0x80, 0x3F, 0x00, 0x00, 0x80, 0x3F, 0x00, 0x00, 0x80, 0x3F, 0x53, 0x63, 0x72, 0x70,
        0x20, 0x00, 0x00, 0x00, 0x53, 0x6E, 0x08, 0x00, 0x49, 0x6E, 0x69, 0x74, 0x00, 0x00, 0x00, 0x00,
        0x53, 0x68, 0x10, 0x00, 0xB3, 0x44, 0x17, 0x00, 0x00, 0x00, 0x00, 0x00, 0x00, 0x00, 0x00, 0x00,
        0x00, 0x00, 0x00, 0x00, 0x46, 0x4F, 0x62, 0xEA, 0xC0, 0x00, 0x00, 0x00, 0x4F, 0x62, 0x6A, 0x44,
        0x90, 0x00, 0x00, 0x00, 0x4F, 0x74, 0x04, 0x00, 0x01, 0x00, 0x00, 0x00, 0x4F, 0x6E, 0x10, 0x00,
        0x4C, 0x42, 0x54, 0x65, 0x78, 0x74, 0x42, 0x61, 0x63, 0x6B, 0x69, 0x6E, 0x67, 0x5F, 0x34, 0x00,
        0x4F, 0x50, 0x10, 0x00, 0x61, 0x48, 0x00, 0x00, 0x74, 0x7B, 0x3D, 0xFA, 0x00, 0x00, 0x00, 0x40,
        0x00, 0x00, 0x00, 0x00, 0x49, 0x66, 0x04, 0x00, 0x00, 0x00, 0x00, 0x00, 0x53, 0x41, 0x54, 0x00,
        0x00, 0x00, 0x00, 0x00, 0x00, 0x00, 0x00, 0x00, 0x00, 0x00, 0x00, 0x00, 0xBE, 0x00, 0x00, 0x00,
        0x00, 0x00, 0x00, 0x00, 0x00, 0x00, 0x00, 0x00, 0x00, 0x00, 0x00, 0x00, 0x00, 0x00, 0x0F, 0x43,
        0x00, 0x00, 0x82, 0xC2, 0x00, 0x00, 0xF0, 0x42, 0x00, 0x00, 0x00, 0x00, 0x00, 0x00, 0x00, 0x00,
        0x00, 0x00, 0x00, 0x00, 0x00, 0x00, 0x80, 0x3F, 0x00, 0x00, 0xA4, 0x41, 0x00, 0x00, 0x90, 0x41,
        0x00, 0x00, 0x00, 0x00, 0x00, 0x00, 0x00, 0x00, 0x00, 0x00, 0x00, 0x00, 0x00, 0x00, 0x80, 0x3F,
        0x00, 0x00, 0x80, 0x3F, 0x53, 0x63, 0x72, 0x70, 0x20, 0x00, 0x00, 0x00, 0x53, 0x6E, 0x08, 0x00,
        0x49, 0x6E, 0x69, 0x74, 0x00, 0x00, 0x00, 0x00, 0x53, 0x68, 0x10, 0x00, 0xB3, 0x44, 0x17, 0x00,
        0x00, 0x00, 0x00, 0x00, 0x00, 0x00, 0x00, 0x00, 0x00, 0x00, 0x00, 0x00, 0x46, 0x4F, 0x62, 0xEA,
        0xC0, 0x00, 0x00, 0x00, 0x4F, 0x62, 0x6A, 0x44, 0x90, 0x00, 0x00, 0x00, 0x4F, 0x74, 0x04, 0x00,
        0x01, 0x00, 0x00, 0x00, 0x4F, 0x6E, 0x10, 0x00, 0x4C, 0x42, 0x54, 0x65, 0x78, 0x74, 0x42, 0x61,
        0x63, 0x6B, 0x69, 0x6E, 0x67, 0x5F, 0x33, 0x00, 0x4F, 0x50, 0x10, 0x00, 0x60, 0x48, 0x00, 0x00,
        0x73, 0x7B, 0x3D, 0xFA, 0x00, 0x00, 0x00, 0x40, 0x00, 0x00, 0x00, 0x00, 0x49, 0x66, 0x04, 0x00,
        0x00, 0x00, 0x00, 0x00, 0x53, 0x41, 0x54, 0x00, 0x00, 0x00, 0x00, 0x00, 0x00, 0x00, 0x00, 0x00,
        0x00, 0x00, 0x00, 0x00, 0xBE, 0x00, 0x00, 0x00, 0x00, 0x00, 0x00, 0x00, 0x00, 0x00, 0x00, 0x00,
        0x00, 0x00, 0x00, 0x00, 0x00, 0x00, 0x0F, 0x43, 0x00, 0x00, 0xAA, 0xC2, 0x00, 0x00, 0xF0, 0x42,
        0x00, 0x00, 0x00, 0x00, 0x00, 0x00, 0x00, 0x00, 0x00, 0x00, 0x00, 0x00, 0x00, 0x00, 0x80, 0x3F,
        0x00, 0x00, 0xA4, 0x41, 0x00, 0x00, 0x90, 0x41, 0x00, 0x00, 0x00, 0x00, 0x00, 0x00, 0x00, 0x00,
        0x00, 0x00, 0x00, 0x00, 0x00, 0x00, 0x80, 0x3F, 0x00, 0x00, 0x80, 0x3F, 0x53, 0x63, 0x72, 0x70,
        0x20, 0x00, 0x00, 0x00, 0x53, 0x6E, 0x08, 0x00, 0x49, 0x6E, 0x69, 0x74, 0x00, 0x00, 0x00, 0x00,
        0x53, 0x68, 0x10, 0x00, 0xB3, 0x44, 0x17, 0x00, 0x00, 0x00, 0x00, 0x00, 0x00, 0x00, 0x00, 0x00,
        0x00, 0x00, 0x00, 0x00, 0x46, 0x4F, 0x62, 0xEA, 0xC0, 0x00, 0x00, 0x00, 0x4F, 0x62, 0x6A, 0x44,
        0x90, 0x00, 0x00, 0x00, 0x4F, 0x74, 0x04, 0x00, 0x01, 0x00, 0x00, 0x00, 0x4F, 0x6E, 0x10, 0x00,
        0x4C, 0x42, 0x54, 0x65, 0x78, 0x74, 0x42, 0x61, 0x63, 0x6B, 0x69, 0x6E, 0x67, 0x5F, 0x32, 0x00,
        0x4F, 0x50, 0x10, 0x00, 0x5F, 0x48, 0x00, 0x00, 0x72, 0x7B, 0x3D, 0xFA, 0x00, 0x00, 0x00, 0x40,
        0x00, 0x00, 0x00, 0x00, 0x49, 0x66, 0x04, 0x00, 0x00, 0x00, 0x00, 0x00, 0x53, 0x41, 0x54, 0x00,
        0x00, 0x00, 0x00, 0x00, 0x00, 0x00, 0x00, 0x00, 0x00, 0x00, 0x00, 0x00, 0xBE, 0x00, 0x00, 0x00,
        0x00, 0x00, 0x00, 0x00, 0x00, 0x00, 0x00, 0x00, 0x00, 0x00, 0x00, 0x00, 0x00, 0x00, 0x0F, 0x43,
        0x00, 0x00, 0xD2, 0xC2, 0x00, 0x00, 0xF0, 0x42, 0x00, 0x00, 0x00, 0x00, 0x00, 0x00, 0x00, 0x00,
        0x00, 0x00, 0x00, 0x00, 0x00, 0x00, 0x80, 0x3F, 0x00, 0x00, 0xA4, 0x41, 0x00, 0x00, 0x90, 0x41,
        0x00, 0x00, 0x00, 0x00, 0x00, 0x00, 0x00, 0x00, 0x00, 0x00, 0x00, 0x00, 0x00, 0x00, 0x80, 0x3F,
        0x00, 0x00, 0x80, 0x3F, 0x53, 0x63, 0x72, 0x70, 0x20, 0x00, 0x00, 0x00, 0x53, 0x6E, 0x08, 0x00,
        0x49, 0x6E, 0x69, 0x74, 0x00, 0x00, 0x00, 0x00, 0x53, 0x68, 0x10, 0x00, 0xB3, 0x44, 0x17, 0x00,
        0x00, 0x00, 0x00, 0x00, 0x00, 0x00, 0x00, 0x00, 0x00, 0x00, 0x00, 0x00, 0x46, 0x4F, 0x62, 0xEA,
        0xEC, 0x00, 0x00, 0x00, 0x4F, 0x62, 0x6A, 0x44, 0xBC, 0x00, 0x00, 0x00, 0x4F, 0x74, 0x04, 0x00,
        0x02, 0x00, 0x00, 0x00, 0x4F, 0x6E, 0x10, 0x00, 0x4C, 0x65, 0x61, 0x64, 0x65, 0x72, 0x54, 0x65,
        0x78, 0x74, 0x5F, 0x34, 0x00, 0x00, 0x00, 0x00, 0x4F, 0x50, 0x10, 0x00, 0xF0, 0x1E, 0x00, 0x00,
        0xA4, 0xE0, 0x83, 0x41, 0x00, 0x00, 0x00, 0x40, 0x0D, 0x00, 0x00, 0x00, 0x53, 0x62, 0x04, 0x00,
        0x0A, 0x00, 0x00, 0x00, 0x53, 0x74, 0x04, 0x00, 0x34, 0x00, 0x00, 0x00, 0x53, 0x6A, 0x04, 0x00,
        0x00, 0x00, 0x00, 0x00, 0x53, 0x6C, 0x04, 0x00, 0x00, 0x00, 0x00, 0x00, 0x53, 0x77, 0x04, 0x00,
        0x00, 0x00, 0x00, 0x00, 0x53, 0x4C, 0x10, 0x00, 0x48, 0x55, 0x44, 0x5F, 0x46, 0x4F, 0x55, 0x52,
        0x54, 0x48, 0x5F, 0x54, 0x45, 0x58, 0x54, 0x00, 0x53, 0x48, 0x04, 0x00, 0xFB, 0xCB, 0xBC, 0xCD,
        0x53, 0x41, 0x44, 0x00, 0xC0, 0x00, 0x00, 0x00, 0xC0, 0x00, 0x00, 0x00, 0xC0, 0x00, 0x00, 0x00,
        0xFF, 0x00, 0x00, 0x00, 0x00, 0x00, 0x00, 0x00, 0x00, 0x00, 0x00, 0x00, 0x00, 0x00, 0x00, 0x00,
        0x00, 0x00, 0x0A, 0x43, 0x00, 0x00, 0x96, 0xC2, 0x00, 0x00, 0xC8, 0x42, 0x00, 0x00, 0x00, 0x00,
        0x00, 0x00, 0x00, 0x00, 0x00, 0x00, 0x00, 0x00, 0x00, 0x00, 0x80, 0x3F, 0x00, 0x00, 0x00, 0x3F,
        0x00, 0x00, 0x00, 0x3F, 0x00, 0x00, 0x80, 0x3F, 0x53, 0x63, 0x72, 0x70, 0x20, 0x00, 0x00, 0x00,
        0x53, 0x6E, 0x08, 0x00, 0x49, 0x6E, 0x69, 0x74, 0x00, 0x00, 0x00, 0x00, 0x53, 0x68, 0x10, 0x00,
        0xB3, 0x44, 0x17, 0x00, 0x00, 0x00, 0x00, 0x00, 0x00, 0x00, 0x00, 0x00, 0x00, 0x00, 0x00, 0x00,
        0x46, 0x4F, 0x62, 0xEA, 0xEC, 0x00, 0x00, 0x00, 0x4F, 0x62, 0x6A, 0x44, 0xBC, 0x00, 0x00, 0x00,
        0x4F, 0x74, 0x04, 0x00, 0x02, 0x00, 0x00, 0x00, 0x4F, 0x6E, 0x10, 0x00, 0x4C, 0x65, 0x61, 0x64,
        0x65, 0x72, 0x54, 0x65, 0x78, 0x74, 0x5F, 0x33, 0x00, 0x00, 0x00, 0x00, 0x4F, 0x50, 0x10, 0x00,
        0xED, 0x1E, 0x00, 0x00, 0xA3, 0xE0, 0x83, 0x41, 0x00, 0x00, 0x00, 0x40, 0x0D, 0x00, 0x00, 0x00,
        0x53, 0x62, 0x04, 0x00, 0x0A, 0x00, 0x00, 0x00, 0x53, 0x74, 0x04, 0x00, 0x33, 0x00, 0x00, 0x00,
        0x53, 0x6A, 0x04, 0x00, 0x00, 0x00, 0x00, 0x00, 0x53, 0x6C, 0x04, 0x00, 0x00, 0x00, 0x00, 0x00,
        0x53, 0x77, 0x04, 0x00, 0x00, 0x00, 0x00, 0x00, 0x53, 0x4C, 0x10, 0x00, 0x48, 0x55, 0x44, 0x5F,
        0x54, 0x48, 0x49, 0x52, 0x44, 0x5F, 0x54, 0x45, 0x58, 0x54, 0x00, 0x00, 0x53, 0x48, 0x04, 0x00,
        0xFE, 0xB4, 0x4C, 0xA2, 0x53, 0x41, 0x44, 0x00, 0xC0, 0x00, 0x00, 0x00, 0xC0, 0x00, 0x00, 0x00,
        0xC0, 0x00, 0x00, 0x00, 0xFF, 0x00, 0x00, 0x00, 0x00, 0x00, 0x00, 0x00, 0x00, 0x00, 0x00, 0x00,
        0x00, 0x00, 0x00, 0x00, 0x00, 0x00, 0x0A, 0x43, 0x00, 0x00, 0xBE, 0xC2, 0x00, 0x00, 0xC8, 0x42,
        0x00, 0x00, 0x00, 0x00, 0x00, 0x00, 0x00, 0x00, 0x00, 0x00, 0x00, 0x00, 0x00, 0x00, 0x80, 0x3F,
        0x00, 0x00, 0x00, 0x3F, 0x00, 0x00, 0x00, 0x3F, 0x00, 0x00, 0x80, 0x3F, 0x53, 0x63, 0x72, 0x70,
        0x20, 0x00, 0x00, 0x00, 0x53, 0x6E, 0x08, 0x00, 0x49, 0x6E, 0x69, 0x74, 0x00, 0x00, 0x00, 0x00,
        0x53, 0x68, 0x10, 0x00, 0xB3, 0x44, 0x17, 0x00, 0x00, 0x00, 0x00, 0x00, 0x00, 0x00, 0x00, 0x00,
        0x00, 0x00, 0x00, 0x00, 0x46, 0x4F, 0x62, 0xEA, 0xEC, 0x00, 0x00, 0x00, 0x4F, 0x62, 0x6A, 0x44,
        0xBC, 0x00, 0x00, 0x00, 0x4F, 0x74, 0x04, 0x00, 0x02, 0x00, 0x00, 0x00, 0x4F, 0x6E, 0x10, 0x00,
        0x4C, 0x65, 0x61, 0x64, 0x65, 0x72, 0x54, 0x65, 0x78, 0x74, 0x5F, 0x32, 0x00, 0x00, 0x00, 0x00,
        0x4F, 0x50, 0x10, 0x00, 0xEA, 0x1E, 0x00, 0x00, 0xA2, 0xE0, 0x83, 0x41, 0x00, 0x00, 0x00, 0x40,
        0x0D, 0x00, 0x00, 0x00, 0x53, 0x62, 0x04, 0x00, 0x0A, 0x00, 0x00, 0x00, 0x53, 0x74, 0x04, 0x00,
        0x32, 0x00, 0x00, 0x00, 0x53, 0x6A, 0x04, 0x00, 0x00, 0x00, 0x00, 0x00, 0x53, 0x6C, 0x04, 0x00,
        0x00, 0x00, 0x00, 0x00, 0x53, 0x77, 0x04, 0x00, 0x00, 0x00, 0x00, 0x00, 0x53, 0x4C, 0x10, 0x00,
        0x48, 0x55, 0x44, 0x5F, 0x53, 0x45, 0x43, 0x4F, 0x4E, 0x44, 0x5F, 0x54, 0x45, 0x58, 0x54, 0x00,
        0x53, 0x48, 0x04, 0x00, 0x3F, 0xD5, 0x50, 0x9E, 0x53, 0x41, 0x44, 0x00, 0xC0, 0x00, 0x00, 0x00,
        0xC0, 0x00, 0x00, 0x00, 0xC0, 0x00, 0x00, 0x00, 0xFF, 0x00, 0x00, 0x00, 0x00, 0x00, 0x00, 0x00,
        0x00, 0x00, 0x00, 0x00, 0x00, 0x00, 0x00, 0x00, 0x00, 0x00, 0x0A, 0x43, 0x00, 0x00, 0xE6, 0xC2,
        0x00, 0x00, 0xC8, 0x42, 0x00, 0x00, 0x00, 0x00, 0x00, 0x00, 0x00, 0x00, 0x00, 0x00, 0x00, 0x00,
        0x00, 0x00, 0x80, 0x3F, 0x00, 0x00, 0x00, 0x3F, 0x00, 0x00, 0x00, 0x3F, 0x00, 0x00, 0x80, 0x3F,
        0x53, 0x63, 0x72, 0x70, 0x20, 0x00, 0x00, 0x00, 0x53, 0x6E, 0x08, 0x00, 0x49, 0x6E, 0x69, 0x74,
        0x00, 0x00, 0x00, 0x00, 0x53, 0x68, 0x10, 0x00, 0xB3, 0x44, 0x17, 0x00, 0x00, 0x00, 0x00, 0x00,
        0x00, 0x00, 0x00, 0x00, 0x00, 0x00, 0x00, 0x00, 0x46, 0x4F, 0x62, 0xEA, 0xE8, 0x00, 0x00, 0x00,
        0x4F, 0x62, 0x6A, 0x44, 0xB8, 0x00, 0x00, 0x00, 0x4F, 0x74, 0x04, 0x00, 0x02, 0x00, 0x00, 0x00,
        0x4F, 0x6E, 0x10, 0x00, 0x4C, 0x65, 0x61, 0x64, 0x65, 0x72, 0x54, 0x65, 0x78, 0x74, 0x5F, 0x31,
        0x00, 0x00, 0x00, 0x00, 0x4F, 0x50, 0x10, 0x00, 0xDE, 0x1E, 0x00, 0x00, 0xA1, 0xE0, 0x83, 0x41,
        0x00, 0x00, 0x00, 0x40, 0x0D, 0x00, 0x00, 0x00, 0x53, 0x62, 0x04, 0x00, 0x0A, 0x00, 0x00, 0x00,
        0x53, 0x74, 0x04, 0x00, 0x31, 0x00, 0x00, 0x00, 0x53, 0x6A, 0x04, 0x00, 0x00, 0x00, 0x00, 0x00,
        0x53, 0x6C, 0x04, 0x00, 0x00, 0x00, 0x00, 0x00, 0x53, 0x77, 0x04, 0x00, 0x00, 0x00, 0x00, 0x00,
        0x53, 0x4C, 0x0C, 0x00, 0x46, 0x49, 0x52, 0x53, 0x54, 0x5F, 0x54, 0x45, 0x58, 0x54, 0x00, 0x00,
        0x53, 0x48, 0x04, 0x00, 0x6B, 0xC3, 0x12, 0x3A, 0x53, 0x41, 0x44, 0x00, 0xC0, 0x00, 0x00, 0x00,
        0xC0, 0x00, 0x00, 0x00, 0xC0, 0x00, 0x00, 0x00, 0xFF, 0x00, 0x00, 0x00, 0x00, 0x00, 0x00, 0x00,
        0x00, 0x00, 0x00, 0x00, 0x00, 0x00, 0x00, 0x00, 0x00, 0x00, 0x0A, 0x43, 0x00, 0x00, 0x07, 0xC3,
        0x00, 0x00, 0xC8, 0x42, 0x00, 0x00, 0x00, 0x00, 0x00, 0x00, 0x00, 0x00, 0x00, 0x00, 0x00, 0x00,
        0x00, 0x00, 0x80, 0x3F, 0x00, 0x00, 0x00, 0x3F, 0x00, 0x00, 0x00, 0x3F, 0x00, 0x00, 0x80, 0x3F,
        0x53, 0x63, 0x72, 0x70, 0x20, 0x00, 0x00, 0x00, 0x53, 0x6E, 0x08, 0x00, 0x49, 0x6E, 0x69, 0x74,
        0x00, 0x00, 0x00, 0x00, 0x53, 0x68, 0x10, 0x00, 0xB3, 0x44, 0x17, 0x00, 0x00, 0x00, 0x00, 0x00,
        0x00, 0x00, 0x00, 0x00, 0x00, 0x00, 0x00, 0x00, 0x46, 0x4F, 0x62, 0xEA, 0xA8, 0x00, 0x00, 0x00,
        0x4F, 0x62, 0x6A, 0x44, 0x78, 0x00, 0x00, 0x00, 0x4F, 0x74, 0x04, 0x00, 0x05, 0x00, 0x00, 0x00,
        0x4F, 0x6E, 0x10, 0x00, 0x47, 0x61, 0x75, 0x67, 0x65, 0x43, 0x6C, 0x75, 0x73, 0x74, 0x65, 0x72,
        0x00, 0x00, 0x00, 0x00, 0x4F, 0x50, 0x10, 0x00, 0x81, 0x8B, 0x00, 0x00, 0xEA, 0xD4, 0x64, 0x51,
        0x00, 0x00, 0x00, 0x40, 0xFF, 0xFF, 0xFF, 0xFF, 0x53, 0x41, 0x44, 0x00, 0xFF, 0x00, 0x00, 0x00,
        0xFF, 0x00, 0x00, 0x00, 0xFF, 0x00, 0x00, 0x00, 0xFF, 0x00, 0x00, 0x00, 0x00, 0x00, 0x00, 0x00,
        0x00, 0x00, 0x00, 0x00, 0x00, 0x00, 0x00, 0x00, 0x00, 0x00, 0x0E, 0x43, 0x00, 0x00, 0x43, 0x43,
        0x00, 0x00, 0xC8, 0x42, 0x00, 0x00, 0x00, 0x00, 0x00, 0x00, 0x00, 0x00, 0x00, 0x00, 0x00, 0x00,
        0x00, 0x00, 0x80, 0x3F, 0x00, 0x00, 0x80, 0x3F, 0x00, 0x00, 0x80, 0x3F, 0x00, 0x00, 0x80, 0x3F,
        0x53, 0x63, 0x72, 0x70, 0x20, 0x00, 0x00, 0x00, 0x53, 0x6E, 0x08, 0x00, 0x49, 0x6E, 0x69, 0x74,
        0x00, 0x00, 0x00, 0x00, 0x53, 0x68, 0x10, 0x00, 0xB3, 0x44, 0x17, 0x00, 0x00, 0x00, 0x00, 0x00,
        0x00, 0x00, 0x00, 0x00, 0x00, 0x00, 0x00, 0x00, 0x46, 0x4F, 0x62, 0xEA, 0xC4, 0x00, 0x00, 0x00,
        0x4F, 0x62, 0x6A, 0x44, 0x94, 0x00, 0x00, 0x00, 0x4F, 0x74, 0x04, 0x00, 0x01, 0x00, 0x00, 0x00,
        0x4F, 0x6E, 0x0C, 0x00, 0x72, 0x70, 0x6D, 0x5F, 0x66, 0x69, 0x6C, 0x6C, 0x00, 0x00, 0x00, 0x00,
        0x4F, 0x50, 0x10, 0x00, 0x6E, 0x45, 0x00, 0x00, 0xD4, 0xAE, 0x48, 0x01, 0x00, 0x00, 0x00, 0x40,
        0xFF, 0xFF, 0xFF, 0xFF, 0x50, 0x41, 0x04, 0x00, 0x81, 0x8B, 0x00, 0x00, 0x49, 0x66, 0x04, 0x00,
        0x00, 0x00, 0x00, 0x00, 0x53, 0x41, 0x54, 0x00, 0xFF, 0x00, 0x00, 0x00, 0xFF, 0x00, 0x00, 0x00,
        0xFF, 0x00, 0x00, 0x00, 0x96, 0x00, 0x00, 0x00, 0x00, 0x00, 0x00, 0x00, 0x00, 0x00, 0x00, 0x00,
        0x00, 0x00, 0x00, 0x00, 0x00, 0x00, 0x07, 0x43, 0x00, 0x00, 0x60, 0x41, 0x00, 0x00, 0xDC, 0x42,
        0x00, 0x00, 0x00, 0x00, 0x00, 0x00, 0x00, 0x00, 0x00, 0x00, 0x00, 0x00, 0x00, 0x00, 0x80, 0x3F,
        0x00, 0x00, 0x80, 0x43, 0x00, 0x00, 0x80, 0x43, 0x00, 0x00, 0x00, 0x00, 0x00, 0x00, 0x00, 0x00,
        0x00, 0x00, 0x00, 0x00, 0x00, 0x00, 0x80, 0x3F, 0x00, 0x00, 0x80, 0x3F, 0x53, 0x63, 0x72, 0x70,
        0x20, 0x00, 0x00, 0x00, 0x53, 0x6E, 0x08, 0x00, 0x49, 0x6E, 0x69, 0x74, 0x00, 0x00, 0x00, 0x00,
        0x53, 0x68, 0x10, 0x00, 0xB3, 0x44, 0x17, 0x00, 0x00, 0x00, 0x00, 0x00, 0x00, 0x00, 0x00, 0x00,
        0x00, 0x00, 0x00, 0x00, 0x46, 0x4F, 0x62, 0xEA, 0xC0, 0x00, 0x00, 0x00, 0x4F, 0x62, 0x6A, 0x44,
        0x90, 0x00, 0x00, 0x00, 0x4F, 0x74, 0x04, 0x00, 0x01, 0x00, 0x00, 0x00, 0x4F, 0x6E, 0x08, 0x00,
        0x52, 0x65, 0x64, 0x6C, 0x69, 0x6E, 0x65, 0x00, 0x4F, 0x50, 0x10, 0x00, 0xEC, 0x46, 0x00, 0x00,
        0x42, 0x04, 0xD3, 0x61, 0x00, 0x00, 0x00, 0x40, 0x15, 0x00, 0x00, 0x00, 0x50, 0x41, 0x04, 0x00,
        0x81, 0x8B, 0x00, 0x00, 0x49, 0x66, 0x04, 0x00, 0x00, 0x00, 0x00, 0x00, 0x53, 0x41, 0x54, 0x00,
        0x00, 0x00, 0x00, 0x00, 0x00, 0x00, 0x00, 0x00, 0x32, 0x00, 0x00, 0x00, 0xFF, 0x00, 0x00, 0x00,
        0x00, 0x00, 0x00, 0x00, 0x00, 0x00, 0x00, 0x00, 0x00, 0x00, 0x00, 0x00, 0x00, 0x00, 0x7C, 0x42,
        0x00, 0x00, 0xBA, 0xC2, 0x00, 0x00, 0x10, 0x41, 0x00, 0x00, 0x00, 0x00, 0x00, 0x00, 0x00, 0x00,
        0x00, 0x00, 0x00, 0x00, 0x00, 0x00, 0x80, 0x3F, 0x00, 0x00, 0x00, 0x43, 0x00, 0x00, 0x00, 0x42,
        0x00, 0x00, 0x00, 0x00, 0x00, 0x00, 0x00, 0x00, 0x00, 0x00, 0x00, 0x00, 0x00, 0x00, 0x80, 0x3F,
        0x00, 0x00, 0x80, 0x3F, 0x53, 0x63, 0x72, 0x70, 0x20, 0x00, 0x00, 0x00, 0x53, 0x6E, 0x08, 0x00,
        0x49, 0x6E, 0x69, 0x74, 0x00, 0x00, 0x00, 0x00, 0x53, 0x68, 0x10, 0x00, 0xB3, 0x44, 0x17, 0x00,
        0x00, 0x00, 0x00, 0x00, 0x00, 0x00, 0x00, 0x00, 0x00, 0x00, 0x00, 0x00, 0x46, 0x4F, 0x62, 0xEA,
        0xC4, 0x00, 0x00, 0x00, 0x4F, 0x62, 0x6A, 0x44, 0x94, 0x00, 0x00, 0x00, 0x4F, 0x74, 0x04, 0x00,
        0x01, 0x00, 0x00, 0x00, 0x4F, 0x6E, 0x0C, 0x00, 0x53, 0x52, 0x5F, 0x4E, 0x4F, 0x53, 0x5F, 0x54,
        0x65, 0x78, 0x74, 0x00, 0x4F, 0x50, 0x10, 0x00, 0xE2, 0x4E, 0x00, 0x00, 0xD7, 0xF3, 0x75, 0x17,
        0x00, 0x00, 0x00, 0x40, 0xFF, 0xFF, 0xFF, 0xFF, 0x50, 0x41, 0x04, 0x00, 0x81, 0x8B, 0x00, 0x00,
        0x49, 0x66, 0x04, 0x00, 0x00, 0x00, 0x00, 0x00, 0x53, 0x41, 0x54, 0x00, 0xFF, 0x00, 0x00, 0x00,
        0xFF, 0x00, 0x00, 0x00, 0xFF, 0x00, 0x00, 0x00, 0xFF, 0x00, 0x00, 0x00, 0x00, 0x00, 0x00, 0x00,
        0x00, 0x00, 0x00, 0x00, 0x00, 0x00, 0x00, 0x00, 0x00, 0x80, 0x9D, 0x43, 0x00, 0x00, 0x00, 0x40,
        0x00, 0x00, 0x00, 0x00, 0x00, 0x00, 0x00, 0x00, 0x00, 0x00, 0x00, 0x00, 0x00, 0x00, 0x00, 0x00,
        0x00, 0x00, 0x80, 0x3F, 0x00, 0x00, 0x80, 0x42, 0x00, 0x00, 0x80, 0x42, 0x00, 0x00, 0x00, 0x00,
        0x00, 0x00, 0x00, 0x00, 0x00, 0x00, 0x00, 0x00, 0x00, 0x00, 0x80, 0x3F, 0x00, 0x00, 0x80, 0x3F,
        0x53, 0x63, 0x72, 0x70, 0x20, 0x00, 0x00, 0x00, 0x53, 0x6E, 0x08, 0x00, 0x49, 0x6E, 0x69, 0x74,
        0x00, 0x00, 0x00, 0x00, 0x53, 0x68, 0x10, 0x00, 0xB3, 0x44, 0x17, 0x00, 0x00, 0x00, 0x00, 0x00,
        0x00, 0x00, 0x00, 0x00, 0x00, 0x00, 0x00, 0x00, 0x46, 0x4F, 0x62, 0xEA, 0xF0, 0x00, 0x00, 0x00,
        0x4F, 0x62, 0x6A, 0x44, 0xC0, 0x00, 0x00, 0x00, 0x4F, 0x74, 0x04, 0x00, 0x02, 0x00, 0x00, 0x00,
        0x4F, 0x6E, 0x10, 0x00, 0x33, 0x72, 0x64, 0x50, 0x65, 0x72, 0x73, 0x6F, 0x6E, 0x53, 0x70, 0x65,
        0x65, 0x64, 0x00, 0x00, 0x4F, 0x50, 0x10, 0x00, 0xDE, 0x1D, 0x00, 0x00, 0x50, 0xFF, 0xD5, 0xC1,
        0x00, 0x00, 0x00, 0x40, 0x0D, 0x00, 0x00, 0x00, 0x50, 0x41, 0x04, 0x00, 0x81, 0x8B, 0x00, 0x00,
        0x53, 0x62, 0x04, 0x00, 0x0F, 0x00, 0x00, 0x00, 0x53, 0x74, 0x08, 0x00, 0x38, 0x00, 0x38, 0x00,
        0x38, 0x00, 0x00, 0x00, 0x53, 0x6A, 0x04, 0x00, 0x02, 0x00, 0x00, 0x00, 0x53, 0x6C, 0x04, 0x00,
        0x00, 0x00, 0x00, 0x00, 0x53, 0x77, 0x04, 0x00, 0x00, 0x00, 0x00, 0x00, 0x53, 0x4C, 0x08, 0x00,
        0x53, 0x50, 0x45, 0x45, 0x44, 0x00, 0x00, 0x00, 0x53, 0x48, 0x04, 0x00, 0x30, 0xD6, 0xB5, 0x03,
        0x53, 0x41, 0x44, 0x00, 0xC0, 0x00, 0x00, 0x00, 0xC0, 0x00, 0x00, 0x00, 0xC0, 0x00, 0x00, 0x00,
        0xFF, 0x00, 0x00, 0x00, 0x00, 0x00, 0x00, 0x00, 0x00, 0x00, 0x00, 0x00, 0x00, 0x00, 0x00, 0x00,
        0x00, 0x00, 0x01, 0x43, 0x00, 0x00, 0x38, 0xC2, 0x00, 0x00, 0x20, 0x41, 0x00, 0x00, 0x00, 0x00,
        0x00, 0x00, 0x00, 0x00, 0x00, 0x00, 0x00, 0x00, 0x00, 0x00, 0x80, 0x3F, 0xCD, 0xCC, 0x4C, 0x3F,
        0xCD, 0xCC, 0x4C, 0x3F, 0x00, 0x00, 0x80, 0x3F, 0x53, 0x63, 0x72, 0x70, 0x20, 0x00, 0x00, 0x00,
        0x53, 0x6E, 0x08, 0x00, 0x49, 0x6E, 0x69, 0x74, 0x00, 0x00, 0x00, 0x00, 0x53, 0x68, 0x10, 0x00,
        0xB3, 0x44, 0x17, 0x00, 0x00, 0x00, 0x00, 0x00, 0x00, 0x00, 0x00, 0x00, 0x00, 0x00, 0x00, 0x00,
        0x46, 0x4F, 0x62, 0xEA, 0xF4, 0x00, 0x00, 0x00, 0x4F, 0x62, 0x6A, 0x44, 0xC4, 0x00, 0x00, 0x00,
        0x4F, 0x74, 0x04, 0x00, 0x02, 0x00, 0x00, 0x00, 0x4F, 0x6E, 0x14, 0x00, 0x33, 0x72, 0x64, 0x50,
        0x65, 0x72, 0x73, 0x6F, 0x6E, 0x53, 0x70, 0x65, 0x65, 0x64, 0x55, 0x6E, 0x69, 0x74, 0x73, 0x00,
        0x4F, 0x50, 0x10, 0x00, 0x69, 0x4D, 0x00, 0x00, 0x63, 0x3B, 0x38, 0xC3, 0x00, 0x00, 0x00, 0x40,
        0x11, 0x00, 0x00, 0x00, 0x50, 0x41, 0x04, 0x00, 0x81, 0x8B, 0x00, 0x00, 0x53, 0x62, 0x04, 0x00,
        0x0F, 0x00, 0x00, 0x00, 0x53, 0x74, 0x0C, 0x00, 0x4B, 0x00, 0x4D, 0x00, 0x2F, 0x00, 0x48, 0x00,
        0x00, 0x00, 0x00, 0x00, 0x53, 0x6A, 0x04, 0x00, 0x02, 0x00, 0x00, 0x00, 0x53, 0x6C, 0x04, 0x00,
        0x00, 0x00, 0x00, 0x00, 0x53, 0x77, 0x04, 0x00, 0x00, 0x00, 0x00, 0x00, 0x53, 0x4C, 0x04, 0x00,
        0x4D, 0x50, 0x48, 0x00, 0x53, 0x48, 0x04, 0x00, 0xC4, 0xC5, 0x00, 0x00, 0x53, 0x41, 0x44, 0x00,
        0xC0, 0x00, 0x00, 0x00, 0xC0, 0x00, 0x00, 0x00, 0xC0, 0x00, 0x00, 0x00, 0xFF, 0x00, 0x00, 0x00,
        0x00, 0x00, 0x00, 0x00, 0x00, 0x00, 0x00, 0x00, 0x00, 0x00, 0x00, 0x00, 0x00, 0x00, 0xFC, 0x42,
        0x00, 0x00, 0x90, 0xC1, 0x00, 0x00, 0x20, 0x41, 0x00, 0x00, 0x00, 0x00, 0x00, 0x00, 0x00, 0x00,
        0x00, 0x00, 0x00, 0x00, 0x00, 0x00, 0x80, 0x3F, 0x00, 0x00, 0x40, 0x3F, 0x00, 0x00, 0x40, 0x3F,
        0x00, 0x00, 0x80, 0x3F, 0x53, 0x63, 0x72, 0x70, 0x20, 0x00, 0x00, 0x00, 0x53, 0x6E, 0x08, 0x00,
        0x49, 0x6E, 0x69, 0x74, 0x00, 0x00, 0x00, 0x00, 0x53, 0x68, 0x10, 0x00, 0xB3, 0x44, 0x17, 0x00,
        0x00, 0x00, 0x00, 0x00, 0x00, 0x00, 0x00, 0x00, 0x00, 0x00, 0x00, 0x00, 0x46, 0x4F, 0x62, 0xEA,
        0xC8, 0x00, 0x00, 0x00, 0x4F, 0x62, 0x6A, 0x44, 0x98, 0x00, 0x00, 0x00, 0x4F, 0x74, 0x04, 0x00,
        0x01, 0x00, 0x00, 0x00, 0x4F, 0x6E, 0x10, 0x00, 0x33, 0x72, 0x64, 0x50, 0x65, 0x72, 0x73, 0x6F,
        0x6E, 0x4E, 0x65, 0x65, 0x64, 0x6C, 0x65, 0x00, 0x4F, 0x50, 0x10, 0x00, 0x65, 0x1D, 0x00, 0x00,
        0xAC, 0x0D, 0x25, 0xF0, 0x00, 0x00, 0x00, 0x40, 0x16, 0x00, 0x00, 0x00, 0x50, 0x41, 0x04, 0x00,
        0x81, 0x8B, 0x00, 0x00, 0x49, 0x66, 0x04, 0x00, 0x00, 0x00, 0x00, 0x00, 0x53, 0x41, 0x54, 0x00,
        0xFF, 0x00, 0x00, 0x00, 0xFF, 0x00, 0x00, 0x00, 0xFF, 0x00, 0x00, 0x00, 0xFF, 0x00, 0x00, 0x00,
        0x00, 0x00, 0x00, 0x00, 0x00, 0x00, 0x00, 0x00, 0x00, 0x00, 0x00, 0x00, 0x00, 0x00, 0x98, 0x42,
        0x00, 0x00, 0x30, 0xC2, 0x00, 0x00, 0xA0, 0x40, 0x00, 0x00, 0x00, 0x00, 0x00, 0x00, 0x00, 0x00,
        0xDF, 0xB0, 0xA6, 0xBE, 0x81, 0x0D, 0x72, 0x3F, 0x00, 0x00, 0x80, 0x41, 0x00, 0x00, 0x00, 0x43,
        0x00, 0x00, 0x00, 0x00, 0x00, 0x00, 0x00, 0x00, 0x00, 0x00, 0x00, 0x00, 0x00, 0x00, 0x80, 0x3F,
        0x00, 0x00, 0x80, 0x3F, 0x53, 0x63, 0x72, 0x70, 0x20, 0x00, 0x00, 0x00, 0x53, 0x6E, 0x08, 0x00,
        0x49, 0x6E, 0x69, 0x74, 0x00, 0x00, 0x00, 0x00, 0x53, 0x68, 0x10, 0x00, 0xB3, 0x44, 0x17, 0x00,
        0x00, 0x00, 0x00, 0x00, 0x00, 0x00, 0x00, 0x00, 0x00, 0x00, 0x00, 0x00, 0x46, 0x4F, 0x62, 0xEA,
        0xEC, 0x00, 0x00, 0x00, 0x4F, 0x62, 0x6A, 0x44, 0xBC, 0x00, 0x00, 0x00, 0x4F, 0x74, 0x04, 0x00,
        0x02, 0x00, 0x00, 0x00, 0x4F, 0x6E, 0x10, 0x00, 0x33, 0x72, 0x64, 0x50, 0x65, 0x72, 0x73, 0x6F,
        0x6E, 0x47, 0x65, 0x61, 0x72, 0x00, 0x00, 0x00, 0x4F, 0x50, 0x10, 0x00, 0xDA, 0x1D, 0x00, 0x00,
        0xBE, 0x89, 0x45, 0xB8, 0x00, 0x00, 0x00, 0x40, 0x0D, 0x00, 0x00, 0x00, 0x50, 0x41, 0x04, 0x00,
        0x81, 0x8B, 0x00, 0x00, 0x53, 0x62, 0x04, 0x00, 0x0F, 0x00, 0x00, 0x00, 0x53, 0x74, 0x04, 0x00,
        0x4E, 0x00, 0x00, 0x00, 0x53, 0x6A, 0x04, 0x00, 0x02, 0x00, 0x00, 0x00, 0x53, 0x6C, 0x04, 0x00,
        0x00, 0x00, 0x00, 0x00, 0x53, 0x77, 0x04, 0x00, 0x00, 0x00, 0x00, 0x00, 0x53, 0x4C, 0x08, 0x00,
        0x47, 0x45, 0x41, 0x52, 0x00, 0x00, 0x00, 0x00, 0x53, 0x48, 0x04, 0x00, 0x9E, 0x04, 0x16, 0x00,
        0x53, 0x41, 0x44, 0x00, 0xC0, 0x00, 0x00, 0x00, 0xC0, 0x00, 0x00, 0x00, 0xC0, 0x00, 0x00, 0x00,
        0xFF, 0x00, 0x00, 0x00, 0x00, 0x00, 0x00, 0x00, 0x00, 0x00, 0x00, 0x00, 0x00, 0x00, 0x00, 0x00,
        0x00, 0x00, 0xFE, 0x42, 0x00, 0x00, 0x86, 0xC2, 0x00, 0x00, 0x00, 0x00, 0x00, 0x00, 0x00, 0x00,
        0x00, 0x00, 0x00, 0x00, 0x00, 0x00, 0x00, 0x00, 0x00, 0x00, 0x80, 0x3F, 0x9A, 0x99, 0x19, 0x3F,
        0x9A, 0x99, 0x19, 0x3F, 0x00, 0x00, 0x80, 0x3F, 0x53, 0x63, 0x72, 0x70, 0x20, 0x00, 0x00, 0x00,
        0x53, 0x6E, 0x08, 0x00, 0x49, 0x6E, 0x69, 0x74, 0x00, 0x00, 0x00, 0x00, 0x53, 0x68, 0x10, 0x00,
        0xB3, 0x44, 0x17, 0x00, 0x00, 0x00, 0x00, 0x00, 0x00, 0x00, 0x00, 0x00, 0x00, 0x00, 0x00, 0x00,
        0x46, 0x4F, 0x62, 0xEA, 0xAC, 0x00, 0x00, 0x00, 0x4F, 0x62, 0x6A, 0x44, 0x7C, 0x00, 0x00, 0x00,
        0x4F, 0x74, 0x04, 0x00, 0x05, 0x00, 0x00, 0x00, 0x4F, 0x6E, 0x0C, 0x00, 0x54, 0x75, 0x72, 0x62,
        0x6F, 0x5F, 0x47, 0x72, 0x6F, 0x75, 0x70, 0x00, 0x4F, 0x50, 0x10, 0x00, 0x9A, 0x4D, 0x00, 0x00,
        0xB7, 0x51, 0xD5, 0xC5, 0x00, 0x00, 0x00, 0x40, 0xFF, 0xFF, 0xFF, 0xFF, 0x50, 0x41, 0x04, 0x00,
        0x81, 0x8B, 0x00, 0x00, 0x53, 0x41, 0x44, 0x00, 0xFF, 0x00, 0x00, 0x00, 0xFF, 0x00, 0x00, 0x00,
        0xFF, 0x00, 0x00, 0x00, 0xFF, 0x00, 0x00, 0x00, 0x00, 0x00, 0x00, 0x00, 0x00, 0x00, 0x00, 0x00,
        0x00, 0x00, 0x00, 0x00, 0x00, 0x00, 0x15, 0xC3, 0x00, 0x00, 0x7C, 0x42, 0x00, 0x00, 0x00, 0xC0,
        0x00, 0x00, 0x00, 0x00, 0x00, 0x00, 0x00, 0x00, 0x00, 0x00, 0x00, 0x00, 0x00, 0x00, 0x80, 0x3F,
        0x00, 0x00, 0x80, 0x3F, 0x00, 0x00, 0x80, 0x3F, 0x00, 0x00, 0x80, 0x3F, 0x53, 0x63, 0x72, 0x70,
        0x20, 0x00, 0x00, 0x00, 0x53, 0x6E, 0x08, 0x00, 0x49, 0x6E, 0x69, 0x74, 0x00, 0x00, 0x00, 0x00,
        0x53, 0x68, 0x10, 0x00, 0xB3, 0x44, 0x17, 0x00, 0x00, 0x00, 0x00, 0x00, 0x00, 0x00, 0x00, 0x00,
        0x00, 0x00, 0x00, 0x00, 0x46, 0x4F, 0x62, 0xEA, 0xCC, 0x00, 0x00, 0x00, 0x4F, 0x62, 0x6A, 0x44,
        0x9C, 0x00, 0x00, 0x00, 0x4F, 0x74, 0x04, 0x00, 0x01, 0x00, 0x00, 0x00, 0x4F, 0x6E, 0x14, 0x00,
        0x33, 0x72, 0x64, 0x70, 0x65, 0x72, 0x73, 0x6F, 0x6E, 0x5F, 0x54, 0x75, 0x72, 0x62, 0x6F, 0x66,
        0x69, 0x6C, 0x6C, 0x00, 0x4F, 0x50, 0x10, 0x00, 0x2C, 0x4A, 0x00, 0x00, 0x71, 0xE8, 0x5F, 0x6D,
        0x00, 0x00, 0x00, 0x40, 0x17, 0x00, 0x00, 0x00, 0x50, 0x41, 0x04, 0x00, 0x9A, 0x4D, 0x00, 0x00,
        0x49, 0x66, 0x04, 0x00, 0x00, 0x00, 0x00, 0x00, 0x53, 0x41, 0x54, 0x00, 0xFF, 0x00, 0x00, 0x00,
        0xFF, 0x00, 0x00, 0x00, 0xFF, 0x00, 0x00, 0x00, 0x96, 0x00, 0x00, 0x00, 0x00, 0x00, 0x00, 0x00,
        0x00, 0x00, 0x00, 0x00, 0x00, 0x00, 0x00, 0x00, 0x00, 0x00, 0x1E, 0x43, 0x00, 0x00, 0x38, 0xC2,
        0x00, 0x00, 0x40, 0x41, 0x00, 0x00, 0x00, 0x00, 0x00, 0x00, 0x00, 0x00, 0x00, 0x00, 0x00, 0x00,
        0x00, 0x00, 0x80, 0x3F, 0x00, 0x00, 0x00, 0x43, 0x00, 0x00, 0x00, 0x43, 0x00, 0x00, 0x00, 0x00,
        0x00, 0x00, 0x00, 0x00, 0x00, 0x00, 0x00, 0x00, 0x00, 0x00, 0x80, 0x3F, 0x00, 0x00, 0x80, 0x3F,
        0x53, 0x63, 0x72, 0x70, 0x20, 0x00, 0x00, 0x00, 0x53, 0x6E, 0x08, 0x00, 0x49, 0x6E, 0x69, 0x74,
        0x00, 0x00, 0x00, 0x00, 0x53, 0x68, 0x10, 0x00, 0xB3, 0x44, 0x17, 0x00, 0x00, 0x00, 0x00, 0x00,
        0x00, 0x00, 0x00, 0x00, 0x00, 0x00, 0x00, 0x00, 0x46, 0x4F, 0x62, 0xEA, 0xD0, 0x00, 0x00, 0x00,
        0x4F, 0x62, 0x6A, 0x44, 0xA0, 0x00, 0x00, 0x00, 0x4F, 0x74, 0x04, 0x00, 0x01, 0x00, 0x00, 0x00,
        0x4F, 0x6E, 0x18, 0x00, 0x33, 0x72, 0x64, 0x70, 0x65, 0x72, 0x73, 0x6F, 0x6E, 0x5F, 0x54, 0x75,
        0x72, 0x62, 0x6F, 0x6C, 0x69, 0x6E, 0x65, 0x73, 0x00, 0x00, 0x00, 0x00, 0x4F, 0x50, 0x10, 0x00,
        0x37, 0x4A, 0x00, 0x00, 0x85, 0x91, 0xC9, 0x19, 0x00, 0x00, 0x00, 0x40, 0x18, 0x00, 0x00, 0x00,
        0x50, 0x41, 0x04, 0x00, 0x9A, 0x4D, 0x00, 0x00, 0x49, 0x66, 0x04, 0x00, 0x00, 0x00, 0x00, 0x00,
        0x53, 0x41, 0x54, 0x00, 0xFF, 0x00, 0x00, 0x00, 0xFF, 0x00, 0x00, 0x00, 0xFF, 0x00, 0x00, 0x00,
        0xFF, 0x00, 0x00, 0x00, 0x00, 0x00, 0x00, 0x00, 0x00, 0x00, 0x00, 0x00, 0x00, 0x00, 0x00, 0x00,
        0x00, 0x00, 0x1E, 0x43, 0x00, 0x00, 0x38, 0xC2, 0x00, 0x00, 0x00, 0x40, 0x00, 0x00, 0x00, 0x00,
        0x00, 0x00, 0x00, 0x00, 0x00, 0x00, 0x00, 0x00, 0x00, 0x00, 0x80, 0x3F, 0x00, 0x00, 0x00, 0x43,
        0x00, 0x00, 0x00, 0x43, 0x00, 0x00, 0x00, 0x00, 0x00, 0x00, 0x00, 0x00, 0x00, 0x00, 0x00, 0x00,
        0x00, 0x00, 0x80, 0x3F, 0x00, 0x00, 0x80, 0x3F, 0x53, 0x63, 0x72, 0x70, 0x20, 0x00, 0x00, 0x00,
        0x53, 0x6E, 0x08, 0x00, 0x49, 0x6E, 0x69, 0x74, 0x00, 0x00, 0x00, 0x00, 0x53, 0x68, 0x10, 0x00,
        0xB3, 0x44, 0x17, 0x00, 0x00, 0x00, 0x00, 0x00, 0x00, 0x00, 0x00, 0x00, 0x00, 0x00, 0x00, 0x00,
        0x46, 0x4F, 0x62, 0xEA, 0xD0, 0x00, 0x00, 0x00, 0x4F, 0x62, 0x6A, 0x44, 0xA0, 0x00, 0x00, 0x00,
        0x4F, 0x74, 0x04, 0x00, 0x01, 0x00, 0x00, 0x00, 0x4F, 0x6E, 0x18, 0x00, 0x33, 0x72, 0x64, 0x70,
        0x65, 0x72, 0x73, 0x6F, 0x6E, 0x5F, 0x54, 0x75, 0x72, 0x62, 0x6F, 0x52, 0x65, 0x64, 0x5F, 0x31,
        0x00, 0x00, 0x00, 0x00, 0x4F, 0x50, 0x10, 0x00, 0x4E, 0x4A, 0x00, 0x00, 0xB5, 0xCB, 0x33, 0x1A,
        0x00, 0x00, 0x00, 0x40, 0x19, 0x00, 0x00, 0x00, 0x50, 0x41, 0x04, 0x00, 0x9A, 0x4D, 0x00, 0x00,
        0x49, 0x66, 0x04, 0x00, 0x00, 0x00, 0x00, 0x00, 0x53, 0x41, 0x54, 0x00, 0x00, 0x00, 0x00, 0x00,
        0x00, 0x00, 0x00, 0x00, 0x32, 0x00, 0x00, 0x00, 0xFF, 0x00, 0x00, 0x00, 0x00, 0x00, 0x00, 0x00,
        0x00, 0x00, 0x00, 0x00, 0x00, 0x00, 0x00, 0x00, 0x00, 0x00, 0x11, 0x43, 0x00, 0x00, 0xC0, 0xC2,
        0x00, 0x00, 0x40, 0x40, 0x00, 0x00, 0x00, 0x00, 0x00, 0x00, 0x00, 0x00, 0x00, 0x00, 0x00, 0x00,
        0x00, 0x00, 0x80, 0x3F, 0x00, 0x00, 0x00, 0x42, 0x00, 0x00, 0x00, 0x42, 0x00, 0x00, 0x00, 0x00,
        0x00, 0x00, 0x00, 0x00, 0x00, 0x00, 0x00, 0x00, 0x00, 0x00, 0x80, 0x3F, 0x00, 0x00, 0x80, 0x3F,
        0x53, 0x63, 0x72, 0x70, 0x20, 0x00, 0x00, 0x00, 0x53, 0x6E, 0x08, 0x00, 0x49, 0x6E, 0x69, 0x74,
        0x00, 0x00, 0x00, 0x00, 0x53, 0x68, 0x10, 0x00, 0xB3, 0x44, 0x17, 0x00, 0x00, 0x00, 0x00, 0x00,
        0x00, 0x00, 0x00, 0x00, 0x00, 0x00, 0x00, 0x00, 0x46, 0x4F, 0x62, 0xEA, 0xD0, 0x00, 0x00, 0x00,
        0x4F, 0x62, 0x6A, 0x44, 0xA0, 0x00, 0x00, 0x00, 0x4F, 0x74, 0x04, 0x00, 0x01, 0x00, 0x00, 0x00,
        0x4F, 0x6E, 0x18, 0x00, 0x33, 0x72, 0x64, 0x70, 0x65, 0x72, 0x73, 0x6F, 0x6E, 0x5F, 0x54, 0x75,
        0x72, 0x62, 0x6F, 0x52, 0x65, 0x64, 0x5F, 0x32, 0x00, 0x00, 0x00, 0x00, 0x4F, 0x50, 0x10, 0x00,
        0x57, 0x4A, 0x00, 0x00, 0xB6, 0xCB, 0x33, 0x1A, 0x00, 0x00, 0x00, 0x40, 0x19, 0x00, 0x00, 0x00,
        0x50, 0x41, 0x04, 0x00, 0x9A, 0x4D, 0x00, 0x00, 0x49, 0x66, 0x04, 0x00, 0x00, 0x00, 0x00, 0x00,
        0x53, 0x41, 0x54, 0x00, 0x00, 0x00, 0x00, 0x00, 0x00, 0x00, 0x00, 0x00, 0x32, 0x00, 0x00, 0x00,
        0xFF, 0x00, 0x00, 0x00, 0x00, 0x00, 0x00, 0x00, 0x00, 0x00, 0x00, 0x00, 0x00, 0x00, 0x00, 0x00,
        0x00, 0x00, 0xEC, 0x42, 0x00, 0x00, 0x48, 0xC2, 0x00, 0x00, 0x10, 0x41, 0x00, 0x00, 0x00, 0x00,
        0x00, 0x00, 0x00, 0x00, 0xCB, 0x4B, 0x7F, 0x3F, 0x23, 0xC6, 0x97, 0x3D, 0x00, 0x00, 0x00, 0x42,
        0x00, 0x00, 0x00, 0x42, 0x00, 0x00, 0x00, 0x00, 0x00, 0x00, 0x00, 0x00, 0x00, 0x00, 0x00, 0x00,
        0x00, 0x00, 0x80, 0x3F, 0x00, 0x00, 0x80, 0x3F, 0x53, 0x63, 0x72, 0x70, 0x20, 0x00, 0x00, 0x00,
        0x53, 0x6E, 0x08, 0x00, 0x49, 0x6E, 0x69, 0x74, 0x00, 0x00, 0x00, 0x00, 0x53, 0x68, 0x10, 0x00,
        0xB3, 0x44, 0x17, 0x00, 0x00, 0x00, 0x00, 0x00, 0x00, 0x00, 0x00, 0x00, 0x00, 0x00, 0x00, 0x00,
        0x46, 0x4F, 0x62, 0xEA, 0xEC, 0x00, 0x00, 0x00, 0x4F, 0x62, 0x6A, 0x44, 0xBC, 0x00, 0x00, 0x00,
        0x4F, 0x74, 0x04, 0x00, 0x02, 0x00, 0x00, 0x00, 0x4F, 0x6E, 0x0C, 0x00, 0x54, 0x75, 0x72, 0x62,
        0x6F, 0x50, 0x53, 0x49, 0x00, 0x00, 0x00, 0x00, 0x4F, 0x50, 0x10, 0x00, 0x62, 0x4A, 0x00, 0x00,
        0xF7, 0x9A, 0x51, 0x64, 0x00, 0x00, 0x00, 0x40, 0x11, 0x00, 0x00, 0x00, 0x50, 0x41, 0x04, 0x00,
        0x9A, 0x4D, 0x00, 0x00, 0x53, 0x62, 0x04, 0x00, 0x0F, 0x00, 0x00, 0x00, 0x53, 0x74, 0x08, 0x00,
        0x50, 0x00, 0x53, 0x00, 0x49, 0x00, 0x00, 0x00, 0x53, 0x6A, 0x04, 0x00, 0x00, 0x00, 0x00, 0x00,
        0x53, 0x6C, 0x04, 0x00, 0x00, 0x00, 0x00, 0x00, 0x53, 0x77, 0x04, 0x00, 0x00, 0x00, 0x00, 0x00,
        0x53, 0x4C, 0x08, 0x00, 0x54, 0x55, 0x52, 0x42, 0x4F, 0x00, 0x00, 0x00, 0x53, 0x48, 0x04, 0x00,
        0x8B, 0xE3, 0xCA, 0x03, 0x53, 0x41, 0x44, 0x00, 0xFF, 0x00, 0x00, 0x00, 0xBE, 0x00, 0x00, 0x00,
        0x96, 0x00, 0x00, 0x00, 0xFF, 0x00, 0x00, 0x00, 0x00, 0x00, 0x00, 0x00, 0x00, 0x00, 0x00, 0x00,
        0x00, 0x00, 0x00, 0x00, 0x00, 0x00, 0xEA, 0x42, 0x00, 0x00, 0x8A, 0x42, 0x00, 0x00, 0x00, 0x00,
        0x00, 0x00, 0x00, 0x00, 0x00, 0x00, 0x00, 0x00, 0x00, 0x00, 0x00, 0x00, 0x00, 0x00, 0x80, 0x3F,
        0xCD, 0xCC, 0x4C, 0x3F, 0xCD, 0xCC, 0x4C, 0x3F, 0x00, 0x00, 0x80, 0x3F, 0x53, 0x63, 0x72, 0x70,
        0x20, 0x00, 0x00, 0x00, 0x53, 0x6E, 0x08, 0x00, 0x49, 0x6E, 0x69, 0x74, 0x00, 0x00, 0x00, 0x00,
        0x53, 0x68, 0x10, 0x00, 0xB3, 0x44, 0x17, 0x00, 0x00, 0x00, 0x00, 0x00, 0x00, 0x00, 0x00, 0x00,
        0x00, 0x00, 0x00, 0x00, 0x46, 0x4F, 0x62, 0xEA, 0xCC, 0x00, 0x00, 0x00, 0x4F, 0x62, 0x6A, 0x44,
        0x9C, 0x00, 0x00, 0x00, 0x4F, 0x74, 0x04, 0x00, 0x01, 0x00, 0x00, 0x00, 0x4F, 0x6E, 0x14, 0x00,
        0x33, 0x72, 0x64, 0x70, 0x65, 0x72, 0x73, 0x6F, 0x6E, 0x5F, 0x54, 0x75, 0x72, 0x62, 0x6F, 0x44,
        0x69, 0x61, 0x6C, 0x00, 0x4F, 0x50, 0x10, 0x00, 0x5C, 0x4A, 0x00, 0x00, 0x44, 0xCE, 0x5E, 0x6D,
        0x00, 0x00, 0x00, 0x40, 0x1A, 0x00, 0x00, 0x00, 0x50, 0x41, 0x04, 0x00, 0x9A, 0x4D, 0x00, 0x00,
        0x49, 0x66, 0x04, 0x00, 0x00, 0x00, 0x00, 0x00, 0x53, 0x41, 0x54, 0x00, 0xF2, 0x00, 0x00, 0x00,
        0xE9, 0x00, 0x00, 0x00, 0xCF, 0x00, 0x00, 0x00, 0xFF, 0x00, 0x00, 0x00, 0x00, 0x00, 0x80, 0xBF,
        0x00, 0x00, 0x80, 0xC0, 0x00, 0x00, 0x00, 0x00, 0x00, 0x00, 0x02, 0x43, 0x00, 0x00, 0x8E, 0xC2,
        0x00, 0x00, 0x80, 0x3F, 0x00, 0x00, 0x00, 0x00, 0x00, 0x00, 0x00, 0x00, 0x2A, 0xFA, 0x60, 0x3F,
        0x24, 0x4E, 0xF4, 0x3E, 0x00, 0x00, 0x80, 0x41, 0x00, 0x00, 0x80, 0x42, 0x00, 0x00, 0x00, 0x00,
        0x00, 0x00, 0x00, 0x00, 0x00, 0x00, 0x00, 0x00, 0x00, 0x00, 0x80, 0x3F, 0x00, 0x00, 0x80, 0x3F,
        0x53, 0x63, 0x72, 0x70, 0x20, 0x00, 0x00, 0x00, 0x53, 0x6E, 0x08, 0x00, 0x49, 0x6E, 0x69, 0x74,
        0x00, 0x00, 0x00, 0x00, 0x53, 0x68, 0x10, 0x00, 0xB3, 0x44, 0x17, 0x00, 0x00, 0x00, 0x00, 0x00,
        0x00, 0x00, 0x00, 0x00, 0x00, 0x00, 0x00, 0x00, 0x46, 0x4F, 0x62, 0xEA, 0xD8, 0x00, 0x00, 0x00,
        0x4F, 0x62, 0x6A, 0x44, 0xA8, 0x00, 0x00, 0x00, 0x4F, 0x74, 0x04, 0x00, 0x01, 0x00, 0x00, 0x00,
        0x4F, 0x6E, 0x20, 0x00, 0x33, 0x72, 0x64, 0x70, 0x65, 0x72, 0x73, 0x6F, 0x6E, 0x5F, 0x54, 0x75,
        0x72, 0x62, 0x6F, 0x66, 0x69, 0x6C, 0x6C, 0x5F, 0x57, 0x68, 0x69, 0x74, 0x65, 0x52, 0x69, 0x6E,
        0x67, 0x00, 0x00, 0x00, 0x4F, 0x50, 0x10, 0x00, 0xAD, 0xC8, 0x0D, 0x00, 0x21, 0x86, 0x63, 0x17,
        0x00, 0x00, 0x00, 0x40, 0x1B, 0x00, 0x00, 0x00, 0x50, 0x41, 0x04, 0x00, 0x9A, 0x4D, 0x00, 0x00,
        0x49, 0x66, 0x04, 0x00, 0x00, 0x00, 0x00, 0x00, 0x53, 0x41, 0x54, 0x00, 0xFF, 0x00, 0x00, 0x00,
        0xFF, 0x00, 0x00, 0x00, 0xFF, 0x00, 0x00, 0x00, 0x1E, 0x00, 0x00, 0x00, 0x00, 0x00, 0x00, 0x00,
        0x00, 0x00, 0x00, 0x00, 0x00, 0x00, 0x00, 0x00, 0x00, 0x00, 0x1E, 0x43, 0x00, 0x00, 0x38, 0xC2,
        0x00, 0x00, 0x20, 0x41, 0x00, 0x00, 0x00, 0x00, 0x00, 0x00, 0x00, 0x00, 0x00, 0x00, 0x00, 0x00,
        0x00, 0x00, 0x80, 0x3F, 0x00, 0x00, 0x00, 0x43, 0x00, 0x00, 0x00, 0x43, 0x00, 0x00, 0x00, 0x00,
        0x00, 0x00, 0x00, 0x00, 0x00, 0x00, 0x00, 0x00, 0x00, 0x00, 0x80, 0x3F, 0x00, 0x00, 0x80, 0x3F,
        0x53, 0x63, 0x72, 0x70, 0x20, 0x00, 0x00, 0x00, 0x53, 0x6E, 0x08, 0x00, 0x49, 0x6E, 0x69, 0x74,
        0x00, 0x00, 0x00, 0x00, 0x53, 0x68, 0x10, 0x00, 0xB3, 0x44, 0x17, 0x00, 0x00, 0x00, 0x00, 0x00,
        0x00, 0x00, 0x00, 0x00, 0x00, 0x00, 0x00, 0x00, 0x46, 0x4F, 0x62, 0xEA, 0xD0, 0x00, 0x00, 0x00,
        0x4F, 0x62, 0x6A, 0x44, 0xA0, 0x00, 0x00, 0x00, 0x4F, 0x74, 0x04, 0x00, 0x01, 0x00, 0x00, 0x00,
        0x4F, 0x6E, 0x18, 0x00, 0x44, 0x72, 0x69, 0x66, 0x74, 0x5F, 0x41, 0x6E, 0x67, 0x6C, 0x65, 0x5F,
        0x42, 0x61, 0x63, 0x6B, 0x69, 0x6E, 0x67, 0x32, 0x00, 0x00, 0x00, 0x00, 0x4F, 0x50, 0x10, 0x00,
        0x8C, 0xC8, 0x0D, 0x00, 0x9E, 0x8D, 0xB7, 0x00, 0x00, 0x00, 0x00, 0x40, 0x1C, 0x00, 0x00, 0x00,
        0x50, 0x41, 0x04, 0x00, 0x9A, 0x4D, 0x00, 0x00, 0x49, 0x66, 0x04, 0x00, 0x00, 0x00, 0x00, 0x00,
        0x53, 0x41, 0x54, 0x00, 0xFF, 0x00, 0x00, 0x00, 0xFF, 0x00, 0x00, 0x00, 0xFF, 0x00, 0x00, 0x00,
        0x64, 0x00, 0x00, 0x00, 0x00, 0x00, 0x00, 0x00, 0x00, 0x00, 0x00, 0x00, 0x00, 0x00, 0x00, 0x00,
        0x00, 0x00, 0x2F, 0x43, 0x00, 0x00, 0x60, 0xC2, 0x00, 0x00, 0xB0, 0xC2, 0x00, 0x00, 0x00, 0x00,
        0x00, 0x00, 0x00, 0x00, 0x00, 0x00, 0x00, 0x00, 0x00, 0x00, 0x80, 0x3F, 0x00, 0x00, 0x00, 0x43,
        0x00, 0x00, 0x80, 0x42, 0x00, 0x00, 0x00, 0x00, 0x00, 0x00, 0x00, 0x00, 0x00, 0x00, 0x00, 0x00,
        0x00, 0x00, 0x80, 0x3F, 0x00, 0x00, 0x80, 0x3F, 0x53, 0x63, 0x72, 0x70, 0x20, 0x00, 0x00, 0x00,
        0x53, 0x6E, 0x08, 0x00, 0x49, 0x6E, 0x69, 0x74, 0x00, 0x00, 0x00, 0x00, 0x53, 0x68, 0x10, 0x00,
        0xB3, 0x44, 0x17, 0x00, 0x00, 0x00, 0x00, 0x00, 0x00, 0x00, 0x00, 0x00, 0x00, 0x00, 0x00, 0x00,
        0x46, 0x4F, 0x62, 0xEA, 0xD0, 0x00, 0x00, 0x00, 0x4F, 0x62, 0x6A, 0x44, 0xA0, 0x00, 0x00, 0x00,
        0x4F, 0x74, 0x04, 0x00, 0x01, 0x00, 0x00, 0x00, 0x4F, 0x6E, 0x18, 0x00, 0x33, 0x72, 0x64, 0x70,
        0x65, 0x72, 0x73, 0x6F, 0x6E, 0x5F, 0x54, 0x75, 0x72, 0x62, 0x6F, 0x6C, 0x69, 0x67, 0x68, 0x74,
        0x00, 0x00, 0x00, 0x00, 0x4F, 0x50, 0x10, 0x00, 0x2C, 0xC9, 0x0D, 0x00, 0x22, 0x74, 0xC9, 0x19,
        0x00, 0x00, 0x00, 0x40, 0x1D, 0x00, 0x00, 0x00, 0x50, 0x41, 0x04, 0x00, 0x9A, 0x4D, 0x00, 0x00,
        0x49, 0x66, 0x04, 0x00, 0x00, 0x00, 0x00, 0x00, 0x53, 0x41, 0x54, 0x00, 0x30, 0x00, 0x00, 0x00,
        0xCF, 0x00, 0x00, 0x00, 0x30, 0x00, 0x00, 0x00, 0xFF, 0x00, 0x00, 0x00, 0x00, 0x00, 0x00, 0x00,
        0x00, 0x00, 0x00, 0x00, 0x00, 0x00, 0x00, 0x00, 0x00, 0x00, 0x16, 0x43, 0x00, 0x00, 0x78, 0xC2,
        0x00, 0x00, 0x00, 0x40, 0x00, 0x00, 0x00, 0x00, 0x00, 0x00, 0x00, 0x00, 0x00, 0x00, 0x00, 0x00,
        0x00, 0x00, 0x80, 0x3F, 0x00, 0x00, 0x80, 0x41, 0x00, 0x00, 0x80, 0x41, 0x00, 0x00, 0x00, 0x00,
        0x00, 0x00, 0x00, 0x00, 0x00, 0x00, 0x00, 0x00, 0x00, 0x00, 0x80, 0x3F, 0x00, 0x00, 0x80, 0x3F,
        0x53, 0x63, 0x72, 0x70, 0x20, 0x00, 0x00, 0x00, 0x53, 0x6E, 0x08, 0x00, 0x49, 0x6E, 0x69, 0x74,
        0x00, 0x00, 0x00, 0x00, 0x53, 0x68, 0x10, 0x00, 0xB3, 0x44, 0x17, 0x00, 0x00, 0x00, 0x00, 0x00,
        0x00, 0x00, 0x00, 0x00, 0x00, 0x00, 0x00, 0x00, 0x46, 0x4F, 0x62, 0xEA, 0xA8, 0x00, 0x00, 0x00,
        0x4F, 0x62, 0x6A, 0x44, 0x78, 0x00, 0x00, 0x00, 0x4F, 0x74, 0x04, 0x00, 0x05, 0x00, 0x00, 0x00,
        0x4F, 0x6E, 0x08, 0x00, 0x4E, 0x4F, 0x53, 0x5F, 0x34, 0x00, 0x00, 0x00, 0x4F, 0x50, 0x10, 0x00,
        0xD8, 0x45, 0x00, 0x00, 0x22, 0x0E, 0x5B, 0x03, 0x00, 0x00, 0x00, 0x40, 0xFF, 0xFF, 0xFF, 0xFF,
        0x50, 0x41, 0x04, 0x00, 0x81, 0x8B, 0x00, 0x00, 0x53, 0x41, 0x44, 0x00, 0xFF, 0x00, 0x00, 0x00,
        0xFF, 0x00, 0x00, 0x00, 0xFF, 0x00, 0x00, 0x00, 0xFF, 0x00, 0x00, 0x00, 0x00, 0x00, 0x00, 0x00,
        0x00, 0x00, 0x00, 0x00, 0x00, 0x00, 0x00, 0x00, 0x00, 0x80, 0x90, 0x43, 0x00, 0x00, 0x50, 0x42,
        0x00, 0x00, 0x20, 0x41, 0x00, 0x00, 0x00, 0x00, 0x00, 0x00, 0x00, 0x00, 0x00, 0x00, 0x00, 0x00,
        0x00, 0x00, 0x80, 0x3F, 0x00, 0x00, 0x80, 0x3F, 0x00, 0x00, 0x80, 0x3F, 0x00, 0x00, 0x80, 0x3F,
        0x53, 0x63, 0x72, 0x70, 0x20, 0x00, 0x00, 0x00, 0x53, 0x6E, 0x08, 0x00, 0x49, 0x6E, 0x69, 0x74,
        0x00, 0x00, 0x00, 0x00, 0x53, 0x68, 0x10, 0x00, 0xB3, 0x44, 0x17, 0x00, 0x00, 0x00, 0x00, 0x00,
        0x00, 0x00, 0x00, 0x00, 0x00, 0x00, 0x00, 0x00, 0x46, 0x4F, 0x62, 0xEA, 0x94, 0x02, 0x00, 0x00,
        0x4F, 0x62, 0x6A, 0x44, 0x94, 0x00, 0x00, 0x00, 0x4F, 0x74, 0x04, 0x00, 0x01, 0x00, 0x00, 0x00,
        0x4F, 0x6E, 0x0C, 0x00, 0x4E, 0x4F, 0x53, 0x5F, 0x62, 0x61, 0x72, 0x5F, 0x34, 0x5F, 0x32, 0x00,
        0x4F, 0x50, 0x10, 0x00, 0x91, 0x1F, 0x00, 0x00, 0x07, 0x1E, 0x79, 0x97, 0x00, 0x00, 0x00, 0x40,
        0xFF, 0xFF, 0xFF, 0xFF, 0x50, 0x41, 0x04, 0x00, 0xD8, 0x45, 0x00, 0x00, 0x49, 0x66, 0x04, 0x00,
        0x00, 0x00, 0x00, 0x00, 0x53, 0x41, 0x54, 0x00, 0x00, 0x00, 0x00, 0x00, 0xFF, 0x00, 0x00, 0x00,
        0x00, 0x00, 0x00, 0x00, 0x96, 0x00, 0x00, 0x00, 0x00, 0x00, 0x00, 0x00, 0x00, 0x00, 0x00, 0x00,
        0x00, 0x00, 0x00, 0x00, 0x04, 0x00, 0x30, 0x40, 0x00, 0x40, 0x2B, 0xC3, 0x01, 0x00, 0x1C, 0xC1,
        0x00, 0x00, 0x00, 0x00, 0x00, 0x00, 0x00, 0x00, 0x00, 0x00, 0x00, 0x00, 0x00, 0x00, 0x80, 0x3F,
        0x00, 0x00, 0x00, 0x42, 0x00, 0x00, 0x00, 0x42, 0x00, 0x00, 0x00, 0x00, 0x00, 0x00, 0x00, 0x00,
        0x00, 0x00, 0x00, 0x00, 0x00, 0x00, 0x80, 0x3F, 0x00, 0x00, 0x80, 0x3F, 0x53, 0x63, 0x72, 0x70,
        0x74, 0x00, 0x00, 0x00, 0x53, 0x6E, 0x08, 0x00, 0x49, 0x6E, 0x69, 0x74, 0x00, 0x00, 0x00, 0x00,
        0x53, 0x68, 0x10, 0x00, 0xB3, 0x44, 0x17, 0x00, 0x00, 0x00, 0x00, 0x00, 0x00, 0x00, 0x00, 0x00,
        0x02, 0x00, 0x00, 0x00, 0x46, 0x49, 0x08, 0x00, 0x06, 0x10, 0x01, 0x00, 0x00, 0x00, 0x00, 0x00,
        0x54, 0x6F, 0x04, 0x00, 0x00, 0x00, 0x00, 0x00, 0x4B, 0x64, 0x14, 0x00, 0xFF, 0xFF, 0xFF, 0xFF,
        0x00, 0x00, 0x00, 0x00, 0xFF, 0x00, 0x00, 0x00, 0x00, 0x00, 0x00, 0x00, 0x96, 0x00, 0x00, 0x00,
        0x46, 0x49, 0x08, 0x00, 0x04, 0x0C, 0x01, 0x00, 0x00, 0x00, 0x00, 0x00, 0x54, 0x6F, 0x04, 0x00,
        0x07, 0x00, 0x00, 0x00, 0x4B, 0x64, 0x10, 0x00, 0xFF, 0xFF, 0xFF, 0xFF, 0x04, 0x00, 0x30, 0x40,
        0x00, 0x40, 0x2B, 0xC3, 0x01, 0x00, 0x1C, 0xC1, 0x53, 0x63, 0x72, 0x70, 0x74, 0x01, 0x00, 0x00,
        0x53, 0x6E, 0x08, 0x00, 0x42, 0x6C, 0x69, 0x6E, 0x6B, 0x00, 0x00, 0x00, 0x53, 0x68, 0x10, 0x00,
        0x4F, 0x16, 0x80, 0x02, 0x08, 0x07, 0x00, 0x00, 0x00, 0x00, 0x00, 0x00, 0x02, 0x00, 0x00, 0x00,
        0x46, 0x49, 0x08, 0x00, 0x06, 0x10, 0x01, 0x00, 0x08, 0x07, 0x00, 0x00, 0x54, 0x6F, 0x04, 0x00,
        0x00, 0x00, 0x00, 0x00, 0x4B, 0x64, 0x04, 0x01, 0xFF, 0xFF, 0xFF, 0xFF, 0x00, 0x00, 0x00, 0x00,
        0xFF, 0x00, 0x00, 0x00, 0x00, 0x00, 0x00, 0x00, 0x96, 0x00, 0x00, 0x00, 0x00, 0x00, 0x00, 0x00,
        0x00, 0x00, 0x00, 0x00, 0x41, 0xFF, 0xFF, 0xFF, 0xFF, 0x00, 0x00, 0x00, 0x00, 0x00, 0x00, 0x00,
        0x04, 0x01, 0x00, 0x00, 0x00, 0x00, 0x00, 0x00, 0x41, 0xFF, 0xFF, 0xFF, 0xFF, 0x00, 0x00, 0x00,
        0x00, 0x00, 0x00, 0x00, 0x18, 0x01, 0x00, 0x00, 0x00, 0x00, 0x00, 0x00, 0x00, 0x00, 0x00, 0x00,
        0x00, 0x00, 0x00, 0x00, 0x00, 0x00, 0x00, 0x00, 0x1C, 0x02, 0x00, 0x00, 0x00, 0x00, 0x00, 0x00,
        0x00, 0x00, 0x00, 0x00, 0x00, 0x00, 0x00, 0x00, 0x00, 0x00, 0x00, 0x00, 0x30, 0x02, 0x00, 0x00,
        0x00, 0x00, 0x00, 0x00, 0x41, 0xFF, 0xFF, 0xFF, 0xFF, 0x00, 0x00, 0x00, 0x00, 0x00, 0x00, 0x00,
        0x34, 0x03, 0x00, 0x00, 0x00, 0x00, 0x00, 0x00, 0x41, 0xFF, 0xFF, 0xFF, 0xFF, 0x00, 0x00, 0x00,
        0x00, 0x00, 0x00, 0x00, 0x48, 0x03, 0x00, 0x00, 0x00, 0x00, 0x00, 0x00, 0x00, 0x00, 0x00, 0x00,
        0x00, 0x00, 0x00, 0x00, 0x00, 0x00, 0x00, 0x00, 0x4C, 0x04, 0x00, 0x00, 0x00, 0x00, 0x00, 0x00,
        0x00, 0x00, 0x00, 0x00, 0x00, 0x00, 0x00, 0x00, 0x00, 0x00, 0x00, 0x00, 0x60, 0x04, 0x00, 0x00,
        0x00, 0x00, 0x00, 0x00, 0x41, 0xFF, 0xFF, 0xFF, 0xFF, 0x00, 0x00, 0x00, 0x00, 0x00, 0x00, 0x00,
        0x64, 0x05, 0x00, 0x00, 0x00, 0x00, 0x00, 0x00, 0x41, 0xFF, 0xFF, 0xFF, 0xFF, 0x00, 0x00, 0x00,
        0x00, 0x00, 0x00, 0x00, 0x78, 0x05, 0x00, 0x00, 0x00, 0x00, 0x00, 0x00, 0x00, 0x00, 0x00, 0x00,
        0x00, 0x00, 0x00, 0x00, 0x00, 0x00, 0x00, 0x00, 0x08, 0x07, 0x00, 0x00, 0x00, 0x00, 0x00, 0x00,
        0x00, 0x00, 0x00, 0x00, 0x00, 0x00, 0x00, 0x00, 0x6A, 0xFF, 0xFF, 0xFF, 0x46, 0x49, 0x08, 0x00,
        0x04, 0x0C, 0x01, 0x00, 0x08, 0x07, 0x00, 0x00, 0x54, 0x6F, 0x04, 0x00, 0x07, 0x00, 0x00, 0x00,
        0x4B, 0x64, 0x20, 0x00, 0xFF, 0xFF, 0xFF, 0xFF, 0x04, 0x00, 0x30, 0x40, 0x00, 0x40, 0x3F, 0xC3,
        0x01, 0x00, 0x1C, 0xC1, 0x00, 0x00, 0x00, 0x00, 0x00, 0x00, 0x80, 0xB5, 0x00, 0x00, 0xA0, 0x41,
        0x00, 0x00, 0x80, 0x35, 0x46, 0x4F, 0x62, 0xEA, 0x94, 0x02, 0x00, 0x00, 0x4F, 0x62, 0x6A, 0x44,
        0x94, 0x00, 0x00, 0x00, 0x4F, 0x74, 0x04, 0x00, 0x01, 0x00, 0x00, 0x00, 0x4F, 0x6E, 0x0C, 0x00,
        0x4E, 0x4F, 0x53, 0x5F, 0x62, 0x61, 0x72, 0x5F, 0x34, 0x5F, 0x33, 0x00, 0x4F, 0x50, 0x10, 0x00,
        0x8C, 0x1F, 0x00, 0x00, 0x08, 0x1E, 0x79, 0x97, 0x00, 0x00, 0x00, 0x40, 0xFF, 0xFF, 0xFF, 0xFF,
        0x50, 0x41, 0x04, 0x00, 0xD8, 0x45, 0x00, 0x00, 0x49, 0x66, 0x04, 0x00, 0x00, 0x00, 0x00, 0x00,
        0x53, 0x41, 0x54, 0x00, 0x00, 0x00, 0x00, 0x00, 0xFF, 0x00, 0x00, 0x00, 0x00, 0x00, 0x00, 0x00,
        0x96, 0x00, 0x00, 0x00, 0x00, 0x00, 0x00, 0x00, 0x00, 0x00, 0x00, 0x00, 0x00, 0x00, 0x00, 0x00,
        0x00, 0x00, 0x50, 0xC1, 0xFF, 0xFF, 0x1B, 0xC3, 0x01, 0x00, 0x20, 0xC1, 0x00, 0x00, 0x00, 0x00,
        0x00, 0x00, 0x00, 0x00, 0x00, 0x00, 0x00, 0x00, 0x00, 0x00, 0x80, 0x3F, 0x00, 0x00, 0x00, 0x42,
        0x00, 0x00, 0x00, 0x42, 0x00, 0x00, 0x00, 0x00, 0x00, 0x00, 0x00, 0x00, 0x00, 0x00, 0x00, 0x00,
        0x00, 0x00, 0x80, 0x3F, 0x00, 0x00, 0x80, 0x3F, 0x53, 0x63, 0x72, 0x70, 0x74, 0x00, 0x00, 0x00,
        0x53, 0x6E, 0x08, 0x00, 0x49, 0x6E, 0x69, 0x74, 0x00, 0x00, 0x00, 0x00, 0x53, 0x68, 0x10, 0x00,
        0xB3, 0x44, 0x17, 0x00, 0x00, 0x00, 0x00, 0x00, 0x00, 0x00, 0x00, 0x00, 0x02, 0x00, 0x00, 0x00,
        0x46, 0x49, 0x08, 0x00, 0x06, 0x10, 0x01, 0x00, 0x00, 0x00, 0x00, 0x00, 0x54, 0x6F, 0x04, 0x00,
        0x00, 0x00, 0x00, 0x00, 0x4B, 0x64, 0x14, 0x00, 0xFF, 0xFF, 0xFF, 0xFF, 0x00, 0x00, 0x00, 0x00,
        0xFF, 0x00, 0x00, 0x00, 0x00, 0x00, 0x00, 0x00, 0x96, 0x00, 0x00, 0x00, 0x46, 0x49, 0x08, 0x00,
        0x04, 0x0C, 0x01, 0x00, 0x00, 0x00, 0x00, 0x00, 0x54, 0x6F, 0x04, 0x00, 0x07, 0x00, 0x00, 0x00,
        0x4B, 0x64, 0x10, 0x00, 0xFF, 0xFF, 0xFF, 0xFF, 0x00, 0x00, 0x50, 0xC1, 0xFF, 0xFF, 0x1B, 0xC3,
        0x01, 0x00, 0x20, 0xC1, 0x53, 0x63, 0x72, 0x70, 0x74, 0x01, 0x00, 0x00, 0x53, 0x6E, 0x08, 0x00,
        0x42, 0x6C, 0x69, 0x6E, 0x6B, 0x00, 0x00, 0x00, 0x53, 0x68, 0x10, 0x00, 0x4F, 0x16, 0x80, 0x02,
        0x08, 0x07, 0x00, 0x00, 0x00, 0x00, 0x00, 0x00, 0x02, 0x00, 0x00, 0x00, 0x46, 0x49, 0x08, 0x00,
        0x06, 0x10, 0x01, 0x00, 0x08, 0x07, 0x00, 0x00, 0x54, 0x6F, 0x04, 0x00, 0x00, 0x00, 0x00, 0x00,
        0x4B, 0x64, 0x04, 0x01, 0xFF, 0xFF, 0xFF, 0xFF, 0x00, 0x00, 0x00, 0x00, 0xFF, 0x00, 0x00, 0x00,
        0x00, 0x00, 0x00, 0x00, 0x96, 0x00, 0x00, 0x00, 0x00, 0x00, 0x00, 0x00, 0x00, 0x00, 0x00, 0x00,
        0x41, 0xFF, 0xFF, 0xFF, 0xFF, 0x00, 0x00, 0x00, 0x00, 0x00, 0x00, 0x00, 0x04, 0x01, 0x00, 0x00,
        0x00, 0x00, 0x00, 0x00, 0x41, 0xFF, 0xFF, 0xFF, 0xFF, 0x00, 0x00, 0x00, 0x00, 0x00, 0x00, 0x00,
        0x18, 0x01, 0x00, 0x00, 0x00, 0x00, 0x00, 0x00, 0x00, 0x00, 0x00, 0x00, 0x00, 0x00, 0x00, 0x00,
        0x00, 0x00, 0x00, 0x00, 0x1C, 0x02, 0x00, 0x00, 0x00, 0x00, 0x00, 0x00, 0x00, 0x00, 0x00, 0x00,
        0x00, 0x00, 0x00, 0x00, 0x00, 0x00, 0x00, 0x00, 0x30, 0x02, 0x00, 0x00, 0x00, 0x00, 0x00, 0x00,
        0x41, 0xFF, 0xFF, 0xFF, 0xFF, 0x00, 0x00, 0x00, 0x00, 0x00, 0x00, 0x00, 0x34, 0x03, 0x00, 0x00,
        0x00, 0x00, 0x00, 0x00, 0x41, 0xFF, 0xFF, 0xFF, 0xFF, 0x00, 0x00, 0x00, 0x00, 0x00, 0x00, 0x00,
        0x48, 0x03, 0x00, 0x00, 0x00, 0x00, 0x00, 0x00, 0x00, 0x00, 0x00, 0x00, 0x00, 0x00, 0x00, 0x00,
        0x00, 0x00, 0x00, 0x00, 0x4C, 0x04, 0x00, 0x00, 0x00, 0x00, 0x00, 0x00, 0x00, 0x00, 0x00, 0x00,
        0x00, 0x00, 0x00, 0x00, 0x00, 0x00, 0x00, 0x00, 0x60, 0x04, 0x00, 0x00, 0x00, 0x00, 0x00, 0x00,
        0x41, 0xFF, 0xFF, 0xFF, 0xFF, 0x00, 0x00, 0x00, 0x00, 0x00, 0x00, 0x00, 0x64, 0x05, 0x00, 0x00,
        0x00, 0x00, 0x00, 0x00, 0x41, 0xFF, 0xFF, 0xFF, 0xFF, 0x00, 0x00, 0x00, 0x00, 0x00, 0x00, 0x00,
        0x78, 0x05, 0x00, 0x00, 0x00, 0x00, 0x00, 0x00, 0x00, 0x00, 0x00, 0x00, 0x00, 0x00, 0x00, 0x00,
        0x00, 0x00, 0x00, 0x00, 0x08, 0x07, 0x00, 0x00, 0x00, 0x00, 0x00, 0x00, 0x00, 0x00, 0x00, 0x00,
        0x00, 0x00, 0x00, 0x00, 0x6A, 0xFF, 0xFF, 0xFF, 0x46, 0x49, 0x08, 0x00, 0x04, 0x0C, 0x01, 0x00,
        0x08, 0x07, 0x00, 0x00, 0x54, 0x6F, 0x04, 0x00, 0x07, 0x00, 0x00, 0x00, 0x4B, 0x64, 0x20, 0x00,
        0xFF, 0xFF, 0xFF, 0xFF, 0x00, 0x00, 0x50, 0xC1, 0xFF, 0xFF, 0x2F, 0xC3, 0x01, 0x00, 0x20, 0xC1,
        0x00, 0x00, 0x00, 0x00, 0x00, 0x00, 0x00, 0x00, 0xF8, 0xFF, 0x9F, 0x41, 0x00, 0x00, 0x80, 0x35,
        0x46, 0x4F, 0x62, 0xEA, 0x94, 0x02, 0x00, 0x00, 0x4F, 0x62, 0x6A, 0x44, 0x94, 0x00, 0x00, 0x00,
        0x4F, 0x74, 0x04, 0x00, 0x01, 0x00, 0x00, 0x00, 0x4F, 0x6E, 0x0C, 0x00, 0x4E, 0x4F, 0x53, 0x5F,
        0x62, 0x61, 0x72, 0x5F, 0x34, 0x5F, 0x34, 0x00, 0x4F, 0x50, 0x10, 0x00, 0x82, 0x1F, 0x00, 0x00,
        0x09, 0x1E, 0x79, 0x97, 0x00, 0x00, 0x00, 0x40, 0xFF, 0xFF, 0xFF, 0xFF, 0x50, 0x41, 0x04, 0x00,
        0xD8, 0x45, 0x00, 0x00, 0x49, 0x66, 0x04, 0x00, 0x00, 0x00, 0x00, 0x00, 0x53, 0x41, 0x54, 0x00,
        0x00, 0x00, 0x00, 0x00, 0xFF, 0x00, 0x00, 0x00, 0x00, 0x00, 0x00, 0x00, 0x96, 0x00, 0x00, 0x00,
        0x00, 0x00, 0x00, 0x00, 0x00, 0x00, 0x00, 0x00, 0x00, 0x00, 0x00, 0x00, 0x01, 0x00, 0x00, 0xC1,
        0x00, 0x00, 0x03, 0xC3, 0x02, 0x00, 0x50, 0xC1, 0x00, 0x00, 0x00, 0x00, 0x00, 0x00, 0x00, 0x00,
        0x00, 0x00, 0x00, 0x00, 0x00, 0x00, 0x80, 0x3F, 0x00, 0x00, 0x00, 0x42, 0x00, 0x00, 0x00, 0x42,
        0x00, 0x00, 0x00, 0x00, 0x00, 0x00, 0x00, 0x00, 0x00, 0x00, 0x00, 0x00, 0x00, 0x00, 0x80, 0x3F,
        0x00, 0x00, 0x80, 0x3F, 0x53, 0x63, 0x72, 0x70, 0x74, 0x00, 0x00, 0x00, 0x53, 0x6E, 0x08, 0x00,
        0x49, 0x6E, 0x69, 0x74, 0x00, 0x00, 0x00, 0x00, 0x53, 0x68, 0x10, 0x00, 0xB3, 0x44, 0x17, 0x00,
        0x00, 0x00, 0x00, 0x00, 0x00, 0x00, 0x00, 0x00, 0x02, 0x00, 0x00, 0x00, 0x46, 0x49, 0x08, 0x00,
        0x06, 0x10, 0x01, 0x00, 0x00, 0x00, 0x00, 0x00, 0x54, 0x6F, 0x04, 0x00, 0x00, 0x00, 0x00, 0x00,
        0x4B, 0x64, 0x14, 0x00, 0xFF, 0xFF, 0xFF, 0xFF, 0x00, 0x00, 0x00, 0x00, 0xFF, 0x00, 0x00, 0x00,
        0x00, 0x00, 0x00, 0x00, 0x96, 0x00, 0x00, 0x00, 0x46, 0x49, 0x08, 0x00, 0x04, 0x0C, 0x01, 0x00,
        0x00, 0x00, 0x00, 0x00, 0x54, 0x6F, 0x04, 0x00, 0x07, 0x00, 0x00, 0x00, 0x4B, 0x64, 0x10, 0x00,
        0xFF, 0xFF, 0xFF, 0xFF, 0x01, 0x00, 0x00, 0xC1, 0x00, 0x00, 0x03, 0xC3, 0x02, 0x00, 0x50, 0xC1,
        0x53, 0x63, 0x72, 0x70, 0x74, 0x01, 0x00, 0x00, 0x53, 0x6E, 0x08, 0x00, 0x42, 0x6C, 0x69, 0x6E,
        0x6B, 0x00, 0x00, 0x00, 0x53, 0x68, 0x10, 0x00, 0x4F, 0x16, 0x80, 0x02, 0x08, 0x07, 0x00, 0x00,
        0x00, 0x00, 0x00, 0x00, 0x02, 0x00, 0x00, 0x00, 0x46, 0x49, 0x08, 0x00, 0x06, 0x10, 0x01, 0x00,
        0x08, 0x07, 0x00, 0x00, 0x54, 0x6F, 0x04, 0x00, 0x00, 0x00, 0x00, 0x00, 0x4B, 0x64, 0x04, 0x01,
        0xFF, 0xFF, 0xFF, 0xFF, 0x00, 0x00, 0x00, 0x00, 0xFF, 0x00, 0x00, 0x00, 0x00, 0x00, 0x00, 0x00,
        0x96, 0x00, 0x00, 0x00, 0x00, 0x00, 0x00, 0x00, 0x00, 0x00, 0x00, 0x00, 0x41, 0xFF, 0xFF, 0xFF,
        0xFF, 0x00, 0x00, 0x00, 0x00, 0x00, 0x00, 0x00, 0x04, 0x01, 0x00, 0x00, 0x00, 0x00, 0x00, 0x00,
        0x41, 0xFF, 0xFF, 0xFF, 0xFF, 0x00, 0x00, 0x00, 0x00, 0x00, 0x00, 0x00, 0x18, 0x01, 0x00, 0x00,
        0x00, 0x00, 0x00, 0x00, 0x00, 0x00, 0x00, 0x00, 0x00, 0x00, 0x00, 0x00, 0x00, 0x00, 0x00, 0x00,
        0x1C, 0x02, 0x00, 0x00, 0x00, 0x00, 0x00, 0x00, 0x00, 0x00, 0x00, 0x00, 0x00, 0x00, 0x00, 0x00,
        0x00, 0x00, 0x00, 0x00, 0x30, 0x02, 0x00, 0x00, 0x00, 0x00, 0x00, 0x00, 0x41, 0xFF, 0xFF, 0xFF,
        0xFF, 0x00, 0x00, 0x00, 0x00, 0x00, 0x00, 0x00, 0x34, 0x03, 0x00, 0x00, 0x00, 0x00, 0x00, 0x00,
        0x41, 0xFF, 0xFF, 0xFF, 0xFF, 0x00, 0x00, 0x00, 0x00, 0x00, 0x00, 0x00, 0x48, 0x03, 0x00, 0x00,
        0x00, 0x00, 0x00, 0x00, 0x00, 0x00, 0x00, 0x00, 0x00, 0x00, 0x00, 0x00, 0x00, 0x00, 0x00, 0x00,
        0x4C, 0x04, 0x00, 0x00, 0x00, 0x00, 0x00, 0x00, 0x00, 0x00, 0x00, 0x00, 0x00, 0x00, 0x00, 0x00,
        0x00, 0x00, 0x00, 0x00, 0x60, 0x04, 0x00, 0x00, 0x00, 0x00, 0x00, 0x00, 0x41, 0xFF, 0xFF, 0xFF,
        0xFF, 0x00, 0x00, 0x00, 0x00, 0x00, 0x00, 0x00, 0x64, 0x05, 0x00, 0x00, 0x00, 0x00, 0x00, 0x00,
        0x41, 0xFF, 0xFF, 0xFF, 0xFF, 0x00, 0x00, 0x00, 0x00, 0x00, 0x00, 0x00, 0x78, 0x05, 0x00, 0x00,
        0x00, 0x00, 0x00, 0x00, 0x00, 0x00, 0x00, 0x00, 0x00, 0x00, 0x00, 0x00, 0x00, 0x00, 0x00, 0x00,
        0x08, 0x07, 0x00, 0x00, 0x00, 0x00, 0x00, 0x00, 0x00, 0x00, 0x00, 0x00, 0x00, 0x00, 0x00, 0x00,
        0x6A, 0xFF, 0xFF, 0xFF, 0x46, 0x49, 0x08, 0x00, 0x04, 0x0C, 0x01, 0x00, 0x08, 0x07, 0x00, 0x00,
        0x54, 0x6F, 0x04, 0x00, 0x07, 0x00, 0x00, 0x00, 0x4B, 0x64, 0x20, 0x00, 0xFF, 0xFF, 0xFF, 0xFF,
        0x01, 0x00, 0x00, 0xC1, 0x00, 0x00, 0x17, 0xC3, 0x02, 0x00, 0x50, 0xC1, 0x00, 0x00, 0x00, 0x00,
        0x00, 0x00, 0x80, 0x35, 0x00, 0x00, 0xA0, 0x41, 0x00, 0x00, 0x00, 0x36, 0x46, 0x4F, 0x62, 0xEA,
        0x94, 0x02, 0x00, 0x00, 0x4F, 0x62, 0x6A, 0x44, 0x94, 0x00, 0x00, 0x00, 0x4F, 0x74, 0x04, 0x00,
        0x01, 0x00, 0x00, 0x00, 0x4F, 0x6E, 0x0C, 0x00, 0x4E, 0x4F, 0x53, 0x5F, 0x62, 0x61, 0x72, 0x5F,
        0x34, 0x5F, 0x31, 0x00, 0x4F, 0x50, 0x10, 0x00, 0x96, 0x1F, 0x00, 0x00, 0x06, 0x1E, 0x79, 0x97,
        0x00, 0x00, 0x00, 0x40, 0xFF, 0xFF, 0xFF, 0xFF, 0x50, 0x41, 0x04, 0x00, 0xD8, 0x45, 0x00, 0x00,
        0x49, 0x66, 0x04, 0x00, 0x00, 0x00, 0x00, 0x00, 0x53, 0x41, 0x54, 0x00, 0x00, 0x00, 0x00, 0x00,
        0xFF, 0x00, 0x00, 0x00, 0x00, 0x00, 0x00, 0x00, 0x96, 0x00, 0x00, 0x00, 0x00, 0x00, 0x00, 0x00,
        0x00, 0x00, 0x00, 0x00, 0x00, 0x00, 0x00, 0x00, 0x02, 0x00, 0xE6, 0x41, 0x00, 0x40, 0x27, 0xC3,
        0x01, 0x00, 0x2C, 0xC1, 0x00, 0x00, 0x00, 0x00, 0x00, 0x00, 0x00, 0x00, 0x00, 0x00, 0x00, 0x00,
        0x00, 0x00, 0x80, 0x3F, 0x00, 0x00, 0x00, 0x42, 0x00, 0x00, 0x00, 0x42, 0x00, 0x00, 0x00, 0x00,
        0x00, 0x00, 0x00, 0x00, 0x00, 0x00, 0x00, 0x00, 0x00, 0x00, 0x80, 0x3F, 0x00, 0x00, 0x80, 0x3F,
        0x53, 0x63, 0x72, 0x70, 0x74, 0x00, 0x00, 0x00, 0x53, 0x6E, 0x08, 0x00, 0x49, 0x6E, 0x69, 0x74,
        0x00, 0x00, 0x00, 0x00, 0x53, 0x68, 0x10, 0x00, 0xB3, 0x44, 0x17, 0x00, 0x00, 0x00, 0x00, 0x00,
        0x00, 0x00, 0x00, 0x00, 0x02, 0x00, 0x00, 0x00, 0x46, 0x49, 0x08, 0x00, 0x06, 0x10, 0x01, 0x00,
        0x00, 0x00, 0x00, 0x00, 0x54, 0x6F, 0x04, 0x00, 0x00, 0x00, 0x00, 0x00, 0x4B, 0x64, 0x14, 0x00,
        0xFF, 0xFF, 0xFF, 0xFF, 0x00, 0x00, 0x00, 0x00, 0xFF, 0x00, 0x00, 0x00, 0x00, 0x00, 0x00, 0x00,
        0x96, 0x00, 0x00, 0x00, 0x46, 0x49, 0x08, 0x00, 0x04, 0x0C, 0x01, 0x00, 0x00, 0x00, 0x00, 0x00,
        0x54, 0x6F, 0x04, 0x00, 0x07, 0x00, 0x00, 0x00, 0x4B, 0x64, 0x10, 0x00, 0xFF, 0xFF, 0xFF, 0xFF,
        0x02, 0x00, 0xE6, 0x41, 0x00, 0x40, 0x27, 0xC3, 0x01, 0x00, 0x2C, 0xC1, 0x53, 0x63, 0x72, 0x70,
        0x74, 0x01, 0x00, 0x00, 0x53, 0x6E, 0x08, 0x00, 0x42, 0x6C, 0x69, 0x6E, 0x6B, 0x00, 0x00, 0x00,
        0x53, 0x68, 0x10, 0x00, 0x4F, 0x16, 0x80, 0x02, 0x08, 0x07, 0x00, 0x00, 0x00, 0x00, 0x00, 0x00,
        0x02, 0x00, 0x00, 0x00, 0x46, 0x49, 0x08, 0x00, 0x06, 0x10, 0x01, 0x00, 0x08, 0x07, 0x00, 0x00,
        0x54, 0x6F, 0x04, 0x00, 0x00, 0x00, 0x00, 0x00, 0x4B, 0x64, 0x04, 0x01, 0xFF, 0xFF, 0xFF, 0xFF,
        0x00, 0x00, 0x00, 0x00, 0xFF, 0x00, 0x00, 0x00, 0x00, 0x00, 0x00, 0x00, 0x96, 0x00, 0x00, 0x00,
        0x00, 0x00, 0x00, 0x00, 0x00, 0x00, 0x00, 0x00, 0x41, 0xFF, 0xFF, 0xFF, 0xFF, 0x00, 0x00, 0x00,
        0x00, 0x00, 0x00, 0x00, 0x04, 0x01, 0x00, 0x00, 0x00, 0x00, 0x00, 0x00, 0x41, 0xFF, 0xFF, 0xFF,
        0xFF, 0x00, 0x00, 0x00, 0x00, 0x00, 0x00, 0x00, 0x18, 0x01, 0x00, 0x00, 0x00, 0x00, 0x00, 0x00,
        0x00, 0x00, 0x00, 0x00, 0x00, 0x00, 0x00, 0x00, 0x00, 0x00, 0x00, 0x00, 0x1C, 0x02, 0x00, 0x00,
        0x00, 0x00, 0x00, 0x00, 0x00, 0x00, 0x00, 0x00, 0x00, 0x00, 0x00, 0x00, 0x00, 0x00, 0x00, 0x00,
        0x30, 0x02, 0x00, 0x00, 0x00, 0x00, 0x00, 0x00, 0x41, 0xFF, 0xFF, 0xFF, 0xFF, 0x00, 0x00, 0x00,
        0x00, 0x00, 0x00, 0x00, 0x34, 0x03, 0x00, 0x00, 0x00, 0x00, 0x00, 0x00, 0x41, 0xFF, 0xFF, 0xFF,
        0xFF, 0x00, 0x00, 0x00, 0x00, 0x00, 0x00, 0x00, 0x48, 0x03, 0x00, 0x00, 0x00, 0x00, 0x00, 0x00,
        0x00, 0x00, 0x00, 0x00, 0x00, 0x00, 0x00, 0x00, 0x00, 0x00, 0x00, 0x00, 0x4C, 0x04, 0x00, 0x00,
        0x00, 0x00, 0x00, 0x00, 0x00, 0x00, 0x00, 0x00, 0x00, 0x00, 0x00, 0x00, 0x00, 0x00, 0x00, 0x00,
        0x60, 0x04, 0x00, 0x00, 0x00, 0x00, 0x00, 0x00, 0x41, 0xFF, 0xFF, 0xFF, 0xFF, 0x00, 0x00, 0x00,
        0x00, 0x00, 0x00, 0x00, 0x64, 0x05, 0x00, 0x00, 0x00, 0x00, 0x00, 0x00, 0x41, 0xFF, 0xFF, 0xFF,
        0xFF, 0x00, 0x00, 0x00, 0x00, 0x00, 0x00, 0x00, 0x78, 0x05, 0x00, 0x00, 0x00, 0x00, 0x00, 0x00,
        0x00, 0x00, 0x00, 0x00, 0x00, 0x00, 0x00, 0x00, 0x00, 0x00, 0x00, 0x00, 0x08, 0x07, 0x00, 0x00,
        0x00, 0x00, 0x00, 0x00, 0x00, 0x00, 0x00, 0x00, 0x00, 0x00, 0x00, 0x00, 0x6A, 0xFF, 0xFF, 0xFF,
        0x46, 0x49, 0x08, 0x00, 0x04, 0x0C, 0x01, 0x00, 0x08, 0x07, 0x00, 0x00, 0x54, 0x6F, 0x04, 0x00,
        0x07, 0x00, 0x00, 0x00, 0x4B, 0x64, 0x20, 0x00, 0xFF, 0xFF, 0xFF, 0xFF, 0x02, 0x00, 0xE6, 0x41,
        0x00, 0x40, 0x3B, 0xC3, 0x01, 0x00, 0x2C, 0xC1, 0x00, 0x00, 0x00, 0x00, 0x00, 0x00, 0x80, 0xB6,
        0x00, 0x00, 0xA0, 0x41, 0x00, 0x00, 0x80, 0x35, 0x46, 0x4F, 0x62, 0xEA, 0xA8, 0x00, 0x00, 0x00,
        0x4F, 0x62, 0x6A, 0x44, 0x78, 0x00, 0x00, 0x00, 0x4F, 0x74, 0x04, 0x00, 0x05, 0x00, 0x00, 0x00,
        0x4F, 0x6E, 0x08, 0x00, 0x4E, 0x4F, 0x53, 0x5F, 0x36, 0x00, 0x00, 0x00, 0x4F, 0x50, 0x10, 0x00,
        0xCE, 0x1F, 0x00, 0x00, 0x24, 0x0E, 0x5B, 0x03, 0x00, 0x00, 0x00, 0x40, 0xFF, 0xFF, 0xFF, 0xFF,
        0x50, 0x41, 0x04, 0x00, 0x81, 0x8B, 0x00, 0x00, 0x53, 0x41, 0x44, 0x00, 0x00, 0x00, 0x00, 0x00,
        0xFF, 0x00, 0x00, 0x00, 0x00, 0x00, 0x00, 0x00, 0xFF, 0x00, 0x00, 0x00, 0x00, 0x00, 0x00, 0x00,
        0x00, 0x00, 0x00, 0x00, 0x00, 0x00, 0x00, 0x00, 0x00, 0x00, 0x7E, 0xC3, 0x00, 0x00, 0x5C, 0x42,
        0x00, 0x00, 0x00, 0xC0, 0x00, 0x00, 0x00, 0x00, 0x00, 0x00, 0x00, 0x00, 0x00, 0x00, 0x00, 0x00,
        0x00, 0x00, 0x80, 0x3F, 0x00, 0x00, 0x80, 0x3F, 0x00, 0x00, 0x80, 0x3F, 0x00, 0x00, 0x80, 0x3F,
        0x53, 0x63, 0x72, 0x70, 0x20, 0x00, 0x00, 0x00, 0x53, 0x6E, 0x08, 0x00, 0x49, 0x6E, 0x69, 0x74,
        0x00, 0x00, 0x00, 0x00, 0x53, 0x68, 0x10, 0x00, 0xB3, 0x44, 0x17, 0x00, 0x00, 0x00, 0x00, 0x00,
        0x00, 0x00, 0x00, 0x00, 0x00, 0x00, 0x00, 0x00, 0x46, 0x4F, 0x62, 0xEA, 0x34, 0x02, 0x00, 0x00,
        0x4F, 0x62, 0x6A, 0x44, 0x94, 0x00, 0x00, 0x00, 0x4F, 0x74, 0x04, 0x00, 0x01, 0x00, 0x00, 0x00,
        0x4F, 0x6E, 0x0C, 0x00, 0x4E, 0x4F, 0x53, 0x5F, 0x62, 0x61, 0x72, 0x5F, 0x36, 0x5F, 0x36, 0x00,
        0x4F, 0x50, 0x10, 0x00, 0xAD, 0x1F, 0x00, 0x00, 0x8D, 0x26, 0x79, 0x97, 0x00, 0x00, 0x00, 0x40,
        0xFF, 0xFF, 0xFF, 0xFF, 0x50, 0x41, 0x04, 0x00, 0xCE, 0x1F, 0x00, 0x00, 0x49, 0x66, 0x04, 0x00,
        0x00, 0x00, 0x00, 0x00, 0x53, 0x41, 0x54, 0x00, 0x00, 0x00, 0x00, 0x00, 0xFF, 0x00, 0x00, 0x00,
        0x00, 0x00, 0x00, 0x00, 0x96, 0x00, 0x00, 0x00, 0x00, 0x00, 0x00, 0x00, 0x00, 0x00, 0x00, 0x00,
        0x00, 0x00, 0x00, 0x00, 0x00, 0x40, 0x03, 0x44, 0x00, 0x00, 0x30, 0xC3, 0x01, 0x00, 0xA0, 0xC0,
        0x00, 0x00, 0x00, 0x00, 0x00, 0x00, 0x00, 0x00, 0x00, 0x00, 0x00, 0x00, 0x00, 0x00, 0x80, 0x3F,
        0x00, 0x00, 0x00, 0x42, 0x00, 0x00, 0x00, 0x42, 0x00, 0x00, 0x00, 0x00, 0x00, 0x00, 0x00, 0x00,
        0x00, 0x00, 0x00, 0x00, 0x00, 0x00, 0x80, 0x3F, 0x00, 0x00, 0x80, 0x3F, 0x53, 0x63, 0x72, 0x70,
        0x4C, 0x00, 0x00, 0x00, 0x53, 0x6E, 0x08, 0x00, 0x49, 0x6E, 0x69, 0x74, 0x00, 0x00, 0x00, 0x00,
        0x53, 0x68, 0x10, 0x00, 0xB3, 0x44, 0x17, 0x00, 0x00, 0x00, 0x00, 0x00, 0x00, 0x00, 0x00, 0x00,
        0x01, 0x00, 0x00, 0x00, 0x46, 0x49, 0x08, 0x00, 0x06, 0x10, 0x01, 0x00, 0x00, 0x00, 0x00, 0x00,
        0x54, 0x6F, 0x04, 0x00, 0x00, 0x00, 0x00, 0x00, 0x4B, 0x64, 0x14, 0x00, 0xFF, 0xFF, 0xFF, 0xFF,
        0x00, 0x00, 0x00, 0x00, 0xFF, 0x00, 0x00, 0x00, 0x00, 0x00, 0x00, 0x00, 0x96, 0x00, 0x00, 0x00,
        0x53, 0x63, 0x72, 0x70, 0x3C, 0x01, 0x00, 0x00, 0x53, 0x6E, 0x08, 0x00, 0x42, 0x6C, 0x69, 0x6E,
        0x6B, 0x00, 0x00, 0x00, 0x53, 0x68, 0x10, 0x00, 0x4F, 0x16, 0x80, 0x02, 0x08, 0x07, 0x00, 0x00,
        0x00, 0x00, 0x00, 0x00, 0x01, 0x00, 0x00, 0x00, 0x46, 0x49, 0x08, 0x00, 0x06, 0x10, 0x01, 0x00,
        0x08, 0x07, 0x00, 0x00, 0x54, 0x6F, 0x04, 0x00, 0x00, 0x00, 0x00, 0x00, 0x4B, 0x64, 0x04, 0x01,
        0xFF, 0xFF, 0xFF, 0xFF, 0x00, 0x00, 0x00, 0x00, 0xBF, 0x00, 0x00, 0x00, 0x00, 0x00, 0x00, 0x00,
        0x96, 0x00, 0x00, 0x00, 0x00, 0x00, 0x00, 0x00, 0x00, 0x00, 0x00, 0x00, 0x81, 0xFF, 0xFF, 0xFF,
        0xFF, 0x00, 0x00, 0x00, 0x00, 0x00, 0x00, 0x00, 0x04, 0x01, 0x00, 0x00, 0x00, 0x00, 0x00, 0x00,
        0x41, 0xFF, 0xFF, 0xFF, 0xFF, 0x00, 0x00, 0x00, 0x00, 0x00, 0x00, 0x00, 0x18, 0x01, 0x00, 0x00,
        0x00, 0x00, 0x00, 0x00, 0x00, 0x00, 0x00, 0x00, 0x00, 0x00, 0x00, 0x00, 0x00, 0x00, 0x00, 0x00,
        0x1C, 0x02, 0x00, 0x00, 0x00, 0x00, 0x00, 0x00, 0x00, 0x00, 0x00, 0x00, 0x00, 0x00, 0x00, 0x00,
        0x00, 0x00, 0x00, 0x00, 0x30, 0x02, 0x00, 0x00, 0x00, 0x00, 0x00, 0x00, 0x41, 0xFF, 0xFF, 0xFF,
        0xFF, 0x00, 0x00, 0x00, 0x00, 0x00, 0x00, 0x00, 0x34, 0x03, 0x00, 0x00, 0x00, 0x00, 0x00, 0x00,
        0x41, 0xFF, 0xFF, 0xFF, 0xFF, 0x00, 0x00, 0x00, 0x00, 0x00, 0x00, 0x00, 0x48, 0x03, 0x00, 0x00,
        0x00, 0x00, 0x00, 0x00, 0x00, 0x00, 0x00, 0x00, 0x00, 0x00, 0x00, 0x00, 0x00, 0x00, 0x00, 0x00,
        0x4C, 0x04, 0x00, 0x00, 0x00, 0x00, 0x00, 0x00, 0x00, 0x00, 0x00, 0x00, 0x00, 0x00, 0x00, 0x00,
        0x00, 0x00, 0x00, 0x00, 0x60, 0x04, 0x00, 0x00, 0x00, 0x00, 0x00, 0x00, 0x41, 0xFF, 0xFF, 0xFF,
        0xFF, 0x00, 0x00, 0x00, 0x00, 0x00, 0x00, 0x00, 0x64, 0x05, 0x00, 0x00, 0x00, 0x00, 0x00, 0x00,
        0x41, 0xFF, 0xFF, 0xFF, 0xFF, 0x00, 0x00, 0x00, 0x00, 0x00, 0x00, 0x00, 0x78, 0x05, 0x00, 0x00,
        0x00, 0x00, 0x00, 0x00, 0x00, 0x00, 0x00, 0x00, 0x00, 0x00, 0x00, 0x00, 0x00, 0x00, 0x00, 0x00,
        0x08, 0x07, 0x00, 0x00, 0x00, 0x00, 0x00, 0x00, 0x00, 0x00, 0x00, 0x00, 0x00, 0x00, 0x00, 0x00,
        0x6A, 0xFF, 0xFF, 0xFF, 0x46, 0x4F, 0x62, 0xEA, 0x34, 0x02, 0x00, 0x00, 0x4F, 0x62, 0x6A, 0x44,
        0x94, 0x00, 0x00, 0x00, 0x4F, 0x74, 0x04, 0x00, 0x01, 0x00, 0x00, 0x00, 0x4F, 0x6E, 0x0C, 0x00,
        0x4E, 0x4F, 0x53, 0x5F, 0x62, 0x61, 0x72, 0x5F, 0x36, 0x5F, 0x35, 0x00, 0x4F, 0x50, 0x10, 0x00,
        0xB3, 0x1F, 0x00, 0x00, 0x8C, 0x26, 0x79, 0x97, 0x00, 0x00, 0x00, 0x40, 0xFF, 0xFF, 0xFF, 0xFF,
        0x50, 0x41, 0x04, 0x00, 0xCE, 0x1F, 0x00, 0x00, 0x49, 0x66, 0x04, 0x00, 0x00, 0x00, 0x00, 0x00,
        0x53, 0x41, 0x54, 0x00, 0x00, 0x00, 0x00, 0x00, 0xFF, 0x00, 0x00, 0x00, 0x00, 0x00, 0x00, 0x00,
        0x96, 0x00, 0x00, 0x00, 0x00, 0x00, 0x00, 0x00, 0x00, 0x00, 0x00, 0x00, 0x00, 0x00, 0x00, 0x00,
        0x00, 0x80, 0x01, 0x44, 0xFF, 0xFF, 0x3B, 0xC3, 0x01, 0x00, 0xA0, 0xC0, 0x00, 0x00, 0x00, 0x00,
        0x00, 0x00, 0x00, 0x00, 0x00, 0x00, 0x00, 0x00, 0x00, 0x00, 0x80, 0x3F, 0x00, 0x00, 0x00, 0x42,
        0x00, 0x00, 0x00, 0x42, 0x00, 0x00, 0x00, 0x00, 0x00, 0x00, 0x00, 0x00, 0x00, 0x00, 0x00, 0x00,
        0x00, 0x00, 0x80, 0x3F, 0x00, 0x00, 0x80, 0x3F, 0x53, 0x63, 0x72, 0x70, 0x4C, 0x00, 0x00, 0x00,
        0x53, 0x6E, 0x08, 0x00, 0x49, 0x6E, 0x69, 0x74, 0x00, 0x00, 0x00, 0x00, 0x53, 0x68, 0x10, 0x00,
        0xB3, 0x44, 0x17, 0x00, 0x00, 0x00, 0x00, 0x00, 0x00, 0x00, 0x00, 0x00, 0x01, 0x00, 0x00, 0x00,
        0x46, 0x49, 0x08, 0x00, 0x06, 0x10, 0x01, 0x00, 0x00, 0x00, 0x00, 0x00, 0x54, 0x6F, 0x04, 0x00,
        0x00, 0x00, 0x00, 0x00, 0x4B, 0x64, 0x14, 0x00, 0xFF, 0xFF, 0xFF, 0xFF, 0x00, 0x00, 0x00, 0x00,
        0xFF, 0x00, 0x00, 0x00, 0x00, 0x00, 0x00, 0x00, 0x96, 0x00, 0x00, 0x00, 0x53, 0x63, 0x72, 0x70,
        0x3C, 0x01, 0x00, 0x00, 0x53, 0x6E, 0x08, 0x00, 0x42, 0x6C, 0x69, 0x6E, 0x6B, 0x00, 0x00, 0x00,
        0x53, 0x68, 0x10, 0x00, 0x4F, 0x16, 0x80, 0x02, 0x08, 0x07, 0x00, 0x00, 0x00, 0x00, 0x00, 0x00,
        0x01, 0x00, 0x00, 0x00, 0x46, 0x49, 0x08, 0x00, 0x06, 0x10, 0x01, 0x00, 0x08, 0x07, 0x00, 0x00,
        0x54, 0x6F, 0x04, 0x00, 0x00, 0x00, 0x00, 0x00, 0x4B, 0x64, 0x04, 0x01, 0xFF, 0xFF, 0xFF, 0xFF,
        0x00, 0x00, 0x00, 0x00, 0xFF, 0x00, 0x00, 0x00, 0x00, 0x00, 0x00, 0x00, 0x96, 0x00, 0x00, 0x00,
        0x00, 0x00, 0x00, 0x00, 0x00, 0x00, 0x00, 0x00, 0x41, 0xFF, 0xFF, 0xFF, 0xFF, 0x00, 0x00, 0x00,
        0x00, 0x00, 0x00, 0x00, 0x04, 0x01, 0x00, 0x00, 0x00, 0x00, 0x00, 0x00, 0x41, 0xFF, 0xFF, 0xFF,
        0xFF, 0x00, 0x00, 0x00, 0x00, 0x00, 0x00, 0x00, 0x18, 0x01, 0x00, 0x00, 0x00, 0x00, 0x00, 0x00,
        0x00, 0x00, 0x00, 0x00, 0x00, 0x00, 0x00, 0x00, 0x00, 0x00, 0x00, 0x00, 0x1C, 0x02, 0x00, 0x00,
        0x00, 0x00, 0x00, 0x00, 0x00, 0x00, 0x00, 0x00, 0x00, 0x00, 0x00, 0x00, 0x00, 0x00, 0x00, 0x00,
        0x30, 0x02, 0x00, 0x00, 0x00, 0x00, 0x00, 0x00, 0x41, 0xFF, 0xFF, 0xFF, 0xFF, 0x00, 0x00, 0x00,
        0x00, 0x00, 0x00, 0x00, 0x34, 0x03, 0x00, 0x00, 0x00, 0x00, 0x00, 0x00, 0x41, 0xFF, 0xFF, 0xFF,
        0xFF, 0x00, 0x00, 0x00, 0x00, 0x00, 0x00, 0x00, 0x48, 0x03, 0x00, 0x00, 0x00, 0x00, 0x00, 0x00,
        0x00, 0x00, 0x00, 0x00, 0x00, 0x00, 0x00, 0x00, 0x00, 0x00, 0x00, 0x00, 0x4C, 0x04, 0x00, 0x00,
        0x00, 0x00, 0x00, 0x00, 0x00, 0x00, 0x00, 0x00, 0x00, 0x00, 0x00, 0x00, 0x00, 0x00, 0x00, 0x00,
        0x60, 0x04, 0x00, 0x00, 0x00, 0x00, 0x00, 0x00, 0x41, 0xFF, 0xFF, 0xFF, 0xFF, 0x00, 0x00, 0x00,
        0x00, 0x00, 0x00, 0x00, 0x64, 0x05, 0x00, 0x00, 0x00, 0x00, 0x00, 0x00, 0x41, 0xFF, 0xFF, 0xFF,
        0xFF, 0x00, 0x00, 0x00, 0x00, 0x00, 0x00, 0x00, 0x78, 0x05, 0x00, 0x00, 0x00, 0x00, 0x00, 0x00,
        0x00, 0x00, 0x00, 0x00, 0x00, 0x00, 0x00, 0x00, 0x00, 0x00, 0x00, 0x00, 0x08, 0x07, 0x00, 0x00,
        0x00, 0x00, 0x00, 0x00, 0x00, 0x00, 0x00, 0x00, 0x00, 0x00, 0x00, 0x00, 0x6A, 0xFF, 0xFF, 0xFF,
        0x46, 0x4F, 0x62, 0xEA, 0x34, 0x02, 0x00, 0x00, 0x4F, 0x62, 0x6A, 0x44, 0x94, 0x00, 0x00, 0x00,
        0x4F, 0x74, 0x04, 0x00, 0x01, 0x00, 0x00, 0x00, 0x4F, 0x6E, 0x0C, 0x00, 0x4E, 0x4F, 0x53, 0x5F,
        0x62, 0x61, 0x72, 0x5F, 0x36, 0x5F, 0x34, 0x00, 0x4F, 0x50, 0x10, 0x00, 0xB8, 0x1F, 0x00, 0x00,
        0x8B, 0x26, 0x79, 0x97, 0x00, 0x00, 0x00, 0x40, 0xFF, 0xFF, 0xFF, 0xFF, 0x50, 0x41, 0x04, 0x00,
        0xCE, 0x1F, 0x00, 0x00, 0x49, 0x66, 0x04, 0x00, 0x00, 0x00, 0x00, 0x00, 0x53, 0x41, 0x54, 0x00,
        0x00, 0x00, 0x00, 0x00, 0xFF, 0x00, 0x00, 0x00, 0x00, 0x00, 0x00, 0x00, 0x96, 0x00, 0x00, 0x00,
        0x00, 0x00, 0x00, 0x00, 0x00, 0x00, 0x00, 0x00, 0x00, 0x00, 0x00, 0x00, 0x00, 0xC0, 0x01, 0x44,
        0x00, 0x00, 0x4D, 0xC3, 0x01, 0x00, 0xA0, 0xC0, 0x00, 0x00, 0x00, 0x00, 0x00, 0x00, 0x00, 0x00,
        0x00, 0x00, 0x00, 0x00, 0x00, 0x00, 0x80, 0x3F, 0x00, 0x00, 0x00, 0x42, 0x00, 0x00, 0x00, 0x42,
        0x00, 0x00, 0x00, 0x00, 0x00, 0x00, 0x00, 0x00, 0x00, 0x00, 0x00, 0x00, 0x00, 0x00, 0x80, 0x3F,
        0x00, 0x00, 0x80, 0x3F, 0x53, 0x63, 0x72, 0x70, 0x4C, 0x00, 0x00, 0x00, 0x53, 0x6E, 0x08, 0x00,
        0x49, 0x6E, 0x69, 0x74, 0x00, 0x00, 0x00, 0x00, 0x53, 0x68, 0x10, 0x00, 0xB3, 0x44, 0x17, 0x00,
        0x00, 0x00, 0x00, 0x00, 0x00, 0x00, 0x00, 0x00, 0x01, 0x00, 0x00, 0x00, 0x46, 0x49, 0x08, 0x00,
        0x06, 0x10, 0x01, 0x00, 0x00, 0x00, 0x00, 0x00, 0x54, 0x6F, 0x04, 0x00, 0x00, 0x00, 0x00, 0x00,
        0x4B, 0x64, 0x14, 0x00, 0xFF, 0xFF, 0xFF, 0xFF, 0x00, 0x00, 0x00, 0x00, 0xFF, 0x00, 0x00, 0x00,
        0x00, 0x00, 0x00, 0x00, 0x96, 0x00, 0x00, 0x00, 0x53, 0x63, 0x72, 0x70, 0x3C, 0x01, 0x00, 0x00,
        0x53, 0x6E, 0x08, 0x00, 0x42, 0x6C, 0x69, 0x6E, 0x6B, 0x00, 0x00, 0x00, 0x53, 0x68, 0x10, 0x00,
        0x4F, 0x16, 0x80, 0x02, 0x08, 0x07, 0x00, 0x00, 0x00, 0x00, 0x00, 0x00, 0x01, 0x00, 0x00, 0x00,
        0x46, 0x49, 0x08, 0x00, 0x06, 0x10, 0x01, 0x00, 0x08, 0x07, 0x00, 0x00, 0x54, 0x6F, 0x04, 0x00,
        0x00, 0x00, 0x00, 0x00, 0x4B, 0x64, 0x04, 0x01, 0xFF, 0xFF, 0xFF, 0xFF, 0x00, 0x00, 0x00, 0x00,
        0xFF, 0x00, 0x00, 0x00, 0x00, 0x00, 0x00, 0x00, 0x96, 0x00, 0x00, 0x00, 0x00, 0x00, 0x00, 0x00,
        0x00, 0x00, 0x00, 0x00, 0x41, 0xFF, 0xFF, 0xFF, 0xFF, 0x00, 0x00, 0x00, 0x00, 0x00, 0x00, 0x00,
        0x04, 0x01, 0x00, 0x00, 0x00, 0x00, 0x00, 0x00, 0x41, 0xFF, 0xFF, 0xFF, 0xFF, 0x00, 0x00, 0x00,
        0x00, 0x00, 0x00, 0x00, 0x18, 0x01, 0x00, 0x00, 0x00, 0x00, 0x00, 0x00, 0x00, 0x00, 0x00, 0x00,
        0x00, 0x00, 0x00, 0x00, 0x00, 0x00, 0x00, 0x00, 0x1C, 0x02, 0x00, 0x00, 0x00, 0x00, 0x00, 0x00,
        0x00, 0x00, 0x00, 0x00, 0x00, 0x00, 0x00, 0x00, 0x00, 0x00, 0x00, 0x00, 0x30, 0x02, 0x00, 0x00,
        0x00, 0x00, 0x00, 0x00, 0x41, 0xFF, 0xFF, 0xFF, 0xFF, 0x00, 0x00, 0x00, 0x00, 0x00, 0x00, 0x00,
        0x34, 0x03, 0x00, 0x00, 0x00, 0x00, 0x00, 0x00, 0x41, 0xFF, 0xFF, 0xFF, 0xFF, 0x00, 0x00, 0x00,
        0x00, 0x00, 0x00, 0x00, 0x48, 0x03, 0x00, 0x00, 0x00, 0x00, 0x00, 0x00, 0x00, 0x00, 0x00, 0x00,
        0x00, 0x00, 0x00, 0x00, 0x00, 0x00, 0x00, 0x00, 0x4C, 0x04, 0x00, 0x00, 0x00, 0x00, 0x00, 0x00,
        0x00, 0x00, 0x00, 0x00, 0x00, 0x00, 0x00, 0x00, 0x00, 0x00, 0x00, 0x00, 0x60, 0x04, 0x00, 0x00,
        0x00, 0x00, 0x00, 0x00, 0x41, 0xFF, 0xFF, 0xFF, 0xFF, 0x00, 0x00, 0x00, 0x00, 0x00, 0x00, 0x00,
        0x64, 0x05, 0x00, 0x00, 0x00, 0x00, 0x00, 0x00, 0x41, 0xFF, 0xFF, 0xFF, 0xFF, 0x00, 0x00, 0x00,
        0x00, 0x00, 0x00, 0x00, 0x78, 0x05, 0x00, 0x00, 0x00, 0x00, 0x00, 0x00, 0x00, 0x00, 0x00, 0x00,
        0x00, 0x00, 0x00, 0x00, 0x00, 0x00, 0x00, 0x00, 0x08, 0x07, 0x00, 0x00, 0x00, 0x00, 0x00, 0x00,
        0x00, 0x00, 0x00, 0x00, 0x00, 0x00, 0x00, 0x00, 0x6A, 0xFF, 0xFF, 0xFF, 0x46, 0x4F, 0x62, 0xEA,
        0x34, 0x02, 0x00, 0x00, 0x4F, 0x62, 0x6A, 0x44, 0x94, 0x00, 0x00, 0x00, 0x4F, 0x74, 0x04, 0x00,
        0x01, 0x00, 0x00, 0x00, 0x4F, 0x6E, 0x0C, 0x00, 0x4E, 0x4F, 0x53, 0x5F, 0x62, 0x61, 0x72, 0x5F,
        0x36, 0x5F, 0x33, 0x00, 0x4F, 0x50, 0x10, 0x00, 0xBD, 0x1F, 0x00, 0x00, 0x8A, 0x26, 0x79, 0x97,
        0x00, 0x00, 0x00, 0x40, 0xFF, 0xFF, 0xFF, 0xFF, 0x50, 0x41, 0x04, 0x00, 0xCE, 0x1F, 0x00, 0x00,
        0x49, 0x66, 0x04, 0x00, 0x00, 0x00, 0x00, 0x00, 0x53, 0x41, 0x54, 0x00, 0x00, 0x00, 0x00, 0x00,
        0xFF, 0x00, 0x00, 0x00, 0x00, 0x00, 0x00, 0x00, 0x96, 0x00, 0x00, 0x00, 0x00, 0x00, 0x00, 0x00,
        0x00, 0x00, 0x00, 0x00, 0x00, 0x00, 0x00, 0x00, 0x00, 0x00, 0x04, 0x44, 0x00, 0x00, 0x58, 0xC3,
        0x01, 0x00, 0xA0, 0xC0, 0x00, 0x00, 0x00, 0x00, 0x00, 0x00, 0x00, 0x00, 0x00, 0x00, 0x00, 0x00,
        0x00, 0x00, 0x80, 0x3F, 0x00, 0x00, 0x00, 0x42, 0x00, 0x00, 0x00, 0x42, 0x00, 0x00, 0x00, 0x00,
        0x00, 0x00, 0x00, 0x00, 0x00, 0x00, 0x00, 0x00, 0x00, 0x00, 0x80, 0x3F, 0x00, 0x00, 0x80, 0x3F,
        0x53, 0x63, 0x72, 0x70, 0x4C, 0x00, 0x00, 0x00, 0x53, 0x6E, 0x08, 0x00, 0x49, 0x6E, 0x69, 0x74,
        0x00, 0x00, 0x00, 0x00, 0x53, 0x68, 0x10, 0x00, 0xB3, 0x44, 0x17, 0x00, 0x00, 0x00, 0x00, 0x00,
        0x00, 0x00, 0x00, 0x00, 0x01, 0x00, 0x00, 0x00, 0x46, 0x49, 0x08, 0x00, 0x06, 0x10, 0x01, 0x00,
        0x00, 0x00, 0x00, 0x00, 0x54, 0x6F, 0x04, 0x00, 0x00, 0x00, 0x00, 0x00, 0x4B, 0x64, 0x14, 0x00,
        0xFF, 0xFF, 0xFF, 0xFF, 0x00, 0x00, 0x00, 0x00, 0xFF, 0x00, 0x00, 0x00, 0x00, 0x00, 0x00, 0x00,
        0x96, 0x00, 0x00, 0x00, 0x53, 0x63, 0x72, 0x70, 0x3C, 0x01, 0x00, 0x00, 0x53, 0x6E, 0x08, 0x00,
        0x42, 0x6C, 0x69, 0x6E, 0x6B, 0x00, 0x00, 0x00, 0x53, 0x68, 0x10, 0x00, 0x4F, 0x16, 0x80, 0x02,
        0x08, 0x07, 0x00, 0x00, 0x00, 0x00, 0x00, 0x00, 0x01, 0x00, 0x00, 0x00, 0x46, 0x49, 0x08, 0x00,
        0x06, 0x10, 0x01, 0x00, 0x08, 0x07, 0x00, 0x00, 0x54, 0x6F, 0x04, 0x00, 0x00, 0x00, 0x00, 0x00,
        0x4B, 0x64, 0x04, 0x01, 0xFF, 0xFF, 0xFF, 0xFF, 0x00, 0x00, 0x00, 0x00, 0xFF, 0x00, 0x00, 0x00,
        0x00, 0x00, 0x00, 0x00, 0x96, 0x00, 0x00, 0x00, 0x00, 0x00, 0x00, 0x00, 0x00, 0x00, 0x00, 0x00,
        0x41, 0xFF, 0xFF, 0xFF, 0xFF, 0x00, 0x00, 0x00, 0x00, 0x00, 0x00, 0x00, 0x04, 0x01, 0x00, 0x00,
        0x00, 0x00, 0x00, 0x00, 0x41, 0xFF, 0xFF, 0xFF, 0xFF, 0x00, 0x00, 0x00, 0x00, 0x00, 0x00, 0x00,
        0x18, 0x01, 0x00, 0x00, 0x00, 0x00, 0x00, 0x00, 0x00, 0x00, 0x00, 0x00, 0x00, 0x00, 0x00, 0x00,
        0x00, 0x00, 0x00, 0x00, 0x1C, 0x02, 0x00, 0x00, 0x00, 0x00, 0x00, 0x00, 0x00, 0x00, 0x00, 0x00,
        0x00, 0x00, 0x00, 0x00, 0x00, 0x00, 0x00, 0x00, 0x30, 0x02, 0x00, 0x00, 0x00, 0x00, 0x00, 0x00,
        0x41, 0xFF, 0xFF, 0xFF, 0xFF, 0x00, 0x00, 0x00, 0x00, 0x00, 0x00, 0x00, 0x34, 0x03, 0x00, 0x00,
        0x00, 0x00, 0x00, 0x00, 0x41, 0xFF, 0xFF, 0xFF, 0xFF, 0x00, 0x00, 0x00, 0x00, 0x00, 0x00, 0x00,
        0x48, 0x03, 0x00, 0x00, 0x00, 0x00, 0x00, 0x00, 0x00, 0x00, 0x00, 0x00, 0x00, 0x00, 0x00, 0x00,
        0x00, 0x00, 0x00, 0x00, 0x4C, 0x04, 0x00, 0x00, 0x00, 0x00, 0x00, 0x00, 0x00, 0x00, 0x00, 0x00,
        0x00, 0x00, 0x00, 0x00, 0x00, 0x00, 0x00, 0x00, 0x60, 0x04, 0x00, 0x00, 0x00, 0x00, 0x00, 0x00,
        0x41, 0xFF, 0xFF, 0xFF, 0xFF, 0x00, 0x00, 0x00, 0x00, 0x00, 0x00, 0x00, 0x64, 0x05, 0x00, 0x00,
        0x00, 0x00, 0x00, 0x00, 0x41, 0xFF, 0xFF, 0xFF, 0xFF, 0x00, 0x00, 0x00, 0x00, 0x00, 0x00, 0x00,
        0x78, 0x05, 0x00, 0x00, 0x00, 0x00, 0x00, 0x00, 0x00, 0x00, 0x00, 0x00, 0x00, 0x00, 0x00, 0x00,
        0x00, 0x00, 0x00, 0x00, 0x08, 0x07, 0x00, 0x00, 0x00, 0x00, 0x00, 0x00, 0x00, 0x00, 0x00, 0x00,
        0x00, 0x00, 0x00, 0x00, 0x6A, 0xFF, 0xFF, 0xFF, 0x46, 0x4F, 0x62, 0xEA, 0x34, 0x02, 0x00, 0x00,
        0x4F, 0x62, 0x6A, 0x44, 0x94, 0x00, 0x00, 0x00, 0x4F, 0x74, 0x04, 0x00, 0x01, 0x00, 0x00, 0x00,
        0x4F, 0x6E, 0x0C, 0x00, 0x4E, 0x4F, 0x53, 0x5F, 0x62, 0x61, 0x72, 0x5F, 0x36, 0x5F, 0x32, 0x00,
        0x4F, 0x50, 0x10, 0x00, 0xC2, 0x1F, 0x00, 0x00, 0x89, 0x26, 0x79, 0x97, 0x00, 0x00, 0x00, 0x40,
        0xFF, 0xFF, 0xFF, 0xFF, 0x50, 0x41, 0x04, 0x00, 0xCE, 0x1F, 0x00, 0x00, 0x49, 0x66, 0x04, 0x00,
        0x00, 0x00, 0x00, 0x00, 0x53, 0x41, 0x54, 0x00, 0x00, 0x00, 0x00, 0x00, 0xFF, 0x00, 0x00, 0x00,
        0x00, 0x00, 0x00, 0x00, 0x96, 0x00, 0x00, 0x00, 0x00, 0x00, 0x00, 0x00, 0x00, 0x00, 0x00, 0x00,
        0x00, 0x00, 0x00, 0x00, 0x00, 0xC0, 0x08, 0x44, 0x00, 0x00, 0x5B, 0xC3, 0x01, 0x00, 0xA0, 0xC0,
        0x00, 0x00, 0x00, 0x00, 0x00, 0x00, 0x00, 0x00, 0x00, 0x00, 0x00, 0x00, 0x00, 0x00, 0x80, 0x3F,
        0x00, 0x00, 0x00, 0x42, 0x00, 0x00, 0x00, 0x42, 0x00, 0x00, 0x00, 0x00, 0x00, 0x00, 0x00, 0x00,
        0x00, 0x00, 0x00, 0x00, 0x00, 0x00, 0x80, 0x3F, 0x00, 0x00, 0x80, 0x3F, 0x53, 0x63, 0x72, 0x70,
        0x4C, 0x00, 0x00, 0x00, 0x53, 0x6E, 0x08, 0x00, 0x49, 0x6E, 0x69, 0x74, 0x00, 0x00, 0x00, 0x00,
        0x53, 0x68, 0x10, 0x00, 0xB3, 0x44, 0x17, 0x00, 0x00, 0x00, 0x00, 0x00, 0x00, 0x00, 0x00, 0x00,
        0x01, 0x00, 0x00, 0x00, 0x46, 0x49, 0x08, 0x00, 0x06, 0x10, 0x01, 0x00, 0x00, 0x00, 0x00, 0x00,
        0x54, 0x6F, 0x04, 0x00, 0x00, 0x00, 0x00, 0x00, 0x4B, 0x64, 0x14, 0x00, 0xFF, 0xFF, 0xFF, 0xFF,
        0x00, 0x00, 0x00, 0x00, 0xFF, 0x00, 0x00, 0x00, 0x00, 0x00, 0x00, 0x00, 0x96, 0x00, 0x00, 0x00,
        0x53, 0x63, 0x72, 0x70, 0x3C, 0x01, 0x00, 0x00, 0x53, 0x6E, 0x08, 0x00, 0x42, 0x6C, 0x69, 0x6E,
        0x6B, 0x00, 0x00, 0x00, 0x53, 0x68, 0x10, 0x00, 0x4F, 0x16, 0x80, 0x02, 0x08, 0x07, 0x00, 0x00,
        0x00, 0x00, 0x00, 0x00, 0x01, 0x00, 0x00, 0x00, 0x46, 0x49, 0x08, 0x00, 0x06, 0x10, 0x01, 0x00,
        0x08, 0x07, 0x00, 0x00, 0x54, 0x6F, 0x04, 0x00, 0x00, 0x00, 0x00, 0x00, 0x4B, 0x64, 0x04, 0x01,
        0xFF, 0xFF, 0xFF, 0xFF, 0x00, 0x00, 0x00, 0x00, 0xFF, 0x00, 0x00, 0x00, 0x00, 0x00, 0x00, 0x00,
        0x96, 0x00, 0x00, 0x00, 0x00, 0x00, 0x00, 0x00, 0x00, 0x00, 0x00, 0x00, 0x41, 0xFF, 0xFF, 0xFF,
        0xFF, 0x00, 0x00, 0x00, 0x00, 0x00, 0x00, 0x00, 0x04, 0x01, 0x00, 0x00, 0x00, 0x00, 0x00, 0x00,
        0x41, 0xFF, 0xFF, 0xFF, 0xFF, 0x00, 0x00, 0x00, 0x00, 0x00, 0x00, 0x00, 0x18, 0x01, 0x00, 0x00,
        0x00, 0x00, 0x00, 0x00, 0x00, 0x00, 0x00, 0x00, 0x00, 0x00, 0x00, 0x00, 0x00, 0x00, 0x00, 0x00,
        0x1C, 0x02, 0x00, 0x00, 0x00, 0x00, 0x00, 0x00, 0x00, 0x00, 0x00, 0x00, 0x00, 0x00, 0x00, 0x00,
        0x00, 0x00, 0x00, 0x00, 0x30, 0x02, 0x00, 0x00, 0x00, 0x00, 0x00, 0x00, 0x41, 0xFF, 0xFF, 0xFF,
        0xFF, 0x00, 0x00, 0x00, 0x00, 0x00, 0x00, 0x00, 0x34, 0x03, 0x00, 0x00, 0x00, 0x00, 0x00, 0x00,
        0x41, 0xFF, 0xFF, 0xFF, 0xFF, 0x00, 0x00, 0x00, 0x00, 0x00, 0x00, 0x00, 0x48, 0x03, 0x00, 0x00,
        0x00, 0x00, 0x00, 0x00, 0x00, 0x00, 0x00, 0x00, 0x00, 0x00, 0x00, 0x00, 0x00, 0x00, 0x00, 0x00,
        0x4C, 0x04, 0x00, 0x00, 0x00, 0x00, 0x00, 0x00, 0x00, 0x00, 0x00, 0x00, 0x00, 0x00, 0x00, 0x00,
        0x00, 0x00, 0x00, 0x00, 0x60, 0x04, 0x00, 0x00, 0x00, 0x00, 0x00, 0x00, 0x41, 0xFF, 0xFF, 0xFF,
        0xFF, 0x00, 0x00, 0x00, 0x00, 0x00, 0x00, 0x00, 0x64, 0x05, 0x00, 0x00, 0x00, 0x00, 0x00, 0x00,
        0x41, 0xFF, 0xFF, 0xFF, 0xFF, 0x00, 0x00, 0x00, 0x00, 0x00, 0x00, 0x00, 0x78, 0x05, 0x00, 0x00,
        0x00, 0x00, 0x00, 0x00, 0x00, 0x00, 0x00, 0x00, 0x00, 0x00, 0x00, 0x00, 0x00, 0x00, 0x00, 0x00,
        0x08, 0x07, 0x00, 0x00, 0x00, 0x00, 0x00, 0x00, 0x00, 0x00, 0x00, 0x00, 0x00, 0x00, 0x00, 0x00,
        0x6A, 0xFF, 0xFF, 0xFF, 0x46, 0x4F, 0x62, 0xEA, 0x34, 0x02, 0x00, 0x00, 0x4F, 0x62, 0x6A, 0x44,
        0x94, 0x00, 0x00, 0x00, 0x4F, 0x74, 0x04, 0x00, 0x01, 0x00, 0x00, 0x00, 0x4F, 0x6E, 0x0C, 0x00,
        0x4E, 0x4F, 0x53, 0x5F, 0x62, 0x61, 0x72, 0x5F, 0x36, 0x5F, 0x31, 0x00, 0x4F, 0x50, 0x10, 0x00,
        0xC7, 0x1F, 0x00, 0x00, 0x88, 0x26, 0x79, 0x97, 0x00, 0x00, 0x00, 0x40, 0xFF, 0xFF, 0xFF, 0xFF,
        0x50, 0x41, 0x04, 0x00, 0xCE, 0x1F, 0x00, 0x00, 0x49, 0x66, 0x04, 0x00, 0x00, 0x00, 0x00, 0x00,
        0x53, 0x41, 0x54, 0x00, 0x00, 0x00, 0x00, 0x00, 0xFF, 0x00, 0x00, 0x00, 0x00, 0x00, 0x00, 0x00,
        0x96, 0x00, 0x00, 0x00, 0x00, 0x00, 0x00, 0x00, 0x00, 0x00, 0x00, 0x00, 0x00, 0x00, 0x00, 0x00,
        0x00, 0x00, 0x0C, 0x44, 0x00, 0x00, 0x53, 0xC3, 0x02, 0x00, 0xC0, 0xC0, 0x00, 0x00, 0x00, 0x00,
        0x00, 0x00, 0x00, 0x00, 0x00, 0x00, 0x00, 0x00, 0x00, 0x00, 0x80, 0x3F, 0x00, 0x00, 0x00, 0x42,
        0x00, 0x00, 0x00, 0x42, 0x00, 0x00, 0x00, 0x00, 0x00, 0x00, 0x00, 0x00, 0x00, 0x00, 0x00, 0x00,
        0x00, 0x00, 0x80, 0x3F, 0x00, 0x00, 0x80, 0x3F, 0x53, 0x63, 0x72, 0x70, 0x4C, 0x00, 0x00, 0x00,
        0x53, 0x6E, 0x08, 0x00, 0x49, 0x6E, 0x69, 0x74, 0x00, 0x00, 0x00, 0x00, 0x53, 0x68, 0x10, 0x00,
        0xB3, 0x44, 0x17, 0x00, 0x00, 0x00, 0x00, 0x00, 0x00, 0x00, 0x00, 0x00, 0x01, 0x00, 0x00, 0x00,
        0x46, 0x49, 0x08, 0x00, 0x06, 0x10, 0x01, 0x00, 0x00, 0x00, 0x00, 0x00, 0x54, 0x6F, 0x04, 0x00,
        0x00, 0x00, 0x00, 0x00, 0x4B, 0x64, 0x14, 0x00, 0xFF, 0xFF, 0xFF, 0xFF, 0x00, 0x00, 0x00, 0x00,
        0xFF, 0x00, 0x00, 0x00, 0x00, 0x00, 0x00, 0x00, 0x96, 0x00, 0x00, 0x00, 0x53, 0x63, 0x72, 0x70,
        0x3C, 0x01, 0x00, 0x00, 0x53, 0x6E, 0x08, 0x00, 0x42, 0x6C, 0x69, 0x6E, 0x6B, 0x00, 0x00, 0x00,
        0x53, 0x68, 0x10, 0x00, 0x4F, 0x16, 0x80, 0x02, 0x08, 0x07, 0x00, 0x00, 0x00, 0x00, 0x00, 0x00,
        0x01, 0x00, 0x00, 0x00, 0x46, 0x49, 0x08, 0x00, 0x06, 0x10, 0x01, 0x00, 0x08, 0x07, 0x00, 0x00,
        0x54, 0x6F, 0x04, 0x00, 0x00, 0x00, 0x00, 0x00, 0x4B, 0x64, 0x04, 0x01, 0xFF, 0xFF, 0xFF, 0xFF,
        0x00, 0x00, 0x00, 0x00, 0xFF, 0x00, 0x00, 0x00, 0x00, 0x00, 0x00, 0x00, 0x96, 0x00, 0x00, 0x00,
        0x00, 0x00, 0x00, 0x00, 0x00, 0x00, 0x00, 0x00, 0x41, 0xFF, 0xFF, 0xFF, 0xFF, 0x00, 0x00, 0x00,
        0x00, 0x00, 0x00, 0x00, 0x04, 0x01, 0x00, 0x00, 0x00, 0x00, 0x00, 0x00, 0x41, 0xFF, 0xFF, 0xFF,
        0xFF, 0x00, 0x00, 0x00, 0x00, 0x00, 0x00, 0x00, 0x18, 0x01, 0x00, 0x00, 0x00, 0x00, 0x00, 0x00,
        0x00, 0x00, 0x00, 0x00, 0x00, 0x00, 0x00, 0x00, 0x00, 0x00, 0x00, 0x00, 0x1C, 0x02, 0x00, 0x00,
        0x00, 0x00, 0x00, 0x00, 0x00, 0x00, 0x00, 0x00, 0x00, 0x00, 0x00, 0x00, 0x00, 0x00, 0x00, 0x00,
        0x30, 0x02, 0x00, 0x00, 0x00, 0x00, 0x00, 0x00, 0x41, 0xFF, 0xFF, 0xFF, 0xFF, 0x00, 0x00, 0x00,
        0x00, 0x00, 0x00, 0x00, 0x34, 0x03, 0x00, 0x00, 0x00, 0x00, 0x00, 0x00, 0x41, 0xFF, 0xFF, 0xFF,
        0xFF, 0x00, 0x00, 0x00, 0x00, 0x00, 0x00, 0x00, 0x48, 0x03, 0x00, 0x00, 0x00, 0x00, 0x00, 0x00,
        0x00, 0x00, 0x00, 0x00, 0x00, 0x00, 0x00, 0x00, 0x00, 0x00, 0x00, 0x00, 0x4C, 0x04, 0x00, 0x00,
        0x00, 0x00, 0x00, 0x00, 0x00, 0x00, 0x00, 0x00, 0x00, 0x00, 0x00, 0x00, 0x00, 0x00, 0x00, 0x00,
        0x60, 0x04, 0x00, 0x00, 0x00, 0x00, 0x00, 0x00, 0x41, 0xFF, 0xFF, 0xFF, 0xFF, 0x00, 0x00, 0x00,
        0x00, 0x00, 0x00, 0x00, 0x64, 0x05, 0x00, 0x00, 0x00, 0x00, 0x00, 0x00, 0x41, 0xFF, 0xFF, 0xFF,
        0xFF, 0x00, 0x00, 0x00, 0x00, 0x00, 0x00, 0x00, 0x78, 0x05, 0x00, 0x00, 0x00, 0x00, 0x00, 0x00,
        0x00, 0x00, 0x00, 0x00, 0x00, 0x00, 0x00, 0x00, 0x00, 0x00, 0x00, 0x00, 0x08, 0x07, 0x00, 0x00,
        0x00, 0x00, 0x00, 0x00, 0x00, 0x00, 0x00, 0x00, 0x00, 0x00, 0x00, 0x00, 0x6A, 0xFF, 0xFF, 0xFF,
        0x46, 0x4F, 0x62, 0xEA, 0xA8, 0x00, 0x00, 0x00, 0x4F, 0x62, 0x6A, 0x44, 0x78, 0x00, 0x00, 0x00,
        0x4F, 0x74, 0x04, 0x00, 0x05, 0x00, 0x00, 0x00, 0x4F, 0x6E, 0x08, 0x00, 0x4E, 0x4F, 0x53, 0x5F,
        0x32, 0x00, 0x00, 0x00, 0x4F, 0x50, 0x10, 0x00, 0xA7, 0x1F, 0x00, 0x00, 0x20, 0x0E, 0x5B, 0x03,
        0x00, 0x00, 0x00, 0x40, 0xFF, 0xFF, 0xFF, 0xFF, 0x50, 0x41, 0x04, 0x00, 0x81, 0x8B, 0x00, 0x00,
        0x53, 0x41, 0x44, 0x00, 0xFF, 0x00, 0x00, 0x00, 0xFF, 0x00, 0x00, 0x00, 0xFF, 0x00, 0x00, 0x00,
        0xFF, 0x00, 0x00, 0x00, 0x00, 0x00, 0x00, 0x00, 0x00, 0x00, 0x00, 0x00, 0x00, 0x00, 0x00, 0x00,
        0x00, 0x00, 0x9E, 0xC3, 0x00, 0x00, 0xD0, 0xC2, 0x00, 0x00, 0x00, 0xC0, 0x00, 0x00, 0x00, 0x00,
        0x00, 0x00, 0x00, 0x00, 0x00, 0x00, 0x00, 0x00, 0x00, 0x00, 0x80, 0x3F, 0x00, 0x00, 0x80, 0x3F,
        0x00, 0x00, 0x80, 0x3F, 0x00, 0x00, 0x80, 0x3F, 0x53, 0x63, 0x72, 0x70, 0x20, 0x00, 0x00, 0x00,
        0x53, 0x6E, 0x08, 0x00, 0x49, 0x6E, 0x69, 0x74, 0x00, 0x00, 0x00, 0x00, 0x53, 0x68, 0x10, 0x00,
        0xB3, 0x44, 0x17, 0x00, 0x00, 0x00, 0x00, 0x00, 0x00, 0x00, 0x00, 0x00, 0x00, 0x00, 0x00, 0x00,
        0x46, 0x4F, 0x62, 0xEA, 0x34, 0x02, 0x00, 0x00, 0x4F, 0x62, 0x6A, 0x44, 0x94, 0x00, 0x00, 0x00,
        0x4F, 0x74, 0x04, 0x00, 0x01, 0x00, 0x00, 0x00, 0x4F, 0x6E, 0x0C, 0x00, 0x4E, 0x4F, 0x53, 0x5F,
        0x62, 0x61, 0x72, 0x5F, 0x32, 0x5F, 0x32, 0x00, 0x4F, 0x50, 0x10, 0x00, 0x77, 0x1F, 0x00, 0x00,
        0x85, 0x15, 0x79, 0x97, 0x00, 0x00, 0x00, 0x40, 0xFF, 0xFF, 0xFF, 0xFF, 0x50, 0x41, 0x04, 0x00,
        0xA7, 0x1F, 0x00, 0x00, 0x49, 0x66, 0x04, 0x00, 0x00, 0x00, 0x00, 0x00, 0x53, 0x41, 0x54, 0x00,
        0x00, 0x00, 0x00, 0x00, 0xFF, 0x00, 0x00, 0x00, 0x00, 0x00, 0x00, 0x00, 0x96, 0x00, 0x00, 0x00,
        0x00, 0x00, 0x00, 0x00, 0x00, 0x00, 0x00, 0x00, 0x00, 0x00, 0x00, 0x00, 0x00, 0x60, 0x17, 0x44,
        0x08, 0x00, 0xD0, 0xC0, 0x02, 0x00, 0x40, 0xC0, 0x00, 0x00, 0x00, 0x00, 0x00, 0x00, 0x00, 0x00,
        0x00, 0x00, 0x00, 0x00, 0x00, 0x00, 0x80, 0x3F, 0x00, 0x00, 0x80, 0x42, 0x00, 0x00, 0x80, 0x42,
        0x00, 0x00, 0x00, 0x00, 0x00, 0x00, 0x00, 0x00, 0x00, 0x00, 0x00, 0x00, 0x00, 0x00, 0x80, 0x3F,
        0x00, 0x00, 0x80, 0x3F, 0x53, 0x63, 0x72, 0x70, 0x4C, 0x00, 0x00, 0x00, 0x53, 0x6E, 0x08, 0x00,
        0x49, 0x6E, 0x69, 0x74, 0x00, 0x00, 0x00, 0x00, 0x53, 0x68, 0x10, 0x00, 0xB3, 0x44, 0x17, 0x00,
        0x00, 0x00, 0x00, 0x00, 0x00, 0x00, 0x00, 0x00, 0x01, 0x00, 0x00, 0x00, 0x46, 0x49, 0x08, 0x00,
        0x06, 0x10, 0x01, 0x00, 0x00, 0x00, 0x00, 0x00, 0x54, 0x6F, 0x04, 0x00, 0x00, 0x00, 0x00, 0x00,
        0x4B, 0x64, 0x14, 0x00, 0xFF, 0xFF, 0xFF, 0xFF, 0x00, 0x00, 0x00, 0x00, 0xFF, 0x00, 0x00, 0x00,
        0x00, 0x00, 0x00, 0x00, 0x96, 0x00, 0x00, 0x00, 0x53, 0x63, 0x72, 0x70, 0x3C, 0x01, 0x00, 0x00,
        0x53, 0x6E, 0x08, 0x00, 0x42, 0x6C, 0x69, 0x6E, 0x6B, 0x00, 0x00, 0x00, 0x53, 0x68, 0x10, 0x00,
        0x4F, 0x16, 0x80, 0x02, 0x08, 0x07, 0x00, 0x00, 0x00, 0x00, 0x00, 0x00, 0x01, 0x00, 0x00, 0x00,
        0x46, 0x49, 0x08, 0x00, 0x06, 0x10, 0x01, 0x00, 0x08, 0x07, 0x00, 0x00, 0x54, 0x6F, 0x04, 0x00,
        0x00, 0x00, 0x00, 0x00, 0x4B, 0x64, 0x04, 0x01, 0xFF, 0xFF, 0xFF, 0xFF, 0x00, 0x00, 0x00, 0x00,
        0xFF, 0x00, 0x00, 0x00, 0x00, 0x00, 0x00, 0x00, 0x96, 0x00, 0x00, 0x00, 0x00, 0x00, 0x00, 0x00,
        0x00, 0x00, 0x00, 0x00, 0x41, 0xFF, 0xFF, 0xFF, 0xFF, 0x00, 0x00, 0x00, 0x00, 0x00, 0x00, 0x00,
        0x04, 0x01, 0x00, 0x00, 0x00, 0x00, 0x00, 0x00, 0x41, 0xFF, 0xFF, 0xFF, 0xFF, 0x00, 0x00, 0x00,
        0x00, 0x00, 0x00, 0x00, 0x18, 0x01, 0x00, 0x00, 0x00, 0x00, 0x00, 0x00, 0x00, 0x00, 0x00, 0x00,
        0x00, 0x00, 0x00, 0x00, 0x00, 0x00, 0x00, 0x00, 0x1C, 0x02, 0x00, 0x00, 0x00, 0x00, 0x00, 0x00,
        0x00, 0x00, 0x00, 0x00, 0x00, 0x00, 0x00, 0x00, 0x00, 0x00, 0x00, 0x00, 0x30, 0x02, 0x00, 0x00,
        0x00, 0x00, 0x00, 0x00, 0x41, 0xFF, 0xFF, 0xFF, 0xFF, 0x00, 0x00, 0x00, 0x00, 0x00, 0x00, 0x00,
        0x34, 0x03, 0x00, 0x00, 0x00, 0x00, 0x00, 0x00, 0x41, 0xFF, 0xFF, 0xFF, 0xFF, 0x00, 0x00, 0x00,
        0x00, 0x00, 0x00, 0x00, 0x48, 0x03, 0x00, 0x00, 0x00, 0x00, 0x00, 0x00, 0x00, 0x00, 0x00, 0x00,
        0x00, 0x00, 0x00, 0x00, 0x00, 0x00, 0x00, 0x00, 0x4C, 0x04, 0x00, 0x00, 0x00, 0x00, 0x00, 0x00,
        0x00, 0x00, 0x00, 0x00, 0x00, 0x00, 0x00, 0x00, 0x00, 0x00, 0x00, 0x00, 0x60, 0x04, 0x00, 0x00,
        0x00, 0x00, 0x00, 0x00, 0x41, 0xFF, 0xFF, 0xFF, 0xFF, 0x00, 0x00, 0x00, 0x00, 0x00, 0x00, 0x00,
        0x64, 0x05, 0x00, 0x00, 0x00, 0x00, 0x00, 0x00, 0x41, 0xFF, 0xFF, 0xFF, 0xFF, 0x00, 0x00, 0x00,
        0x00, 0x00, 0x00, 0x00, 0x78, 0x05, 0x00, 0x00, 0x00, 0x00, 0x00, 0x00, 0x00, 0x00, 0x00, 0x00,
        0x00, 0x00, 0x00, 0x00, 0x00, 0x00, 0x00, 0x00, 0x08, 0x07, 0x00, 0x00, 0x00, 0x00, 0x00, 0x00,
        0x00, 0x00, 0x00, 0x00, 0x00, 0x00, 0x00, 0x00, 0x6A, 0xFF, 0xFF, 0xFF, 0x46, 0x4F, 0x62, 0xEA,
        0x34, 0x02, 0x00, 0x00, 0x4F, 0x62, 0x6A, 0x44, 0x94, 0x00, 0x00, 0x00, 0x4F, 0x74, 0x04, 0x00,
        0x01, 0x00, 0x00, 0x00, 0x4F, 0x6E, 0x0C, 0x00, 0x4E, 0x4F, 0x53, 0x5F, 0x62, 0x61, 0x72, 0x5F,
        0x32, 0x5F, 0x31, 0x00, 0x4F, 0x50, 0x10, 0x00, 0x7D, 0x1F, 0x00, 0x00, 0x84, 0x15, 0x79, 0x97,
        0x00, 0x00, 0x00, 0x40, 0xFF, 0xFF, 0xFF, 0xFF, 0x50, 0x41, 0x04, 0x00, 0xA7, 0x1F, 0x00, 0x00,
        0x49, 0x66, 0x04, 0x00, 0x00, 0x00, 0x00, 0x00, 0x53, 0x41, 0x54, 0x00, 0x00, 0x00, 0x00, 0x00,
        0xFF, 0x00, 0x00, 0x00, 0x00, 0x00, 0x00, 0x00, 0x96, 0x00, 0x00, 0x00, 0x00, 0x00, 0x00, 0x00,
        0x00, 0x00, 0x00, 0x00, 0x00, 0x00, 0x00, 0x00, 0x00, 0xC0, 0x1C, 0x44, 0x02, 0x00, 0xF8, 0xC1,
        0x01, 0x00, 0x80, 0xC0, 0x00, 0x00, 0x00, 0x00, 0x00, 0x00, 0x00, 0x00, 0x00, 0x00, 0x00, 0x00,
        0x00, 0x00, 0x80, 0x3F, 0x00, 0x00, 0x80, 0x42, 0x00, 0x00, 0x80, 0x42, 0x00, 0x00, 0x00, 0x00,
        0x00, 0x00, 0x00, 0x00, 0x00, 0x00, 0x00, 0x00, 0x00, 0x00, 0x80, 0x3F, 0x00, 0x00, 0x80, 0x3F,
        0x53, 0x63, 0x72, 0x70, 0x4C, 0x00, 0x00, 0x00, 0x53, 0x6E, 0x08, 0x00, 0x49, 0x6E, 0x69, 0x74,
        0x00, 0x00, 0x00, 0x00, 0x53, 0x68, 0x10, 0x00, 0xB3, 0x44, 0x17, 0x00, 0x00, 0x00, 0x00, 0x00,
        0x00, 0x00, 0x00, 0x00, 0x01, 0x00, 0x00, 0x00, 0x46, 0x49, 0x08, 0x00, 0x06, 0x10, 0x01, 0x00,
        0x00, 0x00, 0x00, 0x00, 0x54, 0x6F, 0x04, 0x00, 0x00, 0x00, 0x00, 0x00, 0x4B, 0x64, 0x14, 0x00,
        0xFF, 0xFF, 0xFF, 0xFF, 0x00, 0x00, 0x00, 0x00, 0xFF, 0x00, 0x00, 0x00, 0x00, 0x00, 0x00, 0x00,
        0x96, 0x00, 0x00, 0x00, 0x53, 0x63, 0x72, 0x70, 0x3C, 0x01, 0x00, 0x00, 0x53, 0x6E, 0x08, 0x00,
        0x42, 0x6C, 0x69, 0x6E, 0x6B, 0x00, 0x00, 0x00, 0x53, 0x68, 0x10, 0x00, 0x4F, 0x16, 0x80, 0x02,
        0x08, 0x07, 0x00, 0x00, 0x00, 0x00, 0x00, 0x00, 0x01, 0x00, 0x00, 0x00, 0x46, 0x49, 0x08, 0x00,
        0x06, 0x10, 0x01, 0x00, 0x08, 0x07, 0x00, 0x00, 0x54, 0x6F, 0x04, 0x00, 0x00, 0x00, 0x00, 0x00,
        0x4B, 0x64, 0x04, 0x01, 0xFF, 0xFF, 0xFF, 0xFF, 0x00, 0x00, 0x00, 0x00, 0xFF, 0x00, 0x00, 0x00,
        0x00, 0x00, 0x00, 0x00, 0x96, 0x00, 0x00, 0x00, 0x00, 0x00, 0x00, 0x00, 0x00, 0x00, 0x00, 0x00,
        0x41, 0xFF, 0xFF, 0xFF, 0xFF, 0x00, 0x00, 0x00, 0x00, 0x00, 0x00, 0x00, 0x04, 0x01, 0x00, 0x00,
        0x00, 0x00, 0x00, 0x00, 0x41, 0xFF, 0xFF, 0xFF, 0xFF, 0x00, 0x00, 0x00, 0x00, 0x00, 0x00, 0x00,
        0x18, 0x01, 0x00, 0x00, 0x00, 0x00, 0x00, 0x00, 0x00, 0x00, 0x00, 0x00, 0x00, 0x00, 0x00, 0x00,
        0x00, 0x00, 0x00, 0x00, 0x1C, 0x02, 0x00, 0x00, 0x00, 0x00, 0x00, 0x00, 0x00, 0x00, 0x00, 0x00,
        0x00, 0x00, 0x00, 0x00, 0x00, 0x00, 0x00, 0x00, 0x30, 0x02, 0x00, 0x00, 0x00, 0x00, 0x00, 0x00,
        0x41, 0xFF, 0xFF, 0xFF, 0xFF, 0x00, 0x00, 0x00, 0x00, 0x00, 0x00, 0x00, 0x34, 0x03, 0x00, 0x00,
        0x00, 0x00, 0x00, 0x00, 0x41, 0xFF, 0xFF, 0xFF, 0xFF, 0x00, 0x00, 0x00, 0x00, 0x00, 0x00, 0x00,
        0x48, 0x03, 0x00, 0x00, 0x00, 0x00, 0x00, 0x00, 0x00, 0x00, 0x00, 0x00, 0x00, 0x00, 0x00, 0x00,
        0x00, 0x00, 0x00, 0x00, 0x4C, 0x04, 0x00, 0x00, 0x00, 0x00, 0x00, 0x00, 0x00, 0x00, 0x00, 0x00,
        0x00, 0x00, 0x00, 0x00, 0x00, 0x00, 0x00, 0x00, 0x60, 0x04, 0x00, 0x00, 0x00, 0x00, 0x00, 0x00,
        0x41, 0xFF, 0xFF, 0xFF, 0xFF, 0x00, 0x00, 0x00, 0x00, 0x00, 0x00, 0x00, 0x64, 0x05, 0x00, 0x00,
        0x00, 0x00, 0x00, 0x00, 0x41, 0xFF, 0xFF, 0xFF, 0xFF, 0x00, 0x00, 0x00, 0x00, 0x00, 0x00, 0x00,
        0x78, 0x05, 0x00, 0x00, 0x00, 0x00, 0x00, 0x00, 0x00, 0x00, 0x00, 0x00, 0x00, 0x00, 0x00, 0x00,
        0x00, 0x00, 0x00, 0x00, 0x08, 0x07, 0x00, 0x00, 0x00, 0x00, 0x00, 0x00, 0x00, 0x00, 0x00, 0x00,
        0x00, 0x00, 0x00, 0x00, 0x6A, 0xFF, 0xFF, 0xFF, 0x46, 0x4F, 0x62, 0xEA, 0x9C, 0x01, 0x00, 0x00,
        0x4F, 0x62, 0x6A, 0x44, 0x94, 0x00, 0x00, 0x00, 0x4F, 0x74, 0x04, 0x00, 0x01, 0x00, 0x00, 0x00,
        0x4F, 0x6E, 0x0C, 0x00, 0x53, 0x68, 0x69, 0x66, 0x74, 0x5F, 0x6C, 0x69, 0x67, 0x68, 0x74, 0x00,
        0x4F, 0x50, 0x10, 0x00, 0x14, 0x04, 0x01, 0x00, 0x74, 0x2F, 0xCF, 0x25, 0x00, 0x00, 0x00, 0x40,
        0x1E, 0x00, 0x00, 0x00, 0x50, 0x41, 0x04, 0x00, 0x81, 0x8B, 0x00, 0x00, 0x49, 0x66, 0x04, 0x00,
        0x00, 0x00, 0x00, 0x00, 0x53, 0x41, 0x54, 0x00, 0xFF, 0x00, 0x00, 0x00, 0xFF, 0x00, 0x00, 0x00,
        0xFF, 0x00, 0x00, 0x00, 0xFF, 0x00, 0x00, 0x00, 0x00, 0x00, 0x00, 0x00, 0x00, 0x00, 0x00, 0x00,
        0x00, 0x00, 0x00, 0x00, 0x00, 0x00, 0xC8, 0x42, 0x00, 0x00, 0x58, 0xC2, 0x00, 0x00, 0x20, 0xC1,
        0x00, 0x00, 0x00, 0x00, 0x00, 0x00, 0x00, 0x00, 0x00, 0x00, 0x00, 0x00, 0x00, 0x00, 0x80, 0x3F,
        0x00, 0x00, 0x80, 0x41, 0x00, 0x00, 0x80, 0x41, 0x00, 0x00, 0x00, 0x00, 0x00, 0x00, 0x00, 0x00,
        0x00, 0x00, 0x00, 0x00, 0x00, 0x00, 0x80, 0x3F, 0x00, 0x00, 0x80, 0x3F, 0x53, 0x63, 0x72, 0x70,
        0x54, 0x00, 0x00, 0x00, 0x53, 0x6E, 0x08, 0x00, 0x49, 0x6E, 0x69, 0x74, 0x00, 0x00, 0x00, 0x00,
        0x53, 0x68, 0x10, 0x00, 0xB3, 0x44, 0x17, 0x00, 0x00, 0x00, 0x00, 0x00, 0x00, 0x00, 0x00, 0x00,
        0x01, 0x00, 0x00, 0x00, 0x53, 0x63, 0x04, 0x00, 0x28, 0x6A, 0x82, 0x03, 0x46, 0x49, 0x08, 0x00,
        0x06, 0x10, 0x01, 0x00, 0x00, 0x00, 0x00, 0x00, 0x54, 0x6F, 0x04, 0x00, 0x00, 0x00, 0x00, 0x00,
        0x4B, 0x64, 0x14, 0x00, 0xFF, 0xFF, 0xFF, 0xFF, 0xFF, 0x00, 0x00, 0x00, 0xFF, 0x00, 0x00, 0x00,
        0xFF, 0x00, 0x00, 0x00, 0xFF, 0x00, 0x00, 0x00, 0x53, 0x63, 0x72, 0x70, 0x9C, 0x00, 0x00, 0x00,
        0x53, 0x6E, 0x08, 0x00, 0x50, 0x75, 0x6C, 0x73, 0x65, 0x00, 0x00, 0x00, 0x53, 0x68, 0x10, 0x00,
        0x28, 0x6A, 0x82, 0x03, 0xB0, 0x04, 0x00, 0x00, 0x01, 0x00, 0x00, 0x00, 0x01, 0x00, 0x00, 0x00,
        0x46, 0x49, 0x08, 0x00, 0x06, 0x10, 0x01, 0x01, 0xB0, 0x04, 0x00, 0x00, 0x54, 0x6F, 0x04, 0x00,
        0x00, 0x00, 0x00, 0x00, 0x4B, 0x64, 0x64, 0x00, 0xFF, 0xFF, 0xFF, 0xFF, 0x40, 0xFF, 0xFF, 0xFF,
        0xD1, 0x00, 0x00, 0x00, 0x02, 0x00, 0x00, 0x00, 0xFF, 0x00, 0x00, 0x00, 0x00, 0x00, 0x00, 0x00,
        0xF0, 0x00, 0x00, 0x00, 0xFE, 0xFF, 0xFF, 0xFF, 0x2E, 0x00, 0x00, 0x00, 0x00, 0x00, 0x00, 0x00,
        0x44, 0x02, 0x00, 0x00, 0xF0, 0x00, 0x00, 0x00, 0xFE, 0xFF, 0xFF, 0xFF, 0x2E, 0x00, 0x00, 0x00,
        0x00, 0x00, 0x00, 0x00, 0x58, 0x02, 0x00, 0x00, 0xC0, 0x00, 0x00, 0x00, 0xC1, 0xFF, 0xFF, 0xFF,
        0xC0, 0x00, 0x00, 0x00, 0x01, 0xFF, 0xFF, 0xFF, 0xB0, 0x04, 0x00, 0x00, 0xC0, 0x00, 0x00, 0x00,
        0xC1, 0xFF, 0xFF, 0xFF, 0xC0, 0x00, 0x00, 0x00, 0x01, 0xFF, 0xFF, 0xFF, 0x46, 0x4F, 0x62, 0xEA,
        0xC8, 0x00, 0x00, 0x00, 0x4F, 0x62, 0x6A, 0x44, 0x98, 0x00, 0x00, 0x00, 0x4F, 0x74, 0x04, 0x00,
        0x01, 0x00, 0x00, 0x00, 0x4F, 0x6E, 0x10, 0x00, 0x33, 0x72, 0x64, 0x50, 0x65, 0x72, 0x73, 0x6F,
        0x6E, 0x54, 0x61, 0x63, 0x68, 0x00, 0x00, 0x00, 0x4F, 0x50, 0x10, 0x00, 0x60, 0xC8, 0x0D, 0x00,
        0xDF, 0x99, 0x4C, 0xB8, 0x00, 0x00, 0x00, 0x40, 0x1F, 0x00, 0x00, 0x00, 0x50, 0x41, 0x04, 0x00,
        0x81, 0x8B, 0x00, 0x00, 0x49, 0x66, 0x04, 0x00, 0x00, 0x00, 0x00, 0x00, 0x53, 0x41, 0x54, 0x00,
        0xFF, 0x00, 0x00, 0x00, 0xFF, 0x00, 0x00, 0x00, 0xFF, 0x00, 0x00, 0x00, 0xFF, 0x00, 0x00, 0x00,
        0x00, 0x00, 0x00, 0x00, 0x00, 0x00, 0x00, 0x00, 0x00, 0x00, 0x00, 0x00, 0x00, 0x00, 0x07, 0x43,
        0x00, 0x00, 0x60, 0x41, 0x00, 0x00, 0x00, 0x41, 0x00, 0x00, 0x00, 0x00, 0x00, 0x00, 0x00, 0x00,
        0x00, 0x00, 0x00, 0x00, 0x00, 0x00, 0x80, 0x3F, 0x00, 0x00, 0x80, 0x43, 0x00, 0x00, 0x80, 0x43,
        0x00, 0x00, 0x00, 0x00, 0x00, 0x00, 0x00, 0x00, 0x00, 0x00, 0x00, 0x00, 0x00, 0x00, 0x80, 0x3F,
        0x00, 0x00, 0x80, 0x3F, 0x53, 0x63, 0x72, 0x70, 0x20, 0x00, 0x00, 0x00, 0x53, 0x6E, 0x08, 0x00,
        0x49, 0x6E, 0x69, 0x74, 0x00, 0x00, 0x00, 0x00, 0x53, 0x68, 0x10, 0x00, 0xB3, 0x44, 0x17, 0x00,
        0x00, 0x00, 0x00, 0x00, 0x00, 0x00, 0x00, 0x00, 0x00, 0x00, 0x00, 0x00, 0x46, 0x4F, 0x62, 0xEA,
        0xC8, 0x00, 0x00, 0x00, 0x4F, 0x62, 0x6A, 0x44, 0x98, 0x00, 0x00, 0x00, 0x4F, 0x74, 0x04, 0x00,
        0x01, 0x00, 0x00, 0x00, 0x4F, 0x6E, 0x10, 0x00, 0x54, 0x61, 0x63, 0x68, 0x5F, 0x57, 0x68, 0x69,
        0x74, 0x65, 0x52, 0x69, 0x6E, 0x67, 0x00, 0x00, 0x4F, 0x50, 0x10, 0x00, 0x55, 0xC8, 0x0D, 0x00,
        0xEF, 0xEB, 0xC6, 0x8B, 0x00, 0x00, 0x00, 0x40, 0x20, 0x00, 0x00, 0x00, 0x50, 0x41, 0x04, 0x00,
        0x81, 0x8B, 0x00, 0x00, 0x49, 0x66, 0x04, 0x00, 0x00, 0x00, 0x00, 0x00, 0x53, 0x41, 0x54, 0x00,
        0xFF, 0x00, 0x00, 0x00, 0xFF, 0x00, 0x00, 0x00, 0xFF, 0x00, 0x00, 0x00, 0x1E, 0x00, 0x00, 0x00,
        0x00, 0x00, 0x00, 0x00, 0x00, 0x00, 0x00, 0x00, 0x00, 0x00, 0x00, 0x00, 0x00, 0x00, 0x07, 0x43,
        0x00, 0x00, 0x60, 0x41, 0x00, 0x00, 0x20, 0x41, 0x00, 0x00, 0x00, 0x00, 0x00, 0x00, 0x00, 0x00,
        0x00, 0x00, 0x00, 0x00, 0x00, 0x00, 0x80, 0x3F, 0x00, 0x00, 0x80, 0x43, 0x00, 0x00, 0x80, 0x43,
        0x00, 0x00, 0x00, 0x00, 0x00, 0x00, 0x00, 0x00, 0x00, 0x00, 0x00, 0x00, 0x00, 0x00, 0x80, 0x3F,
        0x00, 0x00, 0x80, 0x3F, 0x53, 0x63, 0x72, 0x70, 0x20, 0x00, 0x00, 0x00, 0x53, 0x6E, 0x08, 0x00,
        0x49, 0x6E, 0x69, 0x74, 0x00, 0x00, 0x00, 0x00, 0x53, 0x68, 0x10, 0x00, 0xB3, 0x44, 0x17, 0x00,
        0x00, 0x00, 0x00, 0x00, 0x00, 0x00, 0x00, 0x00, 0x00, 0x00, 0x00, 0x00, 0x46, 0x4F, 0x62, 0xEA,
        0xC4, 0x00, 0x00, 0x00, 0x4F, 0x62, 0x6A, 0x44, 0x94, 0x00, 0x00, 0x00, 0x4F, 0x74, 0x04, 0x00,
        0x01, 0x00, 0x00, 0x00, 0x4F, 0x6E, 0x0C, 0x00, 0x54, 0x61, 0x63, 0x68, 0x5F, 0x4E, 0x4F, 0x53,
        0x00, 0x00, 0x00, 0x00, 0x4F, 0x50, 0x10, 0x00, 0xC5, 0xC9, 0x0D, 0x00, 0x8E, 0xCA, 0x3C, 0x3E,
        0x00, 0x00, 0x00, 0x40, 0x21, 0x00, 0x00, 0x00, 0x50, 0x41, 0x04, 0x00, 0x81, 0x8B, 0x00, 0x00,
        0x49, 0x66, 0x04, 0x00, 0x00, 0x00, 0x00, 0x00, 0x53, 0x41, 0x54, 0x00, 0x30, 0x00, 0x00, 0x00,
        0xCF, 0x00, 0x00, 0x00, 0x30, 0x00, 0x00, 0x00, 0xFF, 0x00, 0x00, 0x00, 0x00, 0x00, 0x00, 0x00,
        0x00, 0x00, 0x00, 0x00, 0x00, 0x00, 0x00, 0x00, 0x00, 0x00, 0x94, 0x42, 0x00, 0x00, 0x38, 0xC2,
        0x00, 0x00, 0xC0, 0x40, 0x00, 0x00, 0x00, 0x00, 0x00, 0x00, 0x00, 0x00, 0x00, 0x00, 0x00, 0x00,
        0x00, 0x00, 0x80, 0x3F, 0x00, 0x00, 0x80, 0x42, 0x00, 0x00, 0x80, 0x42, 0x00, 0x00, 0x00, 0x00,
        0x00, 0x00, 0x00, 0x00, 0x00, 0x00, 0x00, 0x00, 0x00, 0x00, 0x80, 0x3F, 0x00, 0x00, 0x80, 0x3F,
        0x53, 0x63, 0x72, 0x70, 0x20, 0x00, 0x00, 0x00, 0x53, 0x6E, 0x08, 0x00, 0x49, 0x6E, 0x69, 0x74,
        0x00, 0x00, 0x00, 0x00, 0x53, 0x68, 0x10, 0x00, 0xB3, 0x44, 0x17, 0x00, 0x00, 0x00, 0x00, 0x00,
        0x00, 0x00, 0x00, 0x00, 0x00, 0x00, 0x00, 0x00, 0x46, 0x4F, 0x62, 0xEA, 0xC0, 0x00, 0x00, 0x00,
        0x4F, 0x62, 0x6A, 0x44, 0x90, 0x00, 0x00, 0x00, 0x4F, 0x74, 0x04, 0x00, 0x01, 0x00, 0x00, 0x00,
        0x4F, 0x6E, 0x10, 0x00, 0x4C, 0x42, 0x54, 0x65, 0x78, 0x74, 0x42, 0x61, 0x63, 0x6B, 0x69, 0x6E,
        0x67, 0x5F, 0x31, 0x00, 0x4F, 0x50, 0x10, 0x00, 0x5E, 0x48, 0x00, 0x00, 0x71, 0x7B, 0x3D, 0xFA,
        0x00, 0x00, 0x00, 0x40, 0x00, 0x00, 0x00, 0x00, 0x49, 0x66, 0x04, 0x00, 0x00, 0x00, 0x00, 0x00,
        0x53, 0x41, 0x54, 0x00, 0x00, 0x00, 0x00, 0x00, 0x00, 0x00, 0x00, 0x00, 0x00, 0x00, 0x00, 0x00,
        0xBE, 0x00, 0x00, 0x00, 0x00, 0x00, 0x00, 0x00, 0x00, 0x00, 0x00, 0x00, 0x00, 0x00, 0x00, 0x00,
        0x00, 0x00, 0x0F, 0x43, 0x00, 0x00, 0xFA, 0xC2, 0x00, 0x00, 0xF0, 0x42, 0x00, 0x00, 0x00, 0x00,
        0x00, 0x00, 0x00, 0x00, 0x00, 0x00, 0x00, 0x00, 0x00, 0x00, 0x80, 0x3F, 0x00, 0x00, 0xA4, 0x41,
        0x00, 0x00, 0x90, 0x41, 0x00, 0x00, 0x00, 0x00, 0x00, 0x00, 0x00, 0x00, 0x00, 0x00, 0x00, 0x00,
        0x00, 0x00, 0x80, 0x3F, 0x00, 0x00, 0x80, 0x3F, 0x53, 0x63, 0x72, 0x70, 0x20, 0x00, 0x00, 0x00,
        0x53, 0x6E, 0x08, 0x00, 0x49, 0x6E, 0x69, 0x74, 0x00, 0x00, 0x00, 0x00, 0x53, 0x68, 0x10, 0x00,
        0xB3, 0x44, 0x17, 0x00, 0x00, 0x00, 0x00, 0x00, 0x00, 0x00, 0x00, 0x00, 0x00, 0x00, 0x00, 0x00,
        0x46, 0x4F, 0x62, 0xEA, 0xA4, 0x00, 0x00, 0x00, 0x4F, 0x62, 0x6A, 0x44, 0x74, 0x00, 0x00, 0x00,
        0x4F, 0x74, 0x04, 0x00, 0x05, 0x00, 0x00, 0x00, 0x4F, 0x6E, 0x0C, 0x00, 0x47, 0x72, 0x6F, 0x75,
        0x70, 0x28, 0x33, 0x38, 0x29, 0x00, 0x00, 0x00, 0x4F, 0x50, 0x10, 0x00, 0x20, 0x04, 0x0D, 0x00,
        0x08, 0xAB, 0xCC, 0x84, 0x00, 0x00, 0x00, 0x40, 0xFF, 0xFF, 0xFF, 0xFF, 0x53, 0x41, 0x44, 0x00,
        0xFF, 0x00, 0x00, 0x00, 0xFF, 0x00, 0x00, 0x00, 0xFF, 0x00, 0x00, 0x00, 0xFF, 0x00, 0x00, 0x00,
        0x00, 0x00, 0x00, 0x00, 0x00, 0x00, 0x00, 0x00, 0x00, 0x00, 0x00, 0x00, 0x00, 0x00, 0x04, 0x42,
        0x00, 0x00, 0x40, 0xC1, 0x00, 0x00, 0xE6, 0x42, 0x00, 0x00, 0x00, 0x00, 0x00, 0x00, 0x00, 0x00,
        0x00, 0x00, 0x00, 0x00, 0x00, 0x00, 0x80, 0x3F, 0x00, 0x00, 0x80, 0x3F, 0x00, 0x00, 0x80, 0x3F,
        0x00, 0x00, 0x80, 0x3F, 0x53, 0x63, 0x72, 0x70, 0x20, 0x00, 0x00, 0x00, 0x53, 0x6E, 0x08, 0x00,
        0x49, 0x6E, 0x69, 0x74, 0x00, 0x00, 0x00, 0x00, 0x53, 0x68, 0x10, 0x00, 0xB3, 0x44, 0x17, 0x00,
        0x00, 0x00, 0x00, 0x00, 0x00, 0x00, 0x00, 0x00, 0x00, 0x00, 0x00, 0x00, 0x46, 0x4F, 0x62, 0xEA,
        0x94, 0x04, 0x00, 0x00, 0x4F, 0x62, 0x6A, 0x44, 0x04, 0x01, 0x00, 0x00, 0x4F, 0x74, 0x04, 0x00,
        0x02, 0x00, 0x00, 0x00, 0x4F, 0x6E, 0x10, 0x00, 0x52, 0x61, 0x63, 0x65, 0x4F, 0x76, 0x65, 0x72,
        0x4D, 0x65, 0x73, 0x73, 0x61, 0x67, 0x65, 0x00, 0x4F, 0x50, 0x10, 0x00, 0xF9, 0x1D, 0x00, 0x00,
        0xDB, 0x6D, 0x80, 0xA7, 0x00, 0x00, 0x00, 0x40, 0x0D, 0x00, 0x00, 0x00, 0x53, 0x62, 0x04, 0x00,
        0x1D, 0x00, 0x00, 0x00, 0x53, 0x74, 0x3C, 0x00, 0x52, 0x00, 0x61, 0x00, 0x63, 0x00, 0x65, 0x00,
        0x20, 0x00, 0x4F, 0x00, 0x76, 0x00, 0x65, 0x00, 0x72, 0x00, 0x20, 0x00, 0x4D, 0x00, 0x65, 0x00,
        0x73, 0x00, 0x73, 0x00, 0x61, 0x00, 0x67, 0x00, 0x65, 0x00, 0x20, 0x00, 0x0A, 0x00, 0x47, 0x00,
        0x6F, 0x00, 0x65, 0x00, 0x73, 0x00, 0x20, 0x00, 0x48, 0x00, 0x65, 0x00, 0x72, 0x00, 0x65, 0x00,
        0x00, 0x00, 0x00, 0x00, 0x53, 0x6A, 0x04, 0x00, 0x05, 0x00, 0x00, 0x00, 0x53, 0x6C, 0x04, 0x00,
        0x00, 0x00, 0x00, 0x00, 0x53, 0x77, 0x04, 0x00, 0x00, 0x00, 0x00, 0x00, 0x53, 0x4C, 0x20, 0x00,
        0x52, 0x41, 0x43, 0x45, 0x5F, 0x4F, 0x56, 0x45, 0x52, 0x5F, 0x4D, 0x45, 0x53, 0x53, 0x41, 0x47,
        0x45, 0x5F, 0x5F, 0x47, 0x4F, 0x45, 0x53, 0x5F, 0x48, 0x45, 0x52, 0x45, 0x00, 0x00, 0x00, 0x00,
        0x53, 0x48, 0x04, 0x00, 0x68, 0x7B, 0x84, 0xB2, 0x53, 0x41, 0x44, 0x00, 0x35, 0x00, 0x00, 0x00,
        0x35, 0x00, 0x00, 0x00, 0x35, 0x00, 0x00, 0x00, 0x00, 0x00, 0x00, 0x00, 0x00, 0x00, 0x00, 0x00,
        0x00, 0x00, 0x00, 0x00, 0x00, 0x00, 0x00, 0x00, 0x00, 0x00, 0x00, 0x00, 0x00, 0x00, 0x00, 0x41,
        0x00, 0x00, 0xA0, 0x40, 0x00, 0x00, 0x00, 0x00, 0x00, 0x00, 0x00, 0x00, 0x00, 0x00, 0x00, 0x00,
        0x00, 0x00, 0x80, 0x3F, 0x00, 0x00, 0x40, 0x3F, 0x00, 0x00, 0x40, 0x3F, 0x00, 0x00, 0x80, 0x3F,
        0x53, 0x63, 0x72, 0x70, 0x9C, 0x00, 0x00, 0x00, 0x53, 0x6E, 0x08, 0x00, 0x49, 0x6E, 0x69, 0x74,
        0x00, 0x00, 0x00, 0x00, 0x53, 0x68, 0x10, 0x00, 0xB3, 0x44, 0x17, 0x00, 0x00, 0x00, 0x00, 0x00,
        0x00, 0x00, 0x00, 0x00, 0x03, 0x00, 0x00, 0x00, 0x46, 0x49, 0x08, 0x00, 0x06, 0x10, 0x01, 0x00,
        0x00, 0x00, 0x00, 0x00, 0x54, 0x6F, 0x04, 0x00, 0x00, 0x00, 0x00, 0x00, 0x4B, 0x64, 0x14, 0x00,
        0xFF, 0xFF, 0xFF, 0xFF, 0x35, 0x00, 0x00, 0x00, 0x35, 0x00, 0x00, 0x00, 0x35, 0x00, 0x00, 0x00,
        0x00, 0x00, 0x00, 0x00, 0x46, 0x49, 0x08, 0x00, 0x04, 0x0C, 0x01, 0x00, 0x00, 0x00, 0x00, 0x00,
        0x54, 0x6F, 0x04, 0x00, 0x07, 0x00, 0x00, 0x00, 0x4B, 0x64, 0x10, 0x00, 0xFF, 0xFF, 0xFF, 0xFF,
        0x00, 0x00, 0x00, 0x00, 0x00, 0x00, 0x00, 0x41, 0x00, 0x00, 0xA0, 0x40, 0x46, 0x49, 0x08, 0x00,
        0x04, 0x0C, 0x01, 0x00, 0x00, 0x00, 0x00, 0x00, 0x54, 0x6F, 0x04, 0x00, 0x0E, 0x00, 0x00, 0x00,
        0x4B, 0x64, 0x10, 0x00, 0xFF, 0xFF, 0xFF, 0xFF, 0x00, 0x00, 0x40, 0x3F, 0x00, 0x00, 0x40, 0x3F,
        0x00, 0x00, 0x80, 0x3F, 0x53, 0x63, 0x72, 0x70, 0x30, 0x01, 0x00, 0x00, 0x53, 0x6E, 0x0C, 0x00,
        0x72, 0x61, 0x63, 0x65, 0x6F, 0x76, 0x65, 0x72, 0x00, 0x00, 0x00, 0x00, 0x53, 0x68, 0x10, 0x00,
        0xF6, 0x31, 0x7A, 0x65, 0x58, 0x02, 0x00, 0x00, 0x00, 0x00, 0x00, 0x00, 0x03, 0x00, 0x00, 0x00,
        0x46, 0x49, 0x08, 0x00, 0x06, 0x10, 0x01, 0x00, 0x58, 0x02, 0x00, 0x00, 0x54, 0x6F, 0x04, 0x00,
        0x00, 0x00, 0x00, 0x00, 0x4B, 0x64, 0x64, 0x00, 0xFF, 0xFF, 0xFF, 0xFF, 0xC0, 0x00, 0x00, 0x00,
        0xC0, 0x00, 0x00, 0x00, 0xC0, 0x00, 0x00, 0x00, 0xFA, 0x00, 0x00, 0x00, 0x00, 0x00, 0x00, 0x00,
        0x00, 0x00, 0x00, 0x00, 0x00, 0x00, 0x00, 0x00, 0x00, 0x00, 0x00, 0x00, 0x06, 0xFF, 0xFF, 0xFF,
        0xC8, 0x00, 0x00, 0x00, 0x00, 0x00, 0x00, 0x00, 0x00, 0x00, 0x00, 0x00, 0x00, 0x00, 0x00, 0x00,
        0x00, 0x00, 0x00, 0x00, 0x90, 0x01, 0x00, 0x00, 0x00, 0x00, 0x00, 0x00, 0x00, 0x00, 0x00, 0x00,
        0x00, 0x00, 0x00, 0x00, 0x38, 0xFF, 0xFF, 0xFF, 0x58, 0x02, 0x00, 0x00, 0x00, 0x00, 0x00, 0x00,
        0x00, 0x00, 0x00, 0x00, 0x00, 0x00, 0x00, 0x00, 0x00, 0x00, 0x00, 0x00, 0x46, 0x49, 0x08, 0x00,
        0x04, 0x0C, 0x01, 0x00, 0x58, 0x02, 0x00, 0x00, 0x54, 0x6F, 0x04, 0x00, 0x07, 0x00, 0x00, 0x00,
        0x4B, 0x64, 0x10, 0x00, 0xFF, 0xFF, 0xFF, 0xFF, 0x00, 0x00, 0x00, 0x00, 0x00, 0x00, 0x40, 0x40,
        0x00, 0x00, 0xA0, 0x40, 0x46, 0x49, 0x08, 0x00, 0x04, 0x0C, 0x01, 0x00, 0x58, 0x02, 0x00, 0x00,
        0x54, 0x6F, 0x04, 0x00, 0x0E, 0x00, 0x00, 0x00, 0x4B, 0x64, 0x50, 0x00, 0xFF, 0xFF, 0xFF, 0xFF,
        0x00, 0x00, 0x80, 0x3F, 0x00, 0x00, 0x80, 0x3F, 0x00, 0x00, 0x00, 0x00, 0x00, 0x00, 0x00, 0x00,
        0x9A, 0x99, 0x99, 0xBE, 0x9A, 0x99, 0x99, 0xBE, 0x00, 0x00, 0x00, 0x00, 0xC8, 0x00, 0x00, 0x00,
        0x00, 0x00, 0x00, 0x00, 0x00, 0x00, 0x00, 0x00, 0x00, 0x00, 0x00, 0x00, 0x90, 0x01, 0x00, 0x00,
        0x9A, 0x99, 0x99, 0xBE, 0x9A, 0x99, 0x99, 0xBE, 0x00, 0x00, 0x00, 0x00, 0x58, 0x02, 0x00, 0x00,
        0x00, 0x00, 0x00, 0x00, 0x00, 0x00, 0x00, 0x00, 0x00, 0x00, 0x00, 0x00, 0x53, 0x63, 0x72, 0x70,
        0xA4, 0x01, 0x00, 0x00, 0x53, 0x6E, 0x10, 0x00, 0x72, 0x61, 0x63, 0x65, 0x6F, 0x76, 0x65, 0x72,
        0x5F, 0x62, 0x75, 0x73, 0x74, 0x65, 0x64, 0x00, 0x53, 0x68, 0x10, 0x00, 0x1C, 0xBB, 0x3D, 0x0A,
        0x08, 0x07, 0x00, 0x00, 0x00, 0x00, 0x00, 0x00, 0x03, 0x00, 0x00, 0x00, 0x46, 0x49, 0x08, 0x00,
        0x06, 0x10, 0x01, 0x00, 0x08, 0x07, 0x00, 0x00, 0x54, 0x6F, 0x04, 0x00, 0x00, 0x00, 0x00, 0x00,
        0x4B, 0x64, 0xB4, 0x00, 0xFF, 0xFF, 0xFF, 0xFF, 0x00, 0x00, 0x00, 0x00, 0x00, 0x00, 0x00, 0x00,
        0x00, 0x00, 0x00, 0x00, 0x5E, 0x01, 0x00, 0x00, 0x00, 0x00, 0x00, 0x00, 0xC0, 0x00, 0x00, 0x00,
        0xC0, 0x00, 0x00, 0x00, 0xC0, 0x00, 0x00, 0x00, 0xA2, 0xFE, 0xFF, 0xFF, 0xC8, 0x00, 0x00, 0x00,
        0xC0, 0x00, 0x00, 0x00, 0xC0, 0x00, 0x00, 0x00, 0xC0, 0x00, 0x00, 0x00, 0x9C, 0xFF, 0xFF, 0xFF,
        0x90, 0x01, 0x00, 0x00, 0xC0, 0x00, 0x00, 0x00, 0xC0, 0x00, 0x00, 0x00, 0xC0, 0x00, 0x00, 0x00,
        0xD4, 0xFE, 0xFF, 0xFF, 0x58, 0x02, 0x00, 0x00, 0xC0, 0x00, 0x00, 0x00, 0xC0, 0x00, 0x00, 0x00,
        0xC0, 0x00, 0x00, 0x00, 0x9C, 0xFF, 0xFF, 0xFF, 0x20, 0x03, 0x00, 0x00, 0xC0, 0x00, 0x00, 0x00,
        0xC0, 0x00, 0x00, 0x00, 0xC0, 0x00, 0x00, 0x00, 0xD4, 0xFE, 0xFF, 0xFF, 0xE8, 0x03, 0x00, 0x00,
        0xC0, 0x00, 0x00, 0x00, 0xC0, 0x00, 0x00, 0x00, 0xC0, 0x00, 0x00, 0x00, 0x9C, 0xFF, 0xFF, 0xFF,
        0xB0, 0x04, 0x00, 0x00, 0xC0, 0x00, 0x00, 0x00, 0xC0, 0x00, 0x00, 0x00, 0xC0, 0x00, 0x00, 0x00,
        0x9C, 0xFF, 0xFF, 0xFF, 0x08, 0x07, 0x00, 0x00, 0xC0, 0x00, 0x00, 0x00, 0xC0, 0x00, 0x00, 0x00,
        0xC0, 0x00, 0x00, 0x00, 0x9C, 0xFF, 0xFF, 0xFF, 0x46, 0x49, 0x08, 0x00, 0x04, 0x0C, 0x01, 0x00,
        0x08, 0x07, 0x00, 0x00, 0x54, 0x6F, 0x04, 0x00, 0x07, 0x00, 0x00, 0x00, 0x4B, 0x64, 0x10, 0x00,
        0xFF, 0xFF, 0xFF, 0xFF, 0x00, 0x00, 0x00, 0x00, 0x00, 0x00, 0x40, 0x40, 0x00, 0x00, 0xA0, 0x40,
        0x46, 0x49, 0x08, 0x00, 0x04, 0x0C, 0x01, 0x00, 0x08, 0x07, 0x00, 0x00, 0x54, 0x6F, 0x04, 0x00,
        0x0E, 0x00, 0x00, 0x00, 0x4B, 0x64, 0x70, 0x00, 0xFF, 0xFF, 0xFF, 0xFF, 0x00, 0x00, 0x80, 0x3F,
        0x00, 0x00, 0x80, 0x3F, 0x00, 0x00, 0x00, 0x00, 0x00, 0x00, 0x00, 0x00, 0x9A, 0x99, 0x99, 0xBE,
        0x9A, 0x99, 0x99, 0xBE, 0x00, 0x00, 0x00, 0x00, 0xC8, 0x00, 0x00, 0x00, 0x00, 0x00, 0x00, 0x00,
        0x00, 0x00, 0x00, 0x00, 0x00, 0x00, 0x00, 0x00, 0x90, 0x01, 0x00, 0x00, 0x9A, 0x99, 0x99, 0xBE,
        0x9A, 0x99, 0x99, 0xBE, 0x00, 0x00, 0x00, 0x00, 0x58, 0x02, 0x00, 0x00, 0x00, 0x00, 0x00, 0x00,
        0x00, 0x00, 0x00, 0x00, 0x00, 0x00, 0x00, 0x00, 0x20, 0x03, 0x00, 0x00, 0x9A, 0x99, 0x99, 0xBE,
        0x9A, 0x99, 0x99, 0xBE, 0x00, 0x00, 0x00, 0x00, 0xE8, 0x03, 0x00, 0x00, 0x00, 0x00, 0x00, 0x00,
        0x00, 0x00, 0x00, 0x00, 0x00, 0x00, 0x00, 0x00, 0x46, 0x4F, 0x62, 0xEA, 0x6C, 0x03, 0x00, 0x00,
        0x4F, 0x62, 0x6A, 0x44, 0x90, 0x00, 0x00, 0x00, 0x4F, 0x74, 0x04, 0x00, 0x01, 0x00, 0x00, 0x00,
        0x4F, 0x6E, 0x10, 0x00, 0x52, 0x61, 0x63, 0x65, 0x4F, 0x76, 0x65, 0x72, 0x42, 0x61, 0x63, 0x6B,
        0x69, 0x6E, 0x67, 0x00, 0x4F, 0x50, 0x10, 0x00, 0x59, 0x45, 0x00, 0x00, 0xE5, 0x66, 0x45, 0x4E,
        0x00, 0x00, 0x00, 0x40, 0x00, 0x00, 0x00, 0x00, 0x49, 0x66, 0x04, 0x00, 0x00, 0x00, 0x00, 0x00,
        0x53, 0x41, 0x54, 0x00, 0xC0, 0x00, 0x00, 0x00, 0xC0, 0x00, 0x00, 0x00, 0xC0, 0x00, 0x00, 0x00,
        0x00, 0x00, 0x00, 0x00, 0x00, 0x00, 0x00, 0x00, 0x00, 0x00, 0x00, 0x00, 0x00, 0x00, 0x00, 0x00,
        0x29, 0x5C, 0x4E, 0xC2, 0xD7, 0xA3, 0xA4, 0x41, 0x00, 0x00, 0xC0, 0x40, 0x00, 0x00, 0x00, 0x00,
        0x00, 0x00, 0x00, 0x00, 0x00, 0x00, 0x00, 0x00, 0x00, 0x00, 0x80, 0x3F, 0xEC, 0x81, 0x22, 0x44,
        0x8D, 0xF5, 0x01, 0x43, 0x00, 0x00, 0x00, 0x00, 0x00, 0x00, 0x00, 0x00, 0x00, 0x00, 0x00, 0x00,
        0x00, 0x00, 0x80, 0x3F, 0x00, 0x00, 0x80, 0x3F, 0x53, 0x63, 0x72, 0x70, 0x9C, 0x00, 0x00, 0x00,
        0x53, 0x6E, 0x08, 0x00, 0x49, 0x6E, 0x69, 0x74, 0x00, 0x00, 0x00, 0x00, 0x53, 0x68, 0x10, 0x00,
        0xB3, 0x44, 0x17, 0x00, 0x00, 0x00, 0x00, 0x00, 0x00, 0x00, 0x00, 0x00, 0x03, 0x00, 0x00, 0x00,
        0x46, 0x49, 0x08, 0x00, 0x06, 0x10, 0x01, 0x00, 0x00, 0x00, 0x00, 0x00, 0x54, 0x6F, 0x04, 0x00,
        0x00, 0x00, 0x00, 0x00, 0x4B, 0x64, 0x14, 0x00, 0xFF, 0xFF, 0xFF, 0xFF, 0xC0, 0x00, 0x00, 0x00,
        0xC0, 0x00, 0x00, 0x00, 0xC0, 0x00, 0x00, 0x00, 0x00, 0x00, 0x00, 0x00, 0x46, 0x49, 0x08, 0x00,
        0x04, 0x0C, 0x01, 0x00, 0x00, 0x00, 0x00, 0x00, 0x54, 0x6F, 0x04, 0x00, 0x07, 0x00, 0x00, 0x00,
        0x4B, 0x64, 0x10, 0x00, 0xFF, 0xFF, 0xFF, 0xFF, 0x29, 0x5C, 0x4E, 0xC2, 0xD7, 0xA3, 0xA4, 0x41,
        0x00, 0x00, 0xC0, 0x40, 0x46, 0x49, 0x08, 0x00, 0x04, 0x0C, 0x01, 0x00, 0x00, 0x00, 0x00, 0x00,
        0x54, 0x6F, 0x04, 0x00, 0x0E, 0x00, 0x00, 0x00, 0x4B, 0x64, 0x10, 0x00, 0xFF, 0xFF, 0xFF, 0xFF,
        0xEC, 0x81, 0x22, 0x44, 0x8D, 0xF5, 0x01, 0x43, 0x00, 0x00, 0x00, 0x00, 0x53, 0x63, 0x72, 0x70,
        0x30, 0x01, 0x00, 0x00, 0x53, 0x6E, 0x10, 0x00, 0x72, 0x61, 0x63, 0x65, 0x6F, 0x76, 0x65, 0x72,
        0x5F, 0x62, 0x75, 0x73, 0x74, 0x65, 0x64, 0x00, 0x53, 0x68, 0x10, 0x00, 0x1C, 0xBB, 0x3D, 0x0A,
        0x08, 0x07, 0x00, 0x00, 0x00, 0x00, 0x00, 0x00, 0x03, 0x00, 0x00, 0x00, 0x46, 0x49, 0x08, 0x00,
        0x06, 0x10, 0x01, 0x00, 0x08, 0x07, 0x00, 0x00, 0x54, 0x6F, 0x04, 0x00, 0x00, 0x00, 0x00, 0x00,
        0x4B, 0x64, 0xA0, 0x00, 0xFF, 0xFF, 0xFF, 0xFF, 0x00, 0x00, 0x00, 0x00, 0x00, 0x00, 0x00, 0x00,
        0x80, 0x00, 0x00, 0x00, 0x5E, 0x01, 0x00, 0x00, 0x00, 0x00, 0x00, 0x00, 0x00, 0x00, 0x00, 0x00,
        0x00, 0x00, 0x00, 0x00, 0x00, 0x00, 0x00, 0x00, 0xA7, 0xFE, 0xFF, 0xFF, 0xC8, 0x00, 0x00, 0x00,
        0x00, 0x00, 0x00, 0x00, 0x00, 0x00, 0x00, 0x00, 0x00, 0x00, 0x00, 0x00, 0x9C, 0xFF, 0xFF, 0xFF,
        0x90, 0x01, 0x00, 0x00, 0x00, 0x00, 0x00, 0x00, 0x00, 0x00, 0x00, 0x00, 0x80, 0xFF, 0xFF, 0xFF,
        0x06, 0xFF, 0xFF, 0xFF, 0x58, 0x02, 0x00, 0x00, 0x00, 0x00, 0x00, 0x00, 0x00, 0x00, 0x00, 0x00,
        0x00, 0x00, 0x00, 0x00, 0x9C, 0xFF, 0xFF, 0xFF, 0x20, 0x03, 0x00, 0x00, 0x00, 0x00, 0x00, 0x00,
        0x00, 0x00, 0x00, 0x00, 0x80, 0xFF, 0xFF, 0xFF, 0x06, 0xFF, 0xFF, 0xFF, 0xE8, 0x03, 0x00, 0x00,
        0x00, 0x00, 0x00, 0x00, 0x00, 0x00, 0x00, 0x00, 0x00, 0x00, 0x00, 0x00, 0x9C, 0xFF, 0xFF, 0xFF,
        0x08, 0x07, 0x00, 0x00, 0x00, 0x00, 0x00, 0x00, 0x00, 0x00, 0x00, 0x00, 0x80, 0xFF, 0xFF, 0xFF,
        0xA1, 0xFF, 0xFF, 0xFF, 0x46, 0x49, 0x08, 0x00, 0x04, 0x0C, 0x01, 0x00, 0x08, 0x07, 0x00, 0x00,
        0x54, 0x6F, 0x04, 0x00, 0x07, 0x00, 0x00, 0x00, 0x4B, 0x64, 0x10, 0x00, 0xFF, 0xFF, 0xFF, 0xFF,
        0x00, 0x00, 0x00, 0x00, 0x00, 0x00, 0x00, 0x00, 0x00, 0x00, 0xC0, 0x40, 0x46, 0x49, 0x08, 0x00,
        0x04, 0x0C, 0x01, 0x00, 0x08, 0x07, 0x00, 0x00, 0x54, 0x6F, 0x04, 0x00, 0x0E, 0x00, 0x00, 0x00,
        0x4B, 0x64, 0x10, 0x00, 0xFF, 0xFF, 0xFF, 0xFF, 0x00, 0x00, 0x25, 0x44, 0x00, 0x00, 0xFA, 0x43,
        0x00, 0x00, 0x00, 0x00, 0x53, 0x63, 0x72, 0x70, 0xF0, 0x00, 0x00, 0x00, 0x53, 0x6E, 0x0C, 0x00,
        0x72, 0x61, 0x63, 0x65, 0x6F, 0x76, 0x65, 0x72, 0x00, 0x00, 0x00, 0x00, 0x53, 0x68, 0x10, 0x00,
        0xF6, 0x31, 0x7A, 0x65, 0x58, 0x02, 0x00, 0x00, 0x00, 0x00, 0x00, 0x00, 0x03, 0x00, 0x00, 0x00,
        0x46, 0x49, 0x08, 0x00, 0x06, 0x10, 0x01, 0x00, 0x58, 0x02, 0x00, 0x00, 0x54, 0x6F, 0x04, 0x00,
        0x00, 0x00, 0x00, 0x00, 0x4B, 0x64, 0x64, 0x00, 0xFF, 0xFF, 0xFF, 0xFF, 0x00, 0x00, 0x00, 0x00,
        0x00, 0x00, 0x00, 0x00, 0x80, 0x00, 0x00, 0x00, 0x05, 0x00, 0x00, 0x00, 0x00, 0x00, 0x00, 0x00,
        0x00, 0x00, 0x00, 0x00, 0x00, 0x00, 0x00, 0x00, 0x80, 0xFF, 0xFF, 0xFF, 0xFB, 0xFF, 0xFF, 0xFF,
        0xC8, 0x00, 0x00, 0x00, 0x00, 0x00, 0x00, 0x00, 0x00, 0x00, 0x00, 0x00, 0x80, 0xFF, 0xFF, 0xFF,
        0xC3, 0x00, 0x00, 0x00, 0x90, 0x01, 0x00, 0x00, 0x00, 0x00, 0x00, 0x00, 0x00, 0x00, 0x00, 0x00,
        0x80, 0xFF, 0xFF, 0xFF, 0x2D, 0x00, 0x00, 0x00, 0x58, 0x02, 0x00, 0x00, 0x00, 0x00, 0x00, 0x00,
        0x00, 0x00, 0x00, 0x00, 0x80, 0xFF, 0xFF, 0xFF, 0xF5, 0x00, 0x00, 0x00, 0x46, 0x49, 0x08, 0x00,
        0x04, 0x0C, 0x01, 0x00, 0x58, 0x02, 0x00, 0x00, 0x54, 0x6F, 0x04, 0x00, 0x07, 0x00, 0x00, 0x00,
        0x4B, 0x64, 0x10, 0x00, 0xFF, 0xFF, 0xFF, 0xFF, 0x00, 0x00, 0x00, 0x00, 0x00, 0x00, 0x00, 0x00,
        0x00, 0x00, 0xC0, 0x40, 0x46, 0x49, 0x08, 0x00, 0x04, 0x0C, 0x01, 0x00, 0x58, 0x02, 0x00, 0x00,
        0x54, 0x6F, 0x04, 0x00, 0x0E, 0x00, 0x00, 0x00, 0x4B, 0x64, 0x10, 0x00, 0xFF, 0xFF, 0xFF, 0xFF,
        0x00, 0x00, 0x25, 0x44, 0x00, 0x00, 0xFA, 0x43, 0x00, 0x00, 0x00, 0x00, 0x54, 0x61, 0x72, 0x67,
        0x08, 0x00, 0x00, 0x00, 0x54, 0x63, 0x04, 0x00, 0x00, 0x00, 0x00, 0x00, 0x4D, 0x73, 0x67, 0x4E,
        0x00, 0x00, 0x00, 0x00, 0x45, 0x44, 0x61, 0x74, 0x18, 0x00, 0x00, 0x00, 0x45, 0x47, 0x04, 0x00,
        0xDC, 0xC9, 0x0D, 0x00, 0x45, 0x46, 0x04, 0x00, 0x02, 0x00, 0x00, 0x00, 0x45, 0x4F, 0x04, 0x00,
        0x6E, 0x00, 0x00, 0x00
    };
}
